[Format]      =  4.0
[Frequency]   =  0
[Precision]   =  1e-008
[MinAngle]    =  30
[DoSmartMesh] =  1
[Depth]       =  0.12177361850734576
[LengthUnits] =  meters
[ProblemType] =  planar
[Coordinates] =  cartesian
[ACSolver]    =  0
[PrevType]    =  0
[PrevSoln]    =  ""
[Comment]     =  "Add comments here."
[PointProps]   = 0
[BdryProps]   = 0
[BlockProps]  = 37
  <BeginBlock>
    <BlockName> = "M330-35A"
    <Mu_x> = 1
    <Mu_y> = 1
    <H_c> = 0
    <H_cAngle> = 0
    <J_re> = 0
    <J_im> = 0
    <Sigma> = 0
    <d_lam> = 0
    <Phi_h> = 0
    <Phi_hx> = 0
    <Phi_hy> = 0
    <LamType> = 0
    <LamFill> = 1
    <NStrands> = 0
    <WireD> = 0
    <BHPoints> = 19
      0	0
      0.10000000000000001	33.399999999999999
      0.20000000000000001	43.600000000000001
      0.29999999999999999	50.799999999999997
      0.40000000000000002	57.200000000000003
      0.5	63.600000000000001
      0.59999999999999998	70.400000000000006
      0.69999999999999996	78.099999999999994
      0.80000000000000004	87.200000000000003
      0.90000000000000002	98.700000000000003
      1	114
      1.1000000000000001	136
      1.2	172
      1.3	242
      1.3999999999999999	428
      1.5	1027
      1.6000000000000001	2576
      1.7	5409
      1.8	9677
  <EndBlock>
  <BeginBlock>
    <BlockName> = "Copper"
    <Mu_x> = 1
    <Mu_y> = 1
    <H_c> = 0
    <H_cAngle> = 0
    <J_re> = 0
    <J_im> = 0
    <Sigma> = 58
    <d_lam> = 0
    <Phi_h> = 0
    <Phi_hx> = 0
    <Phi_hy> = 0
    <LamType> = 0
    <LamFill> = 1
    <NStrands> = 0
    <WireD> = 0
    <BHPoints> = 0
  <EndBlock>
  <BeginBlock>
    <BlockName> = "Copper"
    <Mu_x> = 1
    <Mu_y> = 1
    <H_c> = 0
    <H_cAngle> = 0
    <J_re> = 0
    <J_im> = 0
    <Sigma> = 58
    <d_lam> = 0
    <Phi_h> = 0
    <Phi_hx> = 0
    <Phi_hy> = 0
    <LamType> = 0
    <LamFill> = 1
    <NStrands> = 0
    <WireD> = 0
    <BHPoints> = 0
  <EndBlock>
  <BeginBlock>
    <BlockName> = "Copper"
    <Mu_x> = 1
    <Mu_y> = 1
    <H_c> = 0
    <H_cAngle> = 0
    <J_re> = 0
    <J_im> = 0
    <Sigma> = 58
    <d_lam> = 0
    <Phi_h> = 0
    <Phi_hx> = 0
    <Phi_hy> = 0
    <LamType> = 0
    <LamFill> = 1
    <NStrands> = 0
    <WireD> = 0
    <BHPoints> = 0
  <EndBlock>
  <BeginBlock>
    <BlockName> = "Copper"
    <Mu_x> = 1
    <Mu_y> = 1
    <H_c> = 0
    <H_cAngle> = 0
    <J_re> = 0
    <J_im> = 0
    <Sigma> = 58
    <d_lam> = 0
    <Phi_h> = 0
    <Phi_hx> = 0
    <Phi_hy> = 0
    <LamType> = 0
    <LamFill> = 1
    <NStrands> = 0
    <WireD> = 0
    <BHPoints> = 0
  <EndBlock>
  <BeginBlock>
    <BlockName> = "Copper"
    <Mu_x> = 1
    <Mu_y> = 1
    <H_c> = 0
    <H_cAngle> = 0
    <J_re> = 0
    <J_im> = 0
    <Sigma> = 58
    <d_lam> = 0
    <Phi_h> = 0
    <Phi_hx> = 0
    <Phi_hy> = 0
    <LamType> = 0
    <LamFill> = 1
    <NStrands> = 0
    <WireD> = 0
    <BHPoints> = 0
  <EndBlock>
  <BeginBlock>
    <BlockName> = "Copper"
    <Mu_x> = 1
    <Mu_y> = 1
    <H_c> = 0
    <H_cAngle> = 0
    <J_re> = 0
    <J_im> = 0
    <Sigma> = 58
    <d_lam> = 0
    <Phi_h> = 0
    <Phi_hx> = 0
    <Phi_hy> = 0
    <LamType> = 0
    <LamFill> = 1
    <NStrands> = 0
    <WireD> = 0
    <BHPoints> = 0
  <EndBlock>
  <BeginBlock>
    <BlockName> = "Copper"
    <Mu_x> = 1
    <Mu_y> = 1
    <H_c> = 0
    <H_cAngle> = 0
    <J_re> = 0
    <J_im> = 0
    <Sigma> = 58
    <d_lam> = 0
    <Phi_h> = 0
    <Phi_hx> = 0
    <Phi_hy> = 0
    <LamType> = 0
    <LamFill> = 1
    <NStrands> = 0
    <WireD> = 0
    <BHPoints> = 0
  <EndBlock>
  <BeginBlock>
    <BlockName> = "Copper"
    <Mu_x> = 1
    <Mu_y> = 1
    <H_c> = 0
    <H_cAngle> = 0
    <J_re> = 0
    <J_im> = 0
    <Sigma> = 58
    <d_lam> = 0
    <Phi_h> = 0
    <Phi_hx> = 0
    <Phi_hy> = 0
    <LamType> = 0
    <LamFill> = 1
    <NStrands> = 0
    <WireD> = 0
    <BHPoints> = 0
  <EndBlock>
  <BeginBlock>
    <BlockName> = "Copper"
    <Mu_x> = 1
    <Mu_y> = 1
    <H_c> = 0
    <H_cAngle> = 0
    <J_re> = 0
    <J_im> = 0
    <Sigma> = 58
    <d_lam> = 0
    <Phi_h> = 0
    <Phi_hx> = 0
    <Phi_hy> = 0
    <LamType> = 0
    <LamFill> = 1
    <NStrands> = 0
    <WireD> = 0
    <BHPoints> = 0
  <EndBlock>
  <BeginBlock>
    <BlockName> = "Copper"
    <Mu_x> = 1
    <Mu_y> = 1
    <H_c> = 0
    <H_cAngle> = 0
    <J_re> = 0
    <J_im> = 0
    <Sigma> = 58
    <d_lam> = 0
    <Phi_h> = 0
    <Phi_hx> = 0
    <Phi_hy> = 0
    <LamType> = 0
    <LamFill> = 1
    <NStrands> = 0
    <WireD> = 0
    <BHPoints> = 0
  <EndBlock>
  <BeginBlock>
    <BlockName> = "Copper"
    <Mu_x> = 1
    <Mu_y> = 1
    <H_c> = 0
    <H_cAngle> = 0
    <J_re> = 0
    <J_im> = 0
    <Sigma> = 58
    <d_lam> = 0
    <Phi_h> = 0
    <Phi_hx> = 0
    <Phi_hy> = 0
    <LamType> = 0
    <LamFill> = 1
    <NStrands> = 0
    <WireD> = 0
    <BHPoints> = 0
  <EndBlock>
  <BeginBlock>
    <BlockName> = "Copper"
    <Mu_x> = 1
    <Mu_y> = 1
    <H_c> = 0
    <H_cAngle> = 0
    <J_re> = 0
    <J_im> = 0
    <Sigma> = 58
    <d_lam> = 0
    <Phi_h> = 0
    <Phi_hx> = 0
    <Phi_hy> = 0
    <LamType> = 0
    <LamFill> = 1
    <NStrands> = 0
    <WireD> = 0
    <BHPoints> = 0
  <EndBlock>
  <BeginBlock>
    <BlockName> = "Copper"
    <Mu_x> = 1
    <Mu_y> = 1
    <H_c> = 0
    <H_cAngle> = 0
    <J_re> = 0
    <J_im> = 0
    <Sigma> = 58
    <d_lam> = 0
    <Phi_h> = 0
    <Phi_hx> = 0
    <Phi_hy> = 0
    <LamType> = 0
    <LamFill> = 1
    <NStrands> = 0
    <WireD> = 0
    <BHPoints> = 0
  <EndBlock>
  <BeginBlock>
    <BlockName> = "Copper"
    <Mu_x> = 1
    <Mu_y> = 1
    <H_c> = 0
    <H_cAngle> = 0
    <J_re> = 0
    <J_im> = 0
    <Sigma> = 58
    <d_lam> = 0
    <Phi_h> = 0
    <Phi_hx> = 0
    <Phi_hy> = 0
    <LamType> = 0
    <LamFill> = 1
    <NStrands> = 0
    <WireD> = 0
    <BHPoints> = 0
  <EndBlock>
  <BeginBlock>
    <BlockName> = "Copper"
    <Mu_x> = 1
    <Mu_y> = 1
    <H_c> = 0
    <H_cAngle> = 0
    <J_re> = 0
    <J_im> = 0
    <Sigma> = 58
    <d_lam> = 0
    <Phi_h> = 0
    <Phi_hx> = 0
    <Phi_hy> = 0
    <LamType> = 0
    <LamFill> = 1
    <NStrands> = 0
    <WireD> = 0
    <BHPoints> = 0
  <EndBlock>
  <BeginBlock>
    <BlockName> = "Copper"
    <Mu_x> = 1
    <Mu_y> = 1
    <H_c> = 0
    <H_cAngle> = 0
    <J_re> = 0
    <J_im> = 0
    <Sigma> = 58
    <d_lam> = 0
    <Phi_h> = 0
    <Phi_hx> = 0
    <Phi_hy> = 0
    <LamType> = 0
    <LamFill> = 1
    <NStrands> = 0
    <WireD> = 0
    <BHPoints> = 0
  <EndBlock>
  <BeginBlock>
    <BlockName> = "Copper"
    <Mu_x> = 1
    <Mu_y> = 1
    <H_c> = 0
    <H_cAngle> = 0
    <J_re> = 0
    <J_im> = 0
    <Sigma> = 58
    <d_lam> = 0
    <Phi_h> = 0
    <Phi_hx> = 0
    <Phi_hy> = 0
    <LamType> = 0
    <LamFill> = 1
    <NStrands> = 0
    <WireD> = 0
    <BHPoints> = 0
  <EndBlock>
  <BeginBlock>
    <BlockName> = "Copper"
    <Mu_x> = 1
    <Mu_y> = 1
    <H_c> = 0
    <H_cAngle> = 0
    <J_re> = 0
    <J_im> = 0
    <Sigma> = 58
    <d_lam> = 0
    <Phi_h> = 0
    <Phi_hx> = 0
    <Phi_hy> = 0
    <LamType> = 0
    <LamFill> = 1
    <NStrands> = 0
    <WireD> = 0
    <BHPoints> = 0
  <EndBlock>
  <BeginBlock>
    <BlockName> = "Copper"
    <Mu_x> = 1
    <Mu_y> = 1
    <H_c> = 0
    <H_cAngle> = 0
    <J_re> = 0
    <J_im> = 0
    <Sigma> = 58
    <d_lam> = 0
    <Phi_h> = 0
    <Phi_hx> = 0
    <Phi_hy> = 0
    <LamType> = 0
    <LamFill> = 1
    <NStrands> = 0
    <WireD> = 0
    <BHPoints> = 0
  <EndBlock>
  <BeginBlock>
    <BlockName> = "Copper"
    <Mu_x> = 1
    <Mu_y> = 1
    <H_c> = 0
    <H_cAngle> = 0
    <J_re> = 0
    <J_im> = 0
    <Sigma> = 58
    <d_lam> = 0
    <Phi_h> = 0
    <Phi_hx> = 0
    <Phi_hy> = 0
    <LamType> = 0
    <LamFill> = 1
    <NStrands> = 0
    <WireD> = 0
    <BHPoints> = 0
  <EndBlock>
  <BeginBlock>
    <BlockName> = "Copper"
    <Mu_x> = 1
    <Mu_y> = 1
    <H_c> = 0
    <H_cAngle> = 0
    <J_re> = 0
    <J_im> = 0
    <Sigma> = 58
    <d_lam> = 0
    <Phi_h> = 0
    <Phi_hx> = 0
    <Phi_hy> = 0
    <LamType> = 0
    <LamFill> = 1
    <NStrands> = 0
    <WireD> = 0
    <BHPoints> = 0
  <EndBlock>
  <BeginBlock>
    <BlockName> = "Copper"
    <Mu_x> = 1
    <Mu_y> = 1
    <H_c> = 0
    <H_cAngle> = 0
    <J_re> = 0
    <J_im> = 0
    <Sigma> = 58
    <d_lam> = 0
    <Phi_h> = 0
    <Phi_hx> = 0
    <Phi_hy> = 0
    <LamType> = 0
    <LamFill> = 1
    <NStrands> = 0
    <WireD> = 0
    <BHPoints> = 0
  <EndBlock>
  <BeginBlock>
    <BlockName> = "Copper"
    <Mu_x> = 1
    <Mu_y> = 1
    <H_c> = 0
    <H_cAngle> = 0
    <J_re> = 0
    <J_im> = 0
    <Sigma> = 58
    <d_lam> = 0
    <Phi_h> = 0
    <Phi_hx> = 0
    <Phi_hy> = 0
    <LamType> = 0
    <LamFill> = 1
    <NStrands> = 0
    <WireD> = 0
    <BHPoints> = 0
  <EndBlock>
  <BeginBlock>
    <BlockName> = "Copper"
    <Mu_x> = 1
    <Mu_y> = 1
    <H_c> = 0
    <H_cAngle> = 0
    <J_re> = 0
    <J_im> = 0
    <Sigma> = 58
    <d_lam> = 0
    <Phi_h> = 0
    <Phi_hx> = 0
    <Phi_hy> = 0
    <LamType> = 0
    <LamFill> = 1
    <NStrands> = 0
    <WireD> = 0
    <BHPoints> = 0
  <EndBlock>
  <BeginBlock>
    <BlockName> = "Air"
    <Mu_x> = 1
    <Mu_y> = 1
    <H_c> = 0
    <H_cAngle> = 0
    <J_re> = 0
    <J_im> = 0
    <Sigma> = 0
    <d_lam> = 0
    <Phi_h> = 0
    <Phi_hx> = 0
    <Phi_hy> = 0
    <LamType> = 0
    <LamFill> = 1
    <NStrands> = 0
    <WireD> = 0
    <BHPoints> = 0
  <EndBlock>
  <BeginBlock>
    <BlockName> = "Air"
    <Mu_x> = 1
    <Mu_y> = 1
    <H_c> = 0
    <H_cAngle> = 0
    <J_re> = 0
    <J_im> = 0
    <Sigma> = 0
    <d_lam> = 0
    <Phi_h> = 0
    <Phi_hx> = 0
    <Phi_hy> = 0
    <LamType> = 0
    <LamFill> = 1
    <NStrands> = 0
    <WireD> = 0
    <BHPoints> = 0
  <EndBlock>
  <BeginBlock>
    <BlockName> = "416 Stainless Steel"
    <Mu_x> = 440
    <Mu_y> = 440
    <H_c> = 0
    <H_cAngle> = 0
    <J_re> = 0
    <J_im> = 0
    <Sigma> = 0
    <d_lam> = 0
    <Phi_h> = 0
    <Phi_hx> = 0
    <Phi_hy> = 0
    <LamType> = 0
    <LamFill> = 1
    <NStrands> = 0
    <WireD> = 0
    <BHPoints> = 12
      0	0
      0.20039999999999999	318.31
      0.42559999999999998	477.46499999999997
      0.76100000000000001	795.77499999999998
      1.097	1591.55
      1.2330000000000001	2387.3249999999998
      1.335	3978.875
      1.46	7957.75
      1.5900000000000001	15915.5
      1.6899999999999999	31831
      1.724232	44456.279999999999
      1.74	55704.25
  <EndBlock>
  <BeginBlock>
    <BlockName> = "M330-35A"
    <Mu_x> = 1
    <Mu_y> = 1
    <H_c> = 0
    <H_cAngle> = 0
    <J_re> = 0
    <J_im> = 0
    <Sigma> = 0
    <d_lam> = 0
    <Phi_h> = 0
    <Phi_hx> = 0
    <Phi_hy> = 0
    <LamType> = 0
    <LamFill> = 1
    <NStrands> = 0
    <WireD> = 0
    <BHPoints> = 19
      0	0
      0.10000000000000001	33.399999999999999
      0.20000000000000001	43.600000000000001
      0.29999999999999999	50.799999999999997
      0.40000000000000002	57.200000000000003
      0.5	63.600000000000001
      0.59999999999999998	70.400000000000006
      0.69999999999999996	78.099999999999994
      0.80000000000000004	87.200000000000003
      0.90000000000000002	98.700000000000003
      1	114
      1.1000000000000001	136
      1.2	172
      1.3	242
      1.3999999999999999	428
      1.5	1027
      1.6000000000000001	2576
      1.7	5409
      1.8	9677
  <EndBlock>
  <BeginBlock>
    <BlockName> = "Copper"
    <Mu_x> = 1
    <Mu_y> = 1
    <H_c> = 0
    <H_cAngle> = 0
    <J_re> = 0
    <J_im> = 0
    <Sigma> = 58
    <d_lam> = 0
    <Phi_h> = 0
    <Phi_hx> = 0
    <Phi_hy> = 0
    <LamType> = 0
    <LamFill> = 1
    <NStrands> = 0
    <WireD> = 0
    <BHPoints> = 0
  <EndBlock>
  <BeginBlock>
    <BlockName> = "Copper"
    <Mu_x> = 1
    <Mu_y> = 1
    <H_c> = 0
    <H_cAngle> = 0
    <J_re> = 0
    <J_im> = 0
    <Sigma> = 58
    <d_lam> = 0
    <Phi_h> = 0
    <Phi_hx> = 0
    <Phi_hy> = 0
    <LamType> = 0
    <LamFill> = 1
    <NStrands> = 0
    <WireD> = 0
    <BHPoints> = 0
  <EndBlock>
  <BeginBlock>
    <BlockName> = "Copper"
    <Mu_x> = 1
    <Mu_y> = 1
    <H_c> = 0
    <H_cAngle> = 0
    <J_re> = 0
    <J_im> = 0
    <Sigma> = 58
    <d_lam> = 0
    <Phi_h> = 0
    <Phi_hx> = 0
    <Phi_hy> = 0
    <LamType> = 0
    <LamFill> = 1
    <NStrands> = 0
    <WireD> = 0
    <BHPoints> = 0
  <EndBlock>
  <BeginBlock>
    <BlockName> = "Copper"
    <Mu_x> = 1
    <Mu_y> = 1
    <H_c> = 0
    <H_cAngle> = 0
    <J_re> = 0
    <J_im> = 0
    <Sigma> = 58
    <d_lam> = 0
    <Phi_h> = 0
    <Phi_hx> = 0
    <Phi_hy> = 0
    <LamType> = 0
    <LamFill> = 1
    <NStrands> = 0
    <WireD> = 0
    <BHPoints> = 0
  <EndBlock>
  <BeginBlock>
    <BlockName> = "Copper"
    <Mu_x> = 1
    <Mu_y> = 1
    <H_c> = 0
    <H_cAngle> = 0
    <J_re> = 0
    <J_im> = 0
    <Sigma> = 58
    <d_lam> = 0
    <Phi_h> = 0
    <Phi_hx> = 0
    <Phi_hy> = 0
    <LamType> = 0
    <LamFill> = 1
    <NStrands> = 0
    <WireD> = 0
    <BHPoints> = 0
  <EndBlock>
  <BeginBlock>
    <BlockName> = "Copper"
    <Mu_x> = 1
    <Mu_y> = 1
    <H_c> = 0
    <H_cAngle> = 0
    <J_re> = 0
    <J_im> = 0
    <Sigma> = 58
    <d_lam> = 0
    <Phi_h> = 0
    <Phi_hx> = 0
    <Phi_hy> = 0
    <LamType> = 0
    <LamFill> = 1
    <NStrands> = 0
    <WireD> = 0
    <BHPoints> = 0
  <EndBlock>
  <BeginBlock>
    <BlockName> = "Copper"
    <Mu_x> = 1
    <Mu_y> = 1
    <H_c> = 0
    <H_cAngle> = 0
    <J_re> = 0
    <J_im> = 0
    <Sigma> = 58
    <d_lam> = 0
    <Phi_h> = 0
    <Phi_hx> = 0
    <Phi_hy> = 0
    <LamType> = 0
    <LamFill> = 1
    <NStrands> = 0
    <WireD> = 0
    <BHPoints> = 0
  <EndBlock>
  <BeginBlock>
    <BlockName> = "Copper"
    <Mu_x> = 1
    <Mu_y> = 1
    <H_c> = 0
    <H_cAngle> = 0
    <J_re> = 0
    <J_im> = 0
    <Sigma> = 58
    <d_lam> = 0
    <Phi_h> = 0
    <Phi_hx> = 0
    <Phi_hy> = 0
    <LamType> = 0
    <LamFill> = 1
    <NStrands> = 0
    <WireD> = 0
    <BHPoints> = 0
  <EndBlock>
[CircuitProps]  = 4
  <BeginCircuit>
    <CircuitName> = "NavitjeAC1"
    <TotalAmps_re> = 0
    <TotalAmps_im> = 0
    <CircuitType> = 1
  <EndCircuit>
  <BeginCircuit>
    <CircuitName> = "NavitjeAC2"
    <TotalAmps_re> = 83.670222186275041
    <TotalAmps_im> = 0
    <CircuitType> = 1
  <EndCircuit>
  <BeginCircuit>
    <CircuitName> = "NavitjeAC3"
    <TotalAmps_re> = -83.670222186275026
    <TotalAmps_im> = -0
    <CircuitType> = 1
  <EndCircuit>
  <BeginCircuit>
    <CircuitName> = "NavitjeDC"
    <TotalAmps_re> = 6.6399999999999029
    <TotalAmps_im> = 0
    <CircuitType> = 1
  <EndCircuit>
[NumPoints] = 315
-0.013001426001331879	0.11024723169100419	0	0
0.013001426001331879	0.11024723169100419	0	0
-0.013001426001331879	0.11274723169100419	0	0
0.013001426001331879	0.11274723169100419	0	0
-0.011285213600378315	0.11451933481431274	0	0
0.011285213600378315	0.11451933481431274	0	0
-0.011285213600378315	0.15282195036149682	0	0
0.011285213600378315	0.15282195036149682	0	0
-0.019947267268327913	0.15151453739102955	0	0
0.019947267268327913	0.15151453739102955	0	0
-0.014816186267171497	0.11254010777376981	0	0
0.014816186267171497	0.11254010777376981	0	0
0.025086866398438355	0.19055366862132456	0	0
-0.025086866398438355	0.19055366862132456	0	0
-0.041092496384734736	0.10312563170457976	0	0
-0.015975670078189393	0.10985566502985138	0	0
-0.041739543997491038	0.10554044627030244	0	0
-0.016622717690945695	0.11227047959557405	0	0
-0.040540464154210337	0.10769635489876161	0	0
-0.018739105610622229	0.1135380113144174	0	0
-0.050453910535061486	0.14469384047020789	0	0
-0.028652551991473374	0.15053549688586371	0	0
-0.058482428505064965	0.14118907205744274	0	0
-0.043438860192312245	0.10487068541030899	0	0
-0.073550970708268423	0.17756775100960792	0	0
-0.066383181048079026	0.088976190340652517	0	0
-0.043864050642925145	0.10197761634198441	0	0
-0.067633181048079027	0.091141253850113624	0	0
-0.045114050642925146	0.10414267985144551	0	0
-0.067032949072217629	0.093534046373501364	0	0
-0.047486385742095093	0.10481925997387968	0	0
-0.086184256845809659	0.12670508446875156	0	0
-0.06663769351568713	0.13799029806912988	0	0
-0.093032108885964554	0.12124180478911484	0	0
-0.069101247581457553	0.090054499143137512	0	0
-0.11700269791305611	0.15248088461116954	0	0
-0.087149961626390368	0.06876316864511664	0	0
-0.068763168645116626	0.087149961626390382	0	0
-0.088917728579356745	0.070530935598083003	0	0
-0.070530935598083003	0.088917728579356745	0	0
-0.088957249288139376	0.072997547160207052	0	0
-0.072997547160207052	0.088957249288139376	0	0
-0.1160412884787345	0.10008158635080221	0	0
-0.10008158635080218	0.11604128847873453	0	0
-0.12124180478911482	0.093032108885964582	0	0
-0.090054499143137484	0.069101247581457567	0	0
-0.15248088461116954	0.11700269791305613	0	0
-0.10197761634198441	0.043864050642925166	0	0
-0.088976190340652517	0.06638318104807904	0	0
-0.1041426798514455	0.045114050642925167	0	0
-0.09114125385011361	0.067633181048079041	0	0
-0.10481925997387967	0.047486385742095114	0	0
-0.093534046373501351	0.067032949072217657	0	0
-0.13799029806912988	0.066637693515687157	0	0
-0.12670508446875156	0.086184256845809687	0	0
-0.14118907205744274	0.058482428505064993	0	0
-0.10487068541030899	0.043438860192312273	0	0
-0.17756775100960789	0.073550970708268465	0	0
-0.10985566502985138	0.015975670078189393	0	0
-0.10312563170457976	0.041092496384734736	0	0
-0.11227047959557405	0.016622717690945695	0	0
-0.10554044627030244	0.041739543997491038	0	0
-0.1135380113144174	0.018739105610622229	0	0
-0.10769635489876161	0.040540464154210337	0	0
-0.15053549688586371	0.028652551991473374	0	0
-0.14469384047020789	0.050453910535061486	0	0
-0.15151453739102955	0.019947267268327917	0	0
-0.11254010777376981	0.014816186267171499	0	0
-0.19055366862132456	0.025086866398438365	0	0
-0.11024723169100419	-0.013001426001331872	0	0
-0.11024723169100419	0.013001426001331886	0	0
-0.11274723169100419	-0.013001426001331872	0	0
-0.11274723169100419	0.013001426001331886	0	0
-0.11451933481431274	-0.011285213600378308	0	0
-0.11451933481431274	0.011285213600378322	0	0
-0.15282195036149682	-0.011285213600378307	0	0
-0.15282195036149682	0.011285213600378324	0	0
-0.15151453739102955	-0.019947267268327903	0	0
-0.11254010777376981	-0.01481618626717149	0	0
-0.19055366862132456	-0.025086866398438344	0	0
-0.10312563170457976	-0.04109249638473475	0	0
-0.10985566502985138	-0.015975670078189404	0	0
-0.10554044627030244	-0.041739543997491052	0	0
-0.11227047959557405	-0.016622717690945709	0	0
-0.10769635489876161	-0.040540464154210351	0	0
-0.1135380113144174	-0.018739105610622239	0	0
-0.14469384047020789	-0.0504539105350615	0	0
-0.15053549688586371	-0.028652551991473388	0	0
-0.14118907205744274	-0.058482428505064979	0	0
-0.10487068541030899	-0.043438860192312259	0	0
-0.17756775100960792	-0.073550970708268437	0	0
-0.088976190340652531	-0.066383181048078999	0	0
-0.10197761634198439	-0.043864050642925125	0	0
-0.091141253850113638	-0.067633181048079	0	0
-0.1041426798514455	-0.045114050642925126	0	0
-0.093534046373501364	-0.067032949072217615	0	0
-0.10481925997387968	-0.047486385742095072	0	0
-0.12670508446875156	-0.086184256845809645	0	0
-0.13799029806912988	-0.066637693515687116	0	0
-0.12124180478911484	-0.09303210888596454	0	0
-0.090054499143137512	-0.069101247581457526	0	0
-0.15248088461116957	-0.11700269791305608	0	0
-0.06876316864511664	-0.087149961626390368	0	0
-0.087149961626390382	-0.068763168645116626	0	0
-0.070530935598083003	-0.088917728579356745	0	0
-0.088917728579356745	-0.070530935598083003	0	0
-0.072997547160207052	-0.088957249288139376	0	0
-0.088957249288139376	-0.072997547160207052	0	0
-0.10008158635080221	-0.1160412884787345	0	0
-0.11604128847873453	-0.10008158635080218	0	0
-0.093032108885964582	-0.12124180478911482	0	0
-0.069101247581457567	-0.090054499143137484	0	0
-0.11700269791305613	-0.15248088461116954	0	0
-0.043864050642925145	-0.10197761634198441	0	0
-0.066383181048079026	-0.088976190340652517	0	0
-0.045114050642925146	-0.10414267985144551	0	0
-0.067633181048079027	-0.091141253850113624	0	0
-0.047486385742095093	-0.10481925997387968	0	0
-0.067032949072217629	-0.093534046373501364	0	0
-0.06663769351568713	-0.13799029806912988	0	0
-0.086184256845809659	-0.12670508446875156	0	0
-0.058482428505064965	-0.14118907205744274	0	0
-0.043438860192312245	-0.104870685410309	0	0
-0.073550970708268423	-0.17756775100960792	0	0
-0.015975670078189425	-0.10985566502985136	0	0
-0.041092496384734771	-0.10312563170457975	0	0
-0.016622717690945726	-0.11227047959557404	0	0
-0.041739543997491073	-0.10554044627030243	0	0
-0.01873910561062226	-0.11353801131441739	0	0
-0.040540464154210372	-0.1076963548987616	0	0
-0.028652551991473416	-0.15053549688586368	0	0
-0.050453910535061527	-0.14469384047020786	0	0
-0.019947267268327962	-0.15151453739102955	0	0
-0.014816186267171532	-0.11254010777376981	0	0
-0.025086866398438414	-0.19055366862132456	0	0
0.013001426001331865	-0.11024723169100419	0	0
-0.013001426001331893	-0.11024723169100419	0	0
0.013001426001331865	-0.11274723169100419	0	0
-0.013001426001331893	-0.11274723169100419	0	0
0.011285213600378301	-0.11451933481431274	0	0
-0.011285213600378329	-0.11451933481431274	0	0
0.011285213600378296	-0.15282195036149682	0	0
-0.011285213600378334	-0.15282195036149682	0	0
0.019947267268327896	-0.15151453739102955	0	0
0.014816186267171483	-0.11254010777376981	0	0
0.02508686639843833	-0.19055366862132456	0	0
0.041092496384734695	-0.10312563170457979	0	0
0.015975670078189352	-0.10985566502985138	0	0
0.041739543997490997	-0.10554044627030247	0	0
0.01662271769094565	-0.11227047959557405	0	0
0.040540464154210296	-0.10769635489876163	0	0
0.018739105610622184	-0.11353801131441742	0	0
0.050453910535061423	-0.14469384047020792	0	0
0.028652551991473311	-0.15053549688586368	0	0
0.05848242850506491	-0.14118907205744277	0	0
0.043438860192312204	-0.10487068541030901	0	0
0.073550970708268354	-0.17756775100960792	0	0
0.06638318104807904	-0.088976190340652517	0	0
0.043864050642925166	-0.10197761634198441	0	0
0.067633181048079041	-0.09114125385011361	0	0
0.045114050642925167	-0.1041426798514455	0	0
0.067032949072217657	-0.093534046373501351	0	0
0.047486385742095114	-0.10481925997387967	0	0
0.086184256845809687	-0.12670508446875156	0	0
0.066637693515687157	-0.13799029806912988	0	0
0.093032108885964582	-0.12124180478911484	0	0
0.069101247581457567	-0.090054499143137498	0	0
0.11700269791305615	-0.15248088461116951	0	0
0.087149961626390368	-0.068763168645116654	0	0
0.068763168645116626	-0.087149961626390396	0	0
0.088917728579356745	-0.070530935598083017	0	0
0.070530935598083003	-0.088917728579356758	0	0
0.088957249288139376	-0.072997547160207066	0	0
0.072997547160207052	-0.088957249288139389	0	0
0.1160412884787345	-0.10008158635080222	0	0
0.10008158635080218	-0.11604128847873454	0	0
0.12124180478911482	-0.093032108885964596	0	0
0.090054499143137484	-0.069101247581457581	0	0
0.15248088461116954	-0.11700269791305616	0	0
0.10197761634198438	-0.043864050642925201	0	0
0.088976190340652489	-0.066383181048079082	0	0
0.10414267985144547	-0.045114050642925202	0	0
0.091141253850113582	-0.067633181048079083	0	0
0.10481925997387964	-0.047486385742095155	0	0
0.093534046373501323	-0.067032949072217685	0	0
0.13799029806912982	-0.066637693515687213	0	0
0.12670508446875151	-0.086184256845809742	0	0
0.14118907205744272	-0.058482428505065048	0	0
0.10487068541030897	-0.043438860192312308	0	0
0.17756775100960787	-0.07355097070826852	0	0
0.10985566502985138	-0.015975670078189379	0	0
0.10312563170457976	-0.041092496384734722	0	0
0.11227047959557405	-0.016622717690945681	0	0
0.10554044627030244	-0.041739543997491024	0	0
0.1135380113144174	-0.018739105610622215	0	0
0.10769635489876161	-0.040540464154210323	0	0
0.15053549688586371	-0.02865255199147336	0	0
0.14469384047020789	-0.050453910535061472	0	0
0.15151453739102955	-0.019947267268327896	0	0
0.11254010777376981	-0.014816186267171485	0	0
0.19055366862132456	-0.025086866398438344	0	0
0.11024723169100419	0.013001426001331858	0	0
0.11024723169100419	-0.0130014260013319	0	0
0.11274723169100419	0.013001426001331858	0	0
0.11274723169100419	-0.0130014260013319	0	0
0.11451933481431274	0.011285213600378294	0	0
0.11451933481431274	-0.011285213600378336	0	0
0.15282195036149682	0.011285213600378288	0	0
0.15282195036149682	-0.011285213600378343	0	0
0.15151453739102955	0.019947267268327885	0	0
0.11254010777376981	0.014816186267171476	0	0
0.19055366862132456	0.02508686639843832	0	0
0.10312563170457975	0.041092496384734778	0	0
0.10985566502985136	0.015975670078189438	0	0
0.10554044627030243	0.041739543997491087	0	0
0.11227047959557404	0.01662271769094574	0	0
0.1076963548987616	0.040540464154210379	0	0
0.11353801131441739	0.018739105610622274	0	0
0.14469384047020786	0.050453910535061548	0	0
0.15053549688586368	0.028652551991473436	0	0
0.14118907205744274	0.058482428505065021	0	0
0.10487068541030899	0.043438860192312294	0	0
0.17756775100960787	0.073550970708268493	0	0
0.088976190340652517	0.06638318104807904	0	0
0.10197761634198441	0.043864050642925166	0	0
0.09114125385011361	0.067633181048079041	0	0
0.1041426798514455	0.045114050642925167	0	0
0.093534046373501351	0.067032949072217657	0	0
0.10481925997387967	0.047486385742095114	0	0
0.12670508446875156	0.086184256845809687	0	0
0.13799029806912988	0.066637693515687157	0	0
0.12124180478911484	0.093032108885964582	0	0
0.090054499143137498	0.069101247581457567	0	0
0.15248088461116951	0.11700269791305615	0	0
0.068763168645116654	0.087149961626390354	0	0
0.087149961626390396	0.068763168645116612	0	0
0.070530935598083017	0.088917728579356731	0	0
0.088917728579356758	0.070530935598082989	0	0
0.072997547160207066	0.088957249288139362	0	0
0.088957249288139389	0.072997547160207038	0	0
0.10008158635080222	0.11604128847873449	0	0
0.11604128847873454	0.10008158635080217	0	0
0.093032108885964596	0.12124180478911481	0	0
0.069101247581457581	0.09005449914313747	0	0
0.11700269791305616	0.15248088461116951	0	0
0.043864050642925201	0.10197761634198438	0	0
0.066383181048079082	0.088976190340652489	0	0
0.045114050642925202	0.10414267985144547	0	0
0.067633181048079083	0.091141253850113582	0	0
0.047486385742095155	0.10481925997387964	0	0
0.067032949072217685	0.093534046373501323	0	0
0.066637693515687213	0.13799029806912982	0	0
0.086184256845809742	0.12670508446875151	0	0
0.058482428505065048	0.14118907205744272	0	0
0.043438860192312308	0.10487068541030897	0	0
0.07355097070826852	0.17756775100960787	0	0
0.015975670078189386	0.10985566502985138	0	0
0.041092496384734736	0.10312563170457976	0	0
0.016622717690945688	0.11227047959557405	0	0
0.041739543997491038	0.10554044627030244	0	0
0.018739105610622222	0.1135380113144174	0	0
0.040540464154210337	0.10769635489876161	0	0
0.028652551991473367	0.15053549688586371	0	0
0.050453910535061479	0.14469384047020789	0	0
0	0.21141774358788762	0	0
0	-0.21141774358788762	0	0
0	0	0	1
-0.011205092367418165	-0.011205092367418151	0	1
0.011205092367418155	-0.011205092367418169	0	1
0.03527430683298749	-0.05232070042663358	0	1
-0.035274306832987497	-0.05232070042663356	0	1
-0.052320700426633476	-0.052320700426633511	0	1
0.052320700426633525	-0.05232070042663349	0	1
0.035274306832987476	-0.086296116326842504	0	1
-0.035274306832987601	-0.086296116326842587	0	1
0.052220700426633515	-0.086296116326842545	0	1
-0.052220700426633591	-0.086296116326842504	0	1
0.059517711370416275	-0.086296116326842795	0	1
-0.059517711370416206	-0.086296116326842476	0	1
0.052220700426633515	-0.052320700426633573	0	1
-0.052220700426633473	-0.052320700426633455	0	1
0.011205092367418169	0.011205092367418155	0	1
0.05232070042663358	0.03527430683298749	0	1
0.05232070042663356	-0.035274306832987497	0	1
0.05232070042663349	0.052320700426633525	0	1
0.086296116326842504	0.035274306832987483	0	1
0.086296116326842587	-0.035274306832987615	0	1
0.086296116326842545	0.052220700426633515	0	1
0.086296116326842504	-0.052220700426633591	0	1
0.086296116326842795	0.059517711370416275	0	1
0.086296116326842476	-0.059517711370416219	0	1
0.052320700426633573	0.052220700426633515	0	1
0.052320700426633455	-0.052220700426633473	0	1
-0.011205092367418151	0.011205092367418165	0	1
-0.03527430683298749	0.052320700426633594	0	1
0.035274306832987525	0.052320700426633546	0	1
-0.052320700426633497	0.05232070042663349	0	1
-0.035274306832987483	0.086296116326842504	0	1
0.035274306832987615	0.086296116326842587	0	1
-0.052220700426633487	0.086296116326842531	0	1
0.052220700426633612	0.086296116326842462	0	1
-0.059517711370416261	0.086296116326842781	0	1
0.059517711370416233	0.08629611632684249	0	1
-0.052220700426633522	0.052320700426633553	0	1
0.052220700426633501	0.052320700426633462	0	1
-0.052320700426633594	-0.03527430683298749	0	1
-0.052320700426633546	0.035274306832987525	0	1
-0.086296116326842504	-0.035274306832987483	0	1
-0.086296116326842587	0.035274306832987615	0	1
-0.086296116326842573	-0.052220700426633522	0	1
-0.086296116326842476	0.052220700426633591	0	1
-0.086296116326842781	-0.059517711370416261	0	1
-0.08629611632684249	0.059517711370416233	0	1
-0.052320700426633553	-0.052220700426633522	0	1
-0.052320700426633462	0.052220700426633501	0	1
[NumSegments] = 296
0	2	-1	0	0	0
1	3	-1	0	0	0
2	4	-1	0	0	0
3	5	-1	0	0	0
4	6	-1	0	0	0
5	7	-1	0	0	0
6	8	-1	0	0	0
7	9	-1	0	0	0
2	10	-1	0	0	0
3	11	-1	0	0	0
14	16	-1	0	0	0
15	17	-1	0	0	0
16	18	-1	0	0	0
17	19	-1	0	0	0
18	20	-1	0	0	0
19	21	-1	0	0	0
20	22	-1	0	0	0
21	8	-1	0	0	0
16	23	-1	0	0	0
17	10	-1	0	0	0
25	27	-1	0	0	0
26	28	-1	0	0	0
27	29	-1	0	0	0
28	30	-1	0	0	0
29	31	-1	0	0	0
30	32	-1	0	0	0
31	33	-1	0	0	0
32	22	-1	0	0	0
27	34	-1	0	0	0
28	23	-1	0	0	0
36	38	-1	0	0	0
37	39	-1	0	0	0
38	40	-1	0	0	0
39	41	-1	0	0	0
40	42	-1	0	0	0
41	43	-1	0	0	0
42	44	-1	0	0	0
43	33	-1	0	0	0
38	45	-1	0	0	0
39	34	-1	0	0	0
47	49	-1	0	0	0
48	50	-1	0	0	0
49	51	-1	0	0	0
50	52	-1	0	0	0
51	53	-1	0	0	0
52	54	-1	0	0	0
53	55	-1	0	0	0
54	44	-1	0	0	0
49	56	-1	0	0	0
50	45	-1	0	0	0
58	60	-1	0	0	0
59	61	-1	0	0	0
60	62	-1	0	0	0
61	63	-1	0	0	0
62	64	-1	0	0	0
63	65	-1	0	0	0
64	66	-1	0	0	0
65	55	-1	0	0	0
60	67	-1	0	0	0
61	56	-1	0	0	0
69	71	-1	0	0	0
70	72	-1	0	0	0
71	73	-1	0	0	0
72	74	-1	0	0	0
73	75	-1	0	0	0
74	76	-1	0	0	0
75	77	-1	0	0	0
76	66	-1	0	0	0
71	78	-1	0	0	0
72	67	-1	0	0	0
80	82	-1	0	0	0
81	83	-1	0	0	0
82	84	-1	0	0	0
83	85	-1	0	0	0
84	86	-1	0	0	0
85	87	-1	0	0	0
86	88	-1	0	0	0
87	77	-1	0	0	0
82	89	-1	0	0	0
83	78	-1	0	0	0
91	93	-1	0	0	0
92	94	-1	0	0	0
93	95	-1	0	0	0
94	96	-1	0	0	0
95	97	-1	0	0	0
96	98	-1	0	0	0
97	99	-1	0	0	0
98	88	-1	0	0	0
93	100	-1	0	0	0
94	89	-1	0	0	0
102	104	-1	0	0	0
103	105	-1	0	0	0
104	106	-1	0	0	0
105	107	-1	0	0	0
106	108	-1	0	0	0
107	109	-1	0	0	0
108	110	-1	0	0	0
109	99	-1	0	0	0
104	111	-1	0	0	0
105	100	-1	0	0	0
113	115	-1	0	0	0
114	116	-1	0	0	0
115	117	-1	0	0	0
116	118	-1	0	0	0
117	119	-1	0	0	0
118	120	-1	0	0	0
119	121	-1	0	0	0
120	110	-1	0	0	0
115	122	-1	0	0	0
116	111	-1	0	0	0
124	126	-1	0	0	0
125	127	-1	0	0	0
126	128	-1	0	0	0
127	129	-1	0	0	0
128	130	-1	0	0	0
129	131	-1	0	0	0
130	132	-1	0	0	0
131	121	-1	0	0	0
126	133	-1	0	0	0
127	122	-1	0	0	0
135	137	-1	0	0	0
136	138	-1	0	0	0
137	139	-1	0	0	0
138	140	-1	0	0	0
139	141	-1	0	0	0
140	142	-1	0	0	0
141	143	-1	0	0	0
142	132	-1	0	0	0
137	144	-1	0	0	0
138	133	-1	0	0	0
146	148	-1	0	0	0
147	149	-1	0	0	0
148	150	-1	0	0	0
149	151	-1	0	0	0
150	152	-1	0	0	0
151	153	-1	0	0	0
152	154	-1	0	0	0
153	143	-1	0	0	0
148	155	-1	0	0	0
149	144	-1	0	0	0
157	159	-1	0	0	0
158	160	-1	0	0	0
159	161	-1	0	0	0
160	162	-1	0	0	0
161	163	-1	0	0	0
162	164	-1	0	0	0
163	165	-1	0	0	0
164	154	-1	0	0	0
159	166	-1	0	0	0
160	155	-1	0	0	0
168	170	-1	0	0	0
169	171	-1	0	0	0
170	172	-1	0	0	0
171	173	-1	0	0	0
172	174	-1	0	0	0
173	175	-1	0	0	0
174	176	-1	0	0	0
175	165	-1	0	0	0
170	177	-1	0	0	0
171	166	-1	0	0	0
179	181	-1	0	0	0
180	182	-1	0	0	0
181	183	-1	0	0	0
182	184	-1	0	0	0
183	185	-1	0	0	0
184	186	-1	0	0	0
185	187	-1	0	0	0
186	176	-1	0	0	0
181	188	-1	0	0	0
182	177	-1	0	0	0
190	192	-1	0	0	0
191	193	-1	0	0	0
192	194	-1	0	0	0
193	195	-1	0	0	0
194	196	-1	0	0	0
195	197	-1	0	0	0
196	198	-1	0	0	0
197	187	-1	0	0	0
192	199	-1	0	0	0
193	188	-1	0	0	0
201	203	-1	0	0	0
202	204	-1	0	0	0
203	205	-1	0	0	0
204	206	-1	0	0	0
205	207	-1	0	0	0
206	208	-1	0	0	0
207	209	-1	0	0	0
208	198	-1	0	0	0
203	210	-1	0	0	0
204	199	-1	0	0	0
212	214	-1	0	0	0
213	215	-1	0	0	0
214	216	-1	0	0	0
215	217	-1	0	0	0
216	218	-1	0	0	0
217	219	-1	0	0	0
218	220	-1	0	0	0
219	209	-1	0	0	0
214	221	-1	0	0	0
215	210	-1	0	0	0
223	225	-1	0	0	0
224	226	-1	0	0	0
225	227	-1	0	0	0
226	228	-1	0	0	0
227	229	-1	0	0	0
228	230	-1	0	0	0
229	231	-1	0	0	0
230	220	-1	0	0	0
225	232	-1	0	0	0
226	221	-1	0	0	0
234	236	-1	0	0	0
235	237	-1	0	0	0
236	238	-1	0	0	0
237	239	-1	0	0	0
238	240	-1	0	0	0
239	241	-1	0	0	0
240	242	-1	0	0	0
241	231	-1	0	0	0
236	243	-1	0	0	0
237	232	-1	0	0	0
245	247	-1	0	0	0
246	248	-1	0	0	0
247	249	-1	0	0	0
248	250	-1	0	0	0
249	251	-1	0	0	0
250	252	-1	0	0	0
251	253	-1	0	0	0
252	242	-1	0	0	0
247	254	-1	0	0	0
248	243	-1	0	0	0
256	258	-1	0	0	0
257	259	-1	0	0	0
258	260	-1	0	0	0
259	261	-1	0	0	0
260	262	-1	0	0	0
261	263	-1	0	0	0
262	9	-1	0	0	0
263	253	-1	0	0	0
258	11	-1	0	0	0
259	254	-1	0	0	0
266	267	-1	0	0	1
266	268	-1	0	0	1
272	279	-1	0	0	1
271	280	-1	0	0	1
272	268	-1	0	0	1
271	267	-1	0	0	1
269	273	-1	0	0	1
270	274	-1	0	0	1
273	275	-1	0	0	1
274	276	-1	0	0	1
277	275	-1	0	0	1
278	276	-1	0	0	1
279	269	-1	0	0	1
275	279	-1	0	0	1
280	270	-1	0	0	1
276	280	-1	0	0	1
266	281	-1	0	0	1
284	291	-1	0	0	1
272	292	-1	0	0	1
284	281	-1	0	0	1
282	285	-1	0	0	1
283	286	-1	0	0	1
285	287	-1	0	0	1
286	288	-1	0	0	1
289	287	-1	0	0	1
290	288	-1	0	0	1
291	282	-1	0	0	1
287	291	-1	0	0	1
292	283	-1	0	0	1
288	292	-1	0	0	1
266	293	-1	0	0	1
296	303	-1	0	0	1
284	304	-1	0	0	1
296	293	-1	0	0	1
294	297	-1	0	0	1
295	298	-1	0	0	1
297	299	-1	0	0	1
298	300	-1	0	0	1
301	299	-1	0	0	1
302	300	-1	0	0	1
303	294	-1	0	0	1
299	303	-1	0	0	1
304	295	-1	0	0	1
300	304	-1	0	0	1
271	313	-1	0	0	1
296	314	-1	0	0	1
305	307	-1	0	0	1
306	308	-1	0	0	1
307	309	-1	0	0	1
308	310	-1	0	0	1
311	309	-1	0	0	1
312	310	-1	0	0	1
313	305	-1	0	0	1
309	313	-1	0	0	1
314	306	-1	0	0	1
310	314	-1	0	0	1
[NumArcSegments] = 58
1	0	13.451621817698886	5	0	0	0	5
12	13	15	5	0	0	0	5
15	14	13.451621817698886	5	0	0	0	5
13	24	15	5	0	0	0	5
26	25	13.451621817698886	5	0	0	0	5
24	35	15	5	0	0	0	5
37	36	13.451621817698886	5	0	0	0	5
35	46	15	5	0	0	0	5
48	47	13.451621817698886	5	0	0	0	5
46	57	15	5	0	0	0	5
59	58	13.451621817698886	5	0	0	0	5
57	68	15	5	0	0	0	5
70	69	13.451621817698886	5	0	0	0	5
68	79	15	5	0	0	0	5
81	80	13.451621817698886	5	0	0	0	5
79	90	15	5	0	0	0	5
92	91	13.451621817698886	5	0	0	0	5
90	101	15	5	0	0	0	5
103	102	13.451621817698886	5	0	0	0	5
101	112	15	5	0	0	0	5
114	113	13.451621817698886	5	0	0	0	5
112	123	15	5	0	0	0	5
125	124	13.451621817698886	5	0	0	0	5
123	134	15	5	0	0	0	5
136	135	13.451621817698886	5	0	0	0	5
134	145	15	5	0	0	0	5
147	146	13.451621817698886	5	0	0	0	5
145	156	15	5	0	0	0	5
158	157	13.451621817698886	5	0	0	0	5
156	167	15	5	0	0	0	5
169	168	13.451621817698886	5	0	0	0	5
167	178	15	5	0	0	0	5
180	179	13.451621817698886	5	0	0	0	5
178	189	15	5	0	0	0	5
191	190	13.451621817698886	5	0	0	0	5
189	200	15	5	0	0	0	5
202	201	13.451621817698886	5	0	0	0	5
200	211	15	5	0	0	0	5
213	212	13.451621817698886	5	0	0	0	5
211	222	15	5	0	0	0	5
224	223	13.451621817698886	5	0	0	0	5
222	233	15	5	0	0	0	5
235	234	13.451621817698886	5	0	0	0	5
233	244	15	5	0	0	0	5
246	245	13.451621817698886	5	0	0	0	5
244	255	15	5	0	0	0	5
257	256	13.451621817698886	5	0	0	0	5
255	12	15	5	0	0	0	5
264	265	180	5	0	0	0	5
265	264	180	5	0	0	0	5
267	268	90	5	0	0	1	5
278	277	83.340801500505265	5	0	0	1	5
268	281	90	5	0	0	1	5
290	289	83.340801500505265	5	0	0	1	5
281	293	90	5	0	0	1	5
302	301	83.340801500505265	5	0	0	1	5
293	267	90	5	0	0	1	5
312	311	83.340801500505265	5	0	0	1	5
[NumHoles] = 0
[NumBlockLabels] = 43
0	0.17250994953887913	29	-1	0	0	0	1	0
0.017297596293181866	0.13064112207672959	37	-1	1	0	0	19	0
-0.13064112207672959	0.017297596293181894	37	-1	1	0	0	-19	0
-0.017104215474714579	0.1306665811444663	37	-1	1	0	0	19	0
-0.1306665811444663	-0.017104215474714572	37	-1	1	0	0	-19	0
-0.017297596293181901	-0.13064112207672959	37	-1	1	0	0	19	0
0.13064112207672959	-0.017297596293181845	37	-1	1	0	0	-19	0
0.017104215474714562	-0.1306665811444663	37	-1	1	0	0	19	0
0.1306665811444663	0.017104215474714555	37	-1	1	0	0	-19	0
-0.050340403224061761	0.12178732864394283	37	-1	2	0	0	-19	0
-0.12178732864394283	-0.05034040322406174	37	-1	2	0	0	19	0
-0.08014597568513887	0.10460847095941127	37	-1	2	0	0	-19	0
-0.10460847095941127	-0.080145975685138857	37	-1	2	0	0	19	0
0.050340403224061768	-0.12178732864394283	37	-1	2	0	0	-19	0
0.12178732864394284	0.050340403224061706	37	-1	2	0	0	19	0
0.080145975685138857	-0.10460847095941128	37	-1	2	0	0	-19	0
0.10460847095941132	0.080145975685138815	37	-1	2	0	0	19	0
-0.10448973235076095	0.080300718852667832	37	-1	3	0	0	19	0
-0.080300718852667832	-0.10448973235076095	37	-1	3	0	0	-19	0
-0.12171268643412583	0.050520605459327433	37	-1	3	0	0	19	0
-0.050520605459327461	-0.12171268643412582	37	-1	3	0	0	-19	0
0.10448973235076095	-0.080300718852667846	37	-1	3	0	0	19	0
0.080300718852667846	0.10448973235076094	37	-1	3	0	0	-19	0
0.12171268643412583	-0.050520605459327475	37	-1	3	0	0	19	0
0.050520605459327475	0.12171268643412581	37	-1	3	0	0	-19	0
0	0.10946259817709497	27	-1	0	0	0	1	0
0	0.19426276705004922	27	-1	0	0	0	1	0
-8.9446679230054116e-019	-0.0079231967968230125	28	-1	0	0	1	1	0
-1.3877787807814457e-017	-0.017911211927433786	29	-1	0	0	1	1	0
0.0079231967968230108	-1.4365678785432934e-018	28	-1	0	0	1	1	0
0.017911211927433786	-1.3877787807814457e-017	29	-1	0	0	1	1	0
-1.8973538018496328e-018	0.007923196796823009	28	-1	0	0	1	1	0
1.5612511283791264e-017	0.017911211927433786	29	-1	0	0	1	1	0
-0.0079231967968230125	4.6078592330633938e-019	28	-1	0	0	1	1	0
-0.017911211927433786	1.5612511283791264e-017	29	-1	0	0	1	1	0
-0.04374750362981053	-0.069308408376737962	37	-1	4	0	1	239	0
0.043747503629810433	-0.069308408376737921	37	-1	4	0	1	-239	0
0.069308408376737962	-0.04374750362981053	37	-1	4	0	1	-239	0
0.069308408376737921	0.043747503629810433	37	-1	4	0	1	239	0
0.04374750362981053	0.069308408376737962	37	-1	4	0	1	239	0
-0.043747503629810433	0.069308408376737921	37	-1	4	0	1	-239	0
-0.069308408376737893	0.043747503629810551	37	-1	4	0	1	-239	0
-0.069308408376737948	-0.043747503629810447	37	-1	4	0	1	239	0
[Solution]
4664
0	0.21141774358788762	-0.0012008232502048121	-1	
-0.01842627047243629	0.21061323524477377	-0.0017417306555868753	-1	
0.018426270472436394	0.21061323524477393	-0.00065968959472873152	-1	
-0.0083835567758775934	0.19201501885666211	-0.0014718583728585159	-1	
0.0083835567758775882	0.19201501885666211	-0.00092998273367835905	-1	
-0.03671230590049103	0.20820583300969875	-0.0022812835538291091	-1	
-0.025086866398438358	0.19055366862132456	-0.0020127679945762451	-1	
0.036712305900491148	0.20820583300969889	-0.00011991593803723993	-1	
0.025086866398438358	0.19055366862132456	-0.00038822667586035703	-1	
-0.014907530310983276	0.17706418135336019	-0.0092439843661693728	-1	
0.00053034556313223506	0.17513855747003182	-0.0037706000667498542	-1	
0.017871558407212763	0.17936823118337203	0.0061444178209565286	-1	
-0.054718938513146645	0.20421385866730069	-0.002816800605365339	-1	
-0.041599249819842921	0.18764208990832779	-0.0025532704778141882	-1	
-0.041444470968904711	0.17096093340618515	-0.021854889285488496	-1	
-0.02586987267298653	0.16498457777231795	-0.024053422442893376	-1	
0.054718938513146777	0.20421385866730085	0.00041413289612462351	-1	
0.041599249819842948	0.18764208990832779	0.0001533189078077235	-1	
0.040403396187509377	0.17522702767385021	0.017528026606755044	-1	
0.02853288582850216	0.17139886623359984	0.018941181134773034	-1	
-0.016930836919580965	0.16087789076210657	-0.019664449407166652	-1	
-0.0072419884988700967	0.1616616564140293	-0.013274109389814019	-1	
0.0022741825169007579	0.15967909203544078	0.0024669489955016521	-1	
0.017712772738026357	0.16605848035182538	0.014216943516130032	-1	
-0.072309126963518794	0.19866769355274527	-0.0033351508451544359	-1	
-0.057795037831804688	0.18330244158973696	-0.003095096472157183	-1	
-0.060227150873302174	0.16717251292001628	-0.026954360814528171	-1	
-0.040552151309805815	0.15430294119920956	-0.043348036495817442	-1	
-0.02865255199147337	0.15053549688586371	-0.02279048601034226	-1	
-0.019947267268327913	0.15151453739102955	-0.022534634350477069	-1	
0.072309126963518933	0.19866769355274541	0.0009326713759522428	-1	
0.057795037831804744	0.18330244158973696	0.00068828784997629745	-1	
0.048544244030524049	0.16648389810521383	0.028603410957686058	-1	
0.0373291539137647	0.16313931198236248	0.03305410915765819	-1	
0.025284329423844339	0.15977813261034274	0.020692560404448179	-1	
-0.011285213600378314	0.15282195036149682	-0.022252976035160906	-1	
-0.0030732603052498284	0.14706347493809752	-0.0071949245027871159	-1	
0.0057910664781954026	0.14891570036149682	0.0095347545760491956	-1	
0.011285213600378314	0.15282195036149682	0.019871672553015651	-1	
0.019947267268327913	0.15151453739102955	0.020116502520118068	-1	
-0.08934899929625395	0.1916095473314203	-0.0038191895220728959	-1	
-0.073550970708268423	0.17756775100960792	-0.0036047177211935792	-1	
-0.057992194706467784	0.15101408652171783	-0.052469003498883449	-1	
-0.067689529013321426	0.15266724886753305	-0.042377382321098223	-1	
-0.050453910535061486	0.14469384047020789	-0.063077422186084323	-1	
-0.032902560264561884	0.14443998741083847	-0.032834716457470346	-1	
-0.040124600632463203	0.14070919050905775	-0.046919942700379275	-1	
-0.022446786374106496	0.14602657131872177	-0.022607054629753254	-1	
-0.026174190396260587	0.14128612549300212	-0.022657264394852935	-1	
-0.016125343141649096	0.14684706588302007	-0.022466043502919471	-1	
0.089348999296254117	0.19160954733142041	0.0014257270281541291	-1	
0.07355097070826852	0.17756775100960787	0.0011989735194982952	-1	
0.06022715087330241	0.16717251292001631	0.023003242742003594	-1	
0.057992194706467839	0.15101408652171788	0.047794450048814482	-1	
0.046795008751873708	0.15491217919227232	0.046464599447236375	-1	
0.040441624149186929	0.15099021115985142	0.039840754844719273	-1	
0.028652551991473367	0.15053549688586371	0.020313396811655955	-1	
-0.011285213600378314	0.1432462964747008	-0.022416602267971871	-1	
0.0058543796639407598	0.1421747484180988	0.0097691644902342927	-1	
-0.0058947688187626305	0.13845846953130281	-0.012293610837650753	-1	
0.011285213600378314	0.14500945036149682	0.01998056511976189	-1	
0.02663052820160992	0.14298920136798035	0.02026466809254545	-1	
0.01871766072310236	0.14217474841809882	0.020141287480082485	-1	
-0.10570887179394378	0.18309313675789529	-0.0042531741352652202	-1	
-0.088747136286351877	0.17048166262595621	-0.004076714468256905	-1	
-0.058482428505064965	0.14118907205744274	-0.063358038206355952	-1	
-0.06663769351568713	0.13799029806912988	-0.063395166887447799	-1	
-0.082725525170680284	0.14390097664602533	-0.04760901553977654	-1	
-0.048431886745198029	0.13714754495232453	-0.063186410494802517	-1	
-0.032886762050963476	0.13700913574377566	-0.036208322856546626	-1	
-0.039515469058021231	0.13260328702314389	-0.049717302276368718	-1	
-0.021391810505163783	0.14008919872750755	-0.022599567253313916	-1	
-0.024935009598654193	0.13666143979657133	-0.022658796005659867	-1	
-0.015449938465779821	0.14085238300300182	-0.022500273517458862	-1	
0.10570887179394395	0.18309313675789535	0.0018767934774287472	-1	
0.088747136286351946	0.17048166262595618	0.0016885968302311899	-1	
0.06768952901332155	0.15266724886753302	0.039863645065238464	-1	
0.050453910535061472	0.14469384047020789	0.061021467753950037	-1	
0.058482428505065048	0.14118907205744272	0.061233111155245108	-1	
0.043997894971559634	0.14442513180047356	0.050147583450708508	-1	
0.037544028476575196	0.14410898536243347	0.038947974995487834	-1	
-0.011285213600378314	0.13845846953130281	-0.022450353938863115	-1	
0.0070768952786458535	0.13617183679748765	0.01213872644009715	-1	
0.011285213600378314	0.1393400464747008	0.020041907777001652	-1	
0.0025286510870227998	0.13436092809066472	0.0035789254754655222	-1	
-0.011285213600378314	0.13367064258790479	-0.022492434913846459	-1	
-0.0065294233655341597	0.13127672911620578	-0.013531455951625275	-1	
0.025163178501328858	0.13751297773406046	0.020264453275406779	-1	
0.032080243464867625	0.13459554971637266	0.033628794664238515	-1	
0.018626109655586743	0.13232384242328216	0.020229341363566324	-1	
-0.12126423594851979	0.17318327685898402	-0.0046011472780054224	-1	
-0.10326788257031021	0.16209810585007861	-0.0045036150946061986	-1	
-0.06273144351568713	0.13122447460206396	-0.063351537695788912	-1	
-0.054877404523424544	0.13248577426828617	-0.063258801460027797	-1	
-0.072848025511754982	0.12989421224139922	-0.065783235372703239	-1	
-0.086184256845809659	0.12670508446875156	-0.074999122316672703	-1	
-0.098368951338503957	0.1349544761295067	-0.050257188541461911	-1	
-0.046964537044916967	0.13167132131840464	-0.063070340070074241	-1	
-0.034251945374592342	0.13187363724196757	-0.040918728081316157	-1	
-0.029075365052969159	0.13307367330099706	-0.031449310000181127	-1	
-0.042624811118514676	0.12791623397077648	-0.057116942850493929	-1	
-0.03940989902386173	0.12697964680236626	-0.051951954547070453	-1	
-0.019138754725792111	0.13291204648694033	-0.022616263272138816	-1	
-0.015478329287226748	0.13604874387461871	-0.022538338760640805	-1	
-0.023695828801047796	0.13203675410014054	-0.022673873149156375	-1	
0.12126423594851994	0.17318327685898408	0.0022400190658672619	-1	
0.10326788257031026	0.16209810585007858	0.0021405449356954854	-1	
0.089728965204207575	0.15541512664426732	0.022949185578651204	-1	
0.066637693515687213	0.13799029806912982	0.061246388421678101	-1	
0.081588273352735857	0.14131503474875629	0.049761774190931987	-1	
0.047975548939848692	0.13544446907734631	0.061032755900211698	-1	
0.061849866572289205	0.12969753854531729	0.061150332145224202	-1	
0.052688282677481872	0.12922497268777902	0.060978257938703949	-1	
0.041627804668463247	0.13841389122464093	0.048620938047545789	-1	
0.0071388336329596073	0.13127672911620578	0.012300571071505145	-1	
0.011285213600378314	0.13367064258790479	0.02010266750694353	-1	
0.0034047233925697746	0.12888383362951403	0.0052566688397677605	-1	
-0.00098820488881433497	0.12949351322752398	-0.0030597748774620075	-1	
-0.011285213600378314	0.12888281564450677	-0.022546890341318016	-1	
-0.014796082969058598	0.13127672911620578	-0.022574409390829126	-1	
-0.0088586025402420665	0.12648890217280775	-0.017980499522297161	-1	
-0.0053623694426359458	0.12565272612479633	-0.011359168252049499	-1	
0.023695828801047793	0.13203675410014054	0.020289635199670794	-1	
0.02704394772524113	0.13209111373438376	0.026046578533575962	-1	
0.035401707670286504	0.12954701707801128	0.041661363783539747	-1	
0.04162310744735595	0.13140594550853665	0.051676943333710687	-1	
0.029359849685939347	0.1296725494063555	0.031150726370618352	-1	
0.015281810106497611	0.12850283045717936	0.020235072921196584	-1	
0.018438841955165701	0.12724945549208372	0.02029454119989256	-1	
0.022456648003441396	0.12741206840370975	0.020330319974861018	-1	
-0.13589670604617993	0.16195538765225428	-0.004811860901185086	-1	
-0.11700269791305611	0.15248088461116954	-0.0048167408847039957	-1	
-0.065007943434240462	0.12336367304090427	-0.065253211623544236	-1	
-0.057062039628891108	0.12140477902150479	-0.062918273280824638	-1	
-0.050031237076228426	0.12390886389272478	-0.062831728084851463	-1	
-0.070461430655545179	0.11482569418779885	-0.070131470821994224	-1	
-0.081396429902411652	0.11841232494493902	-0.075206917882344015	-1	
-0.093032108885964554	0.12124180478911484	-0.075179379832647164	-1	
-0.10178593790387494	0.12572975709787348	-0.059665277987478657	-1	
-0.11466206756656527	0.13574449911384601	-0.030660057991664762	-1	
-0.045497187344635905	0.12619509768448475	-0.062814850698224151	-1	
-0.032659722492480031	0.12470192557904132	-0.041323956225322957	-1	
-0.027041297867681481	0.12447197761045165	-0.031836609585663922	-1	
-0.042237620821216806	0.12459013430689764	-0.057808892762634977	-1	
-0.037283948963758952	0.12150253487530965	-0.050554190162284886	-1	
-0.040773621223077573	0.12126486942411935	-0.056630677508395719	-1	
-0.018665427353672687	0.12829587685308158	-0.02266044881540942	-1	
-0.022456648003441403	0.12741206840370975	-0.022705492425448233	-1	
0.13589670604618009	0.16195538765225428	0.0024601396525340416	-1	
0.11700269791305615	0.15248088461116951	0.0024625825106512921	-1	
0.10144239063367824	0.14588831399681315	0.028237728949230802	-1	
0.07600717384888922	0.12705231972738038	0.0666908143443216	-1	
0.086184256845809729	0.12670508446875151	0.072794016236416695	-1	
0.095101480260741944	0.13085892184745168	0.057517961488563453	-1	
0.045497187344635905	0.12619509768448475	0.060658604302691772	-1	
0.057062039628891184	0.12140477902150475	0.060734855282978888	-1	
0.064137178164413736	0.11842187816055993	0.06420129992598847	-1	
0.049385891140241188	0.12215488041423496	0.060526737166056457	-1	
0.011285213600378314	0.12888281564450677	0.020166444393320319	-1	
0.0071375281577956192	0.12648890217280778	0.012344678920439814	-1	
0.0025238300850225406	0.12338876000316359	0.0036147473808836685	-1	
-0.0022722817251111145	0.12381582815428555	-0.005497906660913464	-1	
-0.011285213600378314	0.12409498870110877	-0.022620425758523396	-1	
-0.014983599745242932	0.12703151264439083	-0.022631983674656811	-1	
-0.0079849288466434087	0.1231940642064927	-0.016364895143530549	-1	
0.02571621452686048	0.12901703178129686	0.025179549964398761	-1	
0.040870018818435001	0.12495658215911021	0.053105802866506915	-1	
0.034439963901163641	0.12358087467348955	0.042559103340098436	-1	
0.028462420481637062	0.12386625630810234	0.032220132607628578	-1	
0.025321442928590149	0.12540526811942898	0.026152119883094144	-1	
0.013653046180406116	0.12552207099528107	0.020261803785917354	-1	
0.016408619717738732	0.12529844299673581	0.020304008855466741	-1	
0.019132509225572882	0.12458522631194943	0.020346415981237282	-1	
0.021837057604638208	0.12509972555549437	0.02035877388082814	-1	
-0.14949492015415403	0.14949492015415411	-0.0048740221587648307	-1	
-0.12984705207652308	0.14170319176989404	-0.0049347556889079956	-1	
-0.059764602173013388	0.1170802006345498	-0.0646066513975323	-1	
-0.054668126157192104	0.11725839925959852	-0.062564626666303635	-1	
-0.051016979460552642	0.1189276206873707	-0.062541867332685033	-1	
-0.047656222196502014	0.11942068205146461	-0.062449225989203209	-1	
-0.044258006547029514	0.12157041198805396	-0.062497704376579893	-1	
-0.064202655237972042	0.11026903910216714	-0.068104178718115777	-1	
-0.076608602959013644	0.11011956542112648	-0.074936374066961145	-1	
-0.068917166826493709	0.10723948139594321	-0.071231866104608882	-1	
-0.083912318444800404	0.10803051361726541	-0.075045193312521075	-1	
-0.09331057655315339	0.10927027868108574	-0.075211737920976393	-1	
-0.10008158635080218	0.11604128847873453	-0.075034812320324759	-1	
-0.11534590058923594	0.11534590058923598	-0.054441523927164864	-1	
-0.12689591952949381	0.12689591952949381	-0.026444803251234481	-1	
-0.029802613828471724	0.11985873433618814	-0.038502704177421986	-1	
-0.023206973620041496	0.11977593447504303	-0.027478132389488867	-1	
-0.021217467205835013	0.12278738270727897	-0.022762384993496382	-1	
-0.040209465870193334	0.1176270529381071	-0.057015949437177811	-1	
-0.037488387726957284	0.11665112124549838	-0.052746212937094104	-1	
-0.043638416148226319	0.11925806913983857	-0.062290630530088237	-1	
-0.018199589022709822	0.12443097503805194	-0.022712888537710862	-1	
0.14949492015415422	0.14949492015415408	0.0025302334938492347	-1	
0.12984705207652311	0.14170319176989404	0.0025867397281188432	-1	
0.10489625581363421	0.12994589924698347	0.047992476120286905	-1	
0.074219402316395969	0.11702747740449816	0.069337751305873732	-1	
0.081396429902411735	0.11841232494493896	0.073009505255028098	-1	
0.093032108885964609	0.1212418047891148	0.073001536623200636	-1	
0.044258006547029514	0.12157041198805396	0.060307633050925735	-1	
0.05466812615719218	0.11725839925959847	0.060370529984670671	-1	
0.058413531764308663	0.11330375792656526	0.062632583027267666	-1	
0.071806496122790026	0.11012780992109333	0.069958165933772257	-1	
0.064430591729275261	0.11074925205713114	0.066001778522469856	-1	
0.045498923155995422	0.1187595477895944	0.060109285933371205	-1	
0.049658763975211066	0.11632327650402795	0.0600672676600712	-1	
0.011285213600378314	0.12409498870110877	0.020248666318307643	-1	
0.0070334637514577322	0.12170107522940976	0.012213358760956364	-1	
0.0027599600335396286	0.11801024034507435	0.0040671321628700137	-1	
-0.0011045060868666869	0.12022328178893332	-0.0032925120260597902	-1	
-0.0066191871429331743	0.12005745871655921	-0.013800366161685068	-1	
-0.011285213600378314	0.12170107522940976	-0.022664768624917772	-1	
-0.015124028908919869	0.12289803196525927	-0.022704267769850569	-1	
-0.0089911179794038721	0.11992433519175019	-0.018322386693206506	-1	
0.039489791559979906	0.1203696897479591	0.052527429332248687	-1	
0.03660591289190554	0.11800224285384023	0.048498361241247526	-1	
0.030566401832084054	0.11568452227249075	0.039203596341704464	-1	
0.025859664504283401	0.11976702824201886	0.029561728938893445	-1	
0.023991107552862753	0.1219727489517944	0.025442276762244986	-1	
0.014783431610814532	0.12299909184750725	0.020329865499244176	-1	
0.017966216449561818	0.12118019112660067	0.020410104826520614	-1	
0.021217467205835002	0.12278738270727897	0.020393944496530703	-1	
-0.16195538765225423	0.13589670604618001	-0.0048007977343527816	-1	
-0.14170319176989404	0.12984705207652308	-0.0049297383026541556	-1	
-0.058891182623502888	0.11205596329736681	-0.065207823363664666	-1	
-0.050937150666366823	0.11553182530775048	-0.062256343514351178	-1	
-0.052274212685493107	0.11311201949769224	-0.062105227404785017	-1	
-0.048438939981767834	0.11671594454867902	-0.062251028626885696	-1	
-0.045723374128488439	0.11746022553516813	-0.062204393728119936	-1	
-0.064322037155398276	0.1046663087524682	-0.069242218462213609	-1	
-0.056593836824727829	0.10576138244240738	-0.065242489841405085	-1	
-0.074214689487314633	0.10597318565922018	-0.074626874695964254	-1	
-0.078747367092892623	0.10474107908774075	-0.07473609880373086	-1	
-0.068229914167095826	0.1011357377775754	-0.07213616944923848	-1	
-0.071820776015615637	0.10182680589731391	-0.074180159022380052	-1	
-0.081536964671091283	0.10238650826279161	-0.074725604189555359	-1	
-0.086539566755504616	0.10249926888343695	-0.074940191036921594	-1	
-0.093959040093737289	0.10185080534285308	-0.074303361952043748	-1	
-0.10297498923112053	0.10637687580076741	-0.071233616263326929	-1	
-0.1160412884787345	0.10008158635080221	-0.075091578756816338	-1	
-0.12572975709787346	0.10178593790387497	-0.059713621637940778	-1	
-0.13574449911384595	0.11466206756656531	-0.030674287034793701	-1	
-0.031821300127740558	0.11487558423128494	-0.043914957550972661	-1	
-0.02682779348685254	0.11538019402957693	-0.035456542878299378	-1	
-0.019978286408228622	0.11816269701084819	-0.022861615030418718	-1	
-0.022629332773099892	0.11621317048067709	-0.02813274002047305	-1	
-0.018009128596342995	0.12099983684439856	-0.022779465732819498	-1	
-0.039902903033307513	0.11475255678099094	-0.057491218780158761	-1	
-0.043018825749423124	0.11694572629162318	-0.062051452133880261	-1	
-0.035891298645646955	0.11193877445103619	-0.051811469733168622	-1	
0.1619553876522544	0.13589670604617995	0.0024647963137685168	-1	
0.14170319176989404	0.12984705207652311	0.0025903019447872716	-1	
0.12689591952949378	0.12689591952949378	0.024126602028630272	-1	
0.10008158635080221	0.11604128847873449	0.072851849119169601	-1	
0.11534590058923604	0.11534590058923597	0.052202429652110333	-1	
0.076608602959013714	0.1101195654211264	0.072774157029148814	-1	
0.084338857015449381	0.11118500750994745	0.072968427899593749	-1	
0.093310576553153432	0.1092702786810857	0.073023021163049581	-1	
0.043018825749423124	0.11694572629162318	0.059845331850555891	-1	
0.05227421268549317	0.11311201949769219	0.059891628282735851	-1	
0.053471161062313942	0.10965670785552444	0.060935116764505227	-1	
0.058482663722283848	0.1080376725759755	0.063562442204546127	-1	
0.074214689487314717	0.10597318565922015	0.072469056712328908	-1	
0.069092023142156039	0.10616650527796195	0.069409257941761629	-1	
0.062616002914107696	0.10055623231175917	0.066828971939465326	-1	
0.045566237205758961	0.11568769160948218	0.0598090234555895	-1	
0.04693875343554587	0.11320009124199704	0.059597644137216237	-1	
0.049086020753604201	0.11155280577006389	0.05953247104680668	-1	
0.011285213600378314	0.11930716175771075	0.02035175271146351	-1	
0.0087794207687268769	0.11714477930161635	0.015565803782098982	-1	
0.0057157300278971972	0.11589230389421902	0.0096661225795255119	-1	
-0.00054221616901469795	0.11648778725985626	-0.0022100694882832531	-1	
0.0032570021379056601	0.1144081325987828	0.0049218551977024761	-1	
-0.0038587505843930723	0.11763789466582616	-0.0085303538586392127	-1	
-0.0057231012514867511	0.11649777751391267	-0.0120756566473694	-1	
-0.0078038837401108183	0.11786660522236442	-0.016065819909225506	-1	
-0.01376444452524549	0.12050411849356026	-0.022732799691713185	-1	
-0.011285213600378314	0.11930716175771075	-0.022709592553275489	-1	
-0.016109305553138296	0.11952297482358469	-0.022794045412382124	-1	
0.03933241371630003	0.1154551358236541	0.054066878971079368	-1	
0.035775908549102731	0.11436457137890246	0.048445192091352826	-1	
0.028953878333978791	0.11292828403315663	0.037682650536749823	-1	
0.033743927338931265	0.11124862655044872	0.046264315177690377	-1	
0.024886610823573786	0.11488747166591728	0.030080607112850231	-1	
0.022819350678904015	0.11933008083820815	0.024683746316911524	-1	
0.016104744636589417	0.11957963998351037	0.020432277046628845	-1	
0.017528739813933422	0.1175798702450056	0.020509600804424075	-1	
0.019978286408228615	0.11816269701084819	0.020501694323184633	-1	
-0.17318327685898402	0.12126423594851987	-0.0045773491597261226	-1	
-0.15248088461116954	0.11700269791305613	-0.0048010698941699584	-1	
-0.048696718593678322	0.11391205398776411	-0.061986765583326997	-1	
-0.04988029921379409	0.10896563973578596	-0.06150889483268332	-1	
-0.045030895708089907	0.11392823217587073	-0.061803314765331824	-1	
-0.064430806984789049	0.09940089297861672	-0.07019612511917081	-1	
-0.059883365334779011	0.098485217641349349	-0.067943699116161577	-1	
-0.051317920111303469	0.10379336842282325	-0.063081399243535369	-1	
-0.053371410119364013	0.10114355368022615	-0.064537380821714091	-1	
-0.0756513818788669	0.10120863964252375	-0.074339208873784257	-1	
-0.079572829021567829	0.099309491920900564	-0.074428657375994245	-1	
-0.067032923994255825	0.097680440614175634	-0.07205265503738488	-1	
-0.06942686254391664	0.097680426135407644	-0.073572001149383587	-1	
-0.072983301407350751	0.098391368374851684	-0.073904372004054031	-1	
-0.083154061856680228	0.099113763984612552	-0.074630926184364232	-1	
-0.090275718978877345	0.09537761176123985	-0.074314653258321567	-1	
-0.097864532084270692	0.09300142221111303	-0.074462933179770804	-1	
-0.1092702786810857	0.093310576553153404	-0.075276146107441766	-1	
-0.12124180478911482	0.093032108885964582	-0.075235504495069064	-1	
-0.1349544761295067	0.098368951338504013	-0.050345566443899994	-1	
-0.03255574204784259	0.10991067389099461	-0.047163613856505256	-1	
-0.025374945437967741	0.11151070806525398	-0.035069059203335189	-1	
-0.023433182886416593	0.11302216350546396	-0.031088154843467542	-1	
-0.019358696009425427	0.1158503541626328	-0.022947456252333121	-1	
-0.017528739813933426	0.1175798702450056	-0.022867800437735234	-1	
-0.020972622442053172	0.1129980460018459	-0.027212593567582825	-1	
-0.038852594002873664	0.11186616073556006	-0.056729005192843136	-1	
-0.041779644951816734	0.11232104059519241	-0.061460110946642783	-1	
-0.035832895996235715	0.10778949693059539	-0.053038284978949184	-1	
-0.038201493312963089	0.10849161396591259	-0.056771412650500716	-1	
0.17318327685898416	0.12126423594851979	0.002248589132662879	-1	
0.15248088461116951	0.11700269791305615	0.0024689729150320127	-1	
0.13574449911384601	0.11466206756656531	0.028346684749458163	-1	
0.10637687580076741	0.10297498923112053	0.068992222730783911	-1	
0.11604128847873454	0.10008158635080217	0.072782746019227518	-1	
0.12572975709787348	0.10178593790387495	0.057391306183418554	-1	
0.079319117210084236	0.10521054461290774	0.072627058503808947	-1	
0.086539566755504643	0.10249926888343693	0.072775029344287853	-1	
0.093001422211112975	0.097864532084270622	0.072227642781591481	-1	
0.041779644951816734	0.11232104059519241	0.0592321425797082	-1	
0.044293231291537574	0.11314772855232996	0.059453035471360501	-1	
0.049880299213794152	0.10896563973578591	0.059280799056592427	-1	
0.051077281027605483	0.10689243537606478	0.060187994383935836	-1	
0.05386829498594578	0.1054991621244675	0.061786208873616792	-1	
0.057634384739797595	0.10054848664291302	0.064351320848697421	-1	
0.074685817700427634	0.1029369264839524	0.072269497053315368	-1	
0.071820776015615706	0.10182680589731387	0.072037327728775677	-1	
0.068284567072709884	0.10110418390780712	0.069995507785411096	-1	
0.063348975715318612	0.096488500762858004	0.067698740779424796	-1	
0.060907181856428932	0.096792773839280102	0.066353468010751357	-1	
0.066173766252489219	0.098176475567660931	0.069236848979787935	-1	
0.045996392140013623	0.11097408975960953	0.059264177494039866	-1	
0.047590500307897472	0.10929720718926177	0.059151579515370645	-1	
0.015025630362821764	0.11677015332169112	0.020497797720395606	-1	
0.011285213600378314	0.11451933481431274	0.020422200538788148	-1	
0.0078482518301111592	0.11396864643138911	0.013441417139005367	-1	
0.0055960827210189941	0.11302284544475928	0.0089168566997219721	-1	
0.0010856673793018885	0.11317495819025587	0.00081383121796284037	-1	
-0.0017836177695648638	0.11480664558203309	-0.0045313304526921564	-1	
0.0043426695172075463	0.11092623853292052	0.0059506835191257025	-1	
0.0021713347586037744	0.11092623853292052	0.0024252702541556572	-1	
-0.0038442089373184407	0.11538178728020126	-0.0084443397670347399	-1	
-0.0079259770227959638	0.11537894803321777	-0.016250583420719326	-1	
-0.0056972233586941902	0.11431259997772834	-0.011846243319889836	-1	
-0.011285213600378314	0.11691324828601174	-0.022752014584723555	-1	
-0.015018927729330788	0.11737785822410512	-0.022834891290789732	-1	
0.038285835498234319	0.11161897007454663	0.053610515951776926	-1	
0.027282100437983535	0.11020757825516979	0.036662171497472557	-1	
0.030659677791606787	0.11022877862025866	0.041708776583842394	-1	
0.032389689717110641	0.10829587774052098	0.045231835972831473	-1	
0.036172698282378152	0.10909136977965109	0.05096970354418854	-1	
0.034556522861229365	0.10743687288948613	0.04885159675861251	-1	
0.022285746958368491	0.11630523402226514	0.025136799781942706	-1	
0.022862550241391846	0.11126489060115824	0.029408414719352287	-1	
0.021162343311428883	0.11305724044853642	0.025193650025877909	-1	
0.01935869600942542	0.1158503541626328	0.020593778711337461	-1	
0.016006577547465581	0.11432905909141536	0.020641931131166667	-1	
-0.18309313675789529	0.10570887179394388	-0.0042134370113920336	-1	
-0.16209810585007861	0.10326788257031022	-0.0044744457608330863	-1	
-0.04584270201500764	0.11161137831941208	-0.061561748981405824	-1	
-0.047486385742095093	0.10481925997387968	-0.060823951433586085	-1	
-0.045372499058767127	0.10863873436179924	-0.061122532062109332	-1	
-0.043609601147308746	0.1105915245128196	-0.061308226129999893	-1	
-0.063426137358897128	0.095490813983080861	-0.070040475168444069	-1	
-0.065826477667537159	0.095612729551065326	-0.071614421787234206	-1	
-0.059223981388602291	0.093893605757157689	-0.068083429955109021	-1	
-0.055463119266460262	0.096064940515761463	-0.066287698640199524	-1	
-0.050036406688708297	0.10148427570887121	-0.062921407817449038	-1	
-0.047582320588832383	0.10245979978766875	-0.0614798616022132	-1	
-0.051702257144318219	0.098236275274365237	-0.064334969743381307	-1	
-0.076520027183944794	0.097426956666373771	-0.074074168118744482	-1	
-0.079768556957855841	0.09572825908578815	-0.074183653921001694	-1	
-0.068229905808067134	0.095607236254454497	-0.073211122462601128	-1	
-0.070746832793190856	0.095536214369364783	-0.073399682503333771	-1	
-0.073167800182376008	0.09594334846599635	-0.073648431346943585	-1	
-0.084967471405469966	0.093914849536998413	-0.074149772886754811	-1	
-0.090569815188148328	0.089835436340622021	-0.074128660531126447	-1	
-0.10249926888343694	0.086539566755504629	-0.075006016373646317	-1	
-0.094324491484570061	0.085748309368983311	-0.074255583074736481	-1	
-0.10901342990598155	0.082631356997970098	-0.075110717339625627	-1	
-0.118412324944939	0.081396429902411679	-0.075263503354566455	-1	
-0.12670508446875156	0.086184256845809687	-0.075045058645462251	-1	
-0.15483298524955644	0.089392865713264769	-0.02638585639926086	-1	
-0.14126930018271081	0.081561868488718131	-0.052232297216201637	-1	
-0.032904519775613969	0.10602255303441006	-0.048674323403622044	-1	
-0.028709823133904924	0.10714651861204955	-0.043322646661045995	-1	
-0.024515126492195883	0.10827048418968904	-0.037513946365393132	-1	
-0.022065394143435436	0.1109766578689719	-0.031061784948533507	-1	
-0.018739105610622229	0.1135380113144174	-0.023064190090507936	-1	
-0.016006577547465581	0.11432905909141536	-0.02298999798400711	-1	
-0.019442444789079385	0.11128377754988004	-0.027303987582410413	-1	
-0.041160054553013546	0.11000869774697701	-0.061107109353524876	-1	
-0.038804237675920887	0.10609580078183221	-0.057111126112205444	-1	
-0.036998508080174353	0.10457409236949491	-0.053580125261079047	-1	
-0.040540464154210337	0.10769635489876161	-0.060738393360892963	-1	
0.1830931367578954	0.10570887179394378	0.0018914188784758075	-1	
0.16209810585007858	0.10326788257031025	0.0021494523215457857	-1	
0.1349544761295067	0.098368951338503971	0.048023155346116293	-1	
0.10185080534285308	0.093959040093737289	0.072064376047609013	-1	
0.10927027868108576	0.09331057655315339	0.072963638911611964	-1	
0.12124180478911484	0.093032108885964582	0.072925874963277043	-1	
0.083154061856680256	0.099113763984612524	0.072469543037573358	-1	
0.078073361973218278	0.099507023100768616	0.072205053372994085	-1	
0.085748309368983339	0.094324491484569992	0.072025569804233788	-1	
0.089835436340622021	0.090569815188148245	0.071896790021286475	-1	
0.09537761176123985	0.090275718978877303	0.072079319424031896	-1	
0.041160054553013546	0.11000869774697701	0.058864274244686834	-1	
0.043609601147308732	0.1105915245128196	0.059071642869956219	-1	
0.048683342477944661	0.10689244985483277	0.058927865299745433	-1	
0.049889813882625124	0.10481376667726883	0.059938540291725767	-1	
0.050984402057953779	0.10267405320826657	0.060898723902836592	-1	
0.051702257144318281	0.098236275274365195	0.062033068231532859	-1	
0.055463119266460324	0.096064940515761421	0.063992364906654428	-1	
0.073955783196337901	0.099952319106854509	0.071980144227339338	-1	
0.069426862543916695	0.097680426135407589	0.071439206340141378	-1	
0.072068763093724619	0.097828381367259659	0.071639194651632057	-1	
0.065071801040693752	0.094731568136775579	0.068949745572203042	-1	
0.062869757504192381	0.094074937160946559	0.067498874066235282	-1	
0.059223981388602354	0.093893605757157647	0.065784585267419066	-1	
0.06822990580806719	0.095607236254454456	0.071080093535364292	-1	
0.045372499058767148	0.1086387343617993	0.058876508931123436	-1	
0.014098762974437911	0.1143080170004252	0.020542152620811348	-1	
0.010022401492890198	0.11252394977720476	0.016332591810149566	-1	
0.013001426001331879	0.11274723169100419	0.020476221281246855	-1	
0.0086720477592697118	0.11058673511196236	0.012887842506171119	-1	
0.0065073586382386299	0.11075648682244144	0.0094140942396998689	-1	
-0.0010856673793018831	0.11283682819773209	-0.0031308833054611946	-1	
2.6020852139652106e-018	0.11092623853292052	-0.0011662801917446102	-1	
-0.0032570021379056545	0.11332460179796607	-0.0071360305414102662	-1	
0.0057360257515116841	0.10870111732772514	0.0084188352168997685	-1	
0.0038286859729585098	0.10886471451300342	0.0052382642732280472	-1	
0.001914342986479274	0.10886471451300342	0.002018722213527314	-1	
-0.0077655047451108804	0.11291344814094689	-0.015059678826351772	-1	
-0.011285213600378314	0.11451933481431274	-0.022767632200641517	-1	
-0.0065073586382386247	0.11075648682244144	-0.011748178451788473	-1	
-0.0043426695172075402	0.11092623853292052	-0.0082729658849672351	-1	
-0.014098762974437911	0.1143080170004252	-0.022894144756798036	-1	
0.038354961068097077	0.10832513738307858	0.0547769398017139	-1	
0.028709823133904931	0.10714651861204953	0.041068700622809894	-1	
0.024515126492195883	0.10827048418968901	0.03523618335332674	-1	
0.03080717145475945	0.10658453582322981	0.043859916522787909	-1	
0.032904519775613976	0.10602255303441005	0.046463749256925653	-1	
0.036643984569747351	0.10682702170860972	0.052008982299367484	-1	
0.034951513927894168	0.10529832270195248	0.048953942616965458	-1	
0.019442444789079378	0.11128377754988004	0.024983958337573175	-1	
0.020245398285192631	0.10906307460977019	0.028981924208940569	-1	
0.018739105610622222	0.1135380113144174	0.020718676403329809	-1	
0.014816186267171495	0.11254010777376981	0.020695233944921308	-1	
0.016622717690945688	0.11227047959557405	0.020869725577028455	-1	
-0.19160954733142035	0.089348999296254034	-0.003764387493129343	-1	
-0.17048166262595621	0.088747136286351933	-0.0040256577117032651	-1	
-0.044944121602413886	0.10604302806581066	-0.060676136872798339	-1	
-0.045114050642925146	0.10414267985144551	-0.060391108685243236	-1	
-0.043302426761956857	0.1070151583376707	-0.060687401157555103	-1	
-0.06525043208647191	0.091815221655280055	-0.071081024529822665	-1	
-0.062803581218340662	0.091434898048905103	-0.069686197668563515	-1	
-0.067032949072217629	0.093534046373501364	-0.072844912856569688	-1	
-0.056491411986226064	0.088765995088998934	-0.068444607372388708	-1	
-0.053585295369278668	0.091137788094689351	-0.066812200315210638	-1	
-0.052698968975300214	0.09512500410945042	-0.065454795555012962	-1	
-0.047783153893621685	0.10010694580817482	-0.062169681204520932	-1	
-0.045626675799222721	0.10113627822682979	-0.060871339470329182	-1	
-0.047950149959969456	0.09773278541721736	-0.062804025274502892	-1	
-0.049885202980212248	0.09590393170872763	-0.064111357035663202	-1	
-0.076383052059031453	0.092342754186963777	-0.073579762322790357	-1	
-0.082038508610260241	0.087510087919492496	-0.073361596429635259	-1	
-0.06952449344281604	0.092161212497618605	-0.072756744431956274	-1	
-0.07194424213280691	0.093193692375114448	-0.073189315213711081	-1	
-0.089219950973643755	0.084452122530745466	-0.073750833460974344	-1	
-0.099113763984612552	0.083154061856680228	-0.07470010737646321	-1	
-0.10317310169978681	0.080790795008914257	-0.074807381107941565	-1	
-0.092080891296815265	0.080030419848004353	-0.073815244716086623	-1	
-0.09572825908578815	0.079768556957855841	-0.074258367464101915	-1	
-0.10525823827298351	0.077794453257859844	-0.074796373677329608	-1	
-0.11011956542112646	0.076608602959013672	-0.075006856902751259	-1	
-0.11711839162163082	0.074061934273191868	-0.071458303102998486	-1	
-0.12699856297592207	0.076100283273664859	-0.06898600092649565	-1	
-0.15266724886753305	0.067689529013321453	-0.042136912876429421	-1	
-0.13799029806912988	0.066637693515687157	-0.063479647458927452	-1	
-0.033623309178578371	0.1023924003137256	-0.050884166894521195	-1	
-0.030016682274933915	0.10367734336983232	-0.04622071594173742	-1	
-0.026410055371289445	0.10496228642593909	-0.041192246571176046	-1	
-0.020245398285192638	0.1090630746097702	-0.031286481339803912	-1	
-0.022706813017639282	0.10593431129684544	-0.035808206183099434	-1	
-0.016622717690945695	0.11227047959557405	-0.023213142054920342	-1	
-0.014816186267171495	0.11254010777376981	-0.023039236733553525	-1	
-0.017895989566296705	0.10949919577560879	-0.027631311448758127	-1	
-0.041739543997491045	0.10554044627030244	-0.060201400479383285	-1	
-0.03925121629753018	0.10377708001879124	-0.056172432746698149	-1	
-0.037106932510238617	0.10080394044245362	-0.055159716946742786	-1	
0.19160954733142041	0.089348999296253936	0.0014480010662580721	-1	
0.17048166262595618	0.088747136286351946	0.0017075697942197296	-1	
0.15483298524955641	0.08939286571326481	0.024079250781824792	-1	
0.12670508446875156	0.086184256845809687	0.072736028307938044	-1	
0.14126930018271083	0.081561868488718159	0.049965377138930574	-1	
0.10249926888343698	0.086539566755504616	0.072698186816785693	-1	
0.10803051361726541	0.083912318444800349	0.072801181952094049	-1	
0.118412324944939	0.081396429902411679	0.072956521658726556	-1	
0.079768556957855855	0.095728259085788137	0.072033571617882236	-1	
0.074637693717980513	0.097194248326432989	0.071765011032761339	-1	
0.07628544582358214	0.095047339068982314	0.071692376835834251	-1	
0.080030419848004353	0.092080891296815251	0.07159337932514391	-1	
0.084452122530745438	0.089219950973643755	0.071523744853277366	-1	
0.09391484953699844	0.084967471405469952	0.071916286377493061	-1	
0.087510087919492441	0.0820385086102602	0.071134872022966061	-1	
0.09911376398461258	0.083154061856680214	0.072393014628708313	-1	
0.040540464154210337	0.10769635489876161	0.058484880286873722	-1	
0.043302426761956878	0.10701515833767074	0.058428807880982418	-1	
0.047486385742095155	0.10481925997387964	0.058580351116302269	-1	
0.04494412160241399	0.10604302806581072	0.058416768995680782	-1	
0.046889098364335718	0.10241614262243591	0.058962809112722517	-1	
0.047783153893621734	0.10010694580817478	0.059892900542560239	-1	
0.050423057206977553	0.093296279717192052	0.062720232679125285	-1	
0.047260819044676487	0.095454771339695071	0.06081115787257127	-1	
0.057569803339326937	0.091483222475773368	0.065782892672585816	-1	
0.05358529536927862	0.091137788094689032	0.064484856225575399	-1	
0.070746832793190911	0.095536214369364728	0.07126550198430362	-1	
0.073151311026862217	0.095287997055888529	0.071440339520437227	-1	
0.067032949072217685	0.093534046373501323	0.070718579098736731	-1	
0.064941629188372416	0.092437398294778511	0.068742582858868972	-1	
0.062803581218340718	0.091434898048905075	0.067352454127334482	-1	
0.059567599052613884	0.089348962681405839	0.066914914964303018	-1	
0.069524493442816068	0.092161212497618508	0.070628796936716545	-1	
0.011054278781051348	0.11039992408825695	0.016673822230322387	-1	
0.013001426001331879	0.11024723169100419	0.019694597325106842	-1	
0.0076433655300648558	0.10853752014244687	0.011513661133109436	-1	
0.011458045087171201	0.10821032577189033	0.017618091470875626	-1	
-0.0021713347586037688	0.11092623853292052	-0.0047630892406472338	-1	
3.8163916471489756e-017	0.10886471451300343	-0.001163469902325271	-1	
0.0046504971115888501	0.10724560682895107	0.0064575052770180991	-1	
0.0065476506145324244	0.10696325033474906	0.0095173972872299555	-1	
0.0028715144797188917	0.10688214564032253	0.0035189335302263426	-1	
0.00095717149323963386	0.10579492554645401	0.00037086049889743024	-1	
-0.010600920967155909	0.11213953045080757	-0.019165873472232559	-1	
-0.00867204775926971	0.11058673511196235	-0.015217459407184213	-1	
-0.013001426001331879	0.11274723169100419	-0.022822061636962723	-1	
-0.0076433655300647821	0.10853752014244693	-0.013842559916373842	-1	
-0.005736025751511606	0.10870111732772519	-0.010747305754693535	-1	
-0.0038286859729584331	0.10886471451300345	-0.0075624666965654801	-1	
0.038804237675920887	0.10609580078183221	0.054972798624479534	-1	
0.026410055371289497	0.10496228642593892	0.038933233813568724	-1	
0.030016682274933943	0.10367734336983217	0.04400935515413211	-1	
0.022706813017639337	0.1059343112968453	0.033524466584855001	-1	
0.031450092647790494	0.10484865390976021	0.045235845682029756	-1	
0.033507694404574122	0.10420174543060705	0.047807126792474758	-1	
0.036998508080174353	0.10457409236949491	0.05139417719338818	-1	
0.035156650153985759	0.10344806017505681	0.049902884055991498	-1	
0.017895989566296698	0.10949919577560877	0.025313336481730633	-1	
0.019003570663989174	0.10690633616775169	0.027816580161005296	-1	
0.015975670078189386	0.10985566502985139	0.022098163646088503	-1	
-0.1986676935527453	0.072309126963518877	-0.0032741102507446488	-1	
-0.17756775100960792	0.073550970708268465	-0.0035385785951445228	-1	
-0.043438860192312238	0.10487068541030899	-0.060191960256503182	-1	
-0.043864050642925145	0.10197761634198441	-0.059803304702221408	-1	
-0.067633181048079027	0.091141253850113624	-0.072303876936214401	-1	
-0.066383181048079026	0.088976190340652503	-0.070995139943296051	-1	
-0.059517711370416261	0.086296116326842795	-0.070070851543391433	-1	
-0.054173825426633432	0.08784615420980442	-0.069447664955012173	-1	
-0.056126950426633487	0.08629611632684267	-0.070609741942086732	-1	
-0.050145559478482232	0.089494119004033076	-0.068199269111134261	-1	
-0.050423057206977581	0.093296279717192329	-0.065031174467010414	-1	
-0.045915086764628799	0.098966901716087463	-0.061534421348549827	-1	
-0.043837816643294961	0.099655613682979774	-0.060328052586992857	-1	
-0.047260819044676501	0.095454771339695335	-0.063094619887888975	-1	
-0.072997547160207052	0.088957249288139376	-0.072851160329674619	-1	
-0.076433004890116438	0.086974640077286197	-0.072660165292950385	-1	
-0.077730701401551056	0.083883633259516366	-0.072155167965773689	-1	
-0.083332739128614511	0.079630459794006389	-0.072399545368528467	-1	
-0.070858643059420995	0.090797304870554735	-0.07270728184388843	-1	
-0.069101247581457553	0.090054499143137512	-0.072217220195040135	-1	
-0.087962224678317366	0.079337969745253673	-0.073145701296518387	-1	
-0.099268347019657283	0.078180020455722782	-0.074415261393052365	-1	
-0.1025646384914007	0.075330639418574985	-0.074503037922640056	-1	
-0.090030390862678292	0.077002662933904745	-0.073330058170225906	-1	
-0.092342754186963777	0.076383052059031453	-0.073657504092248249	-1	
-0.095962015726308872	0.076149295418510746	-0.073985144540470116	-1	
-0.10597318565922018	0.074214689487314661	-0.074702658941440347	-1	
-0.11188519084871487	0.068762623067897016	-0.070142921313515669	-1	
-0.11860041830774894	0.064503270851871977	-0.066565204276087239	-1	
-0.12969753854531732	0.061849866572289143	-0.063382246438431822	-1	
-0.16717251292001628	0.060227150873302243	-0.025305821617255031	-1	
-0.15101408652171786	0.057992194706467798	-0.050052772235353281	-1	
-0.14118907205744274	0.058482428505064993	-0.063466183939663981	-1	
-0.030700036750249723	0.099891328510073041	-0.049386037925758616	-1	
-0.03281790928353491	0.096011925623270308	-0.055058831897055072	-1	
-0.026966922234644232	0.10082124133965867	-0.044003058664295387	-1	
-0.02299972123393693	0.099509878945010635	-0.039423126579201342	-1	
-0.019003570663989111	0.1069063361677518	-0.030124957425233748	-1	
-0.020090829077338519	0.10350823717568938	-0.033176475589567128	-1	
-0.015975670078189393	0.10985566502985139	-0.024428549167705187	-1	
-0.013001426001331879	0.11024723169100419	-0.02203032032135898	-1	
-0.015230807875580123	0.10755833096982109	-0.024490541420090446	-1	
-0.041092496384734736	0.10312563170457975	-0.058564596418969501	-1	
-0.039872297138427659	0.10129497468365833	-0.057474282912452358	-1	
-0.037307874035516844	0.096630455374368582	-0.058379634643897838	-1	
-0.040590555841898864	0.099215480571181652	-0.058642407812600897	-1	
0.19866769355274538	0.072309126963518766	0.00096057101240244172	-1	
0.17756775100960787	0.073550970708268493	0.0012262887136306744	-1	
0.15266724886753302	0.067689529013321453	0.040054091087024415	-1	
0.12940406003814678	0.071933840144434005	0.062812232632161957	-1	
0.13799029806912988	0.066637693515687157	0.061370975634064379	-1	
0.10238650826279158	0.081536964671091228	0.072486499094187057	-1	
0.10474107908774072	0.078747367092892581	0.072496827777679712	-1	
0.11011956542112646	0.076608602959013672	0.072694073669838419	-1	
0.11516168033878371	0.070459339728035558	0.067739124562209208	-1	
0.076383052059031453	0.092342754186963749	0.071444419151998853	-1	
0.074257092130513083	0.093255667319733837	0.071319901359693169	-1	
0.077002662933904731	0.090030390862678278	0.071112140355819545	-1	
0.079337969745253686	0.087962224678317366	0.070924885075819941	-1	
0.079630459794006458	0.083332739128614455	0.070181160919530375	-1	
0.095728259085788178	0.079768556957855813	0.07195042976727177	-1	
0.083883633259516366	0.077730701401551	0.069937338639848898	-1	
0.086974640077286197	0.076433004890116424	0.070439221349710299	-1	
0.092342754186963777	0.076383052059031425	0.071351859631685347	-1	
0.099309491920900536	0.079572829021567829	0.072192954882360078	-1	
0.041739543997491045	0.10554044627030244	0.057925806998475611	-1	
0.043438860192312315	0.10487068541030897	0.057918355775893493	-1	
0.045114050642925202	0.10414267985144549	0.058127218111197851	-1	
0.043864050642925194	0.10197761634198438	0.0575375996926012	-1	
0.050267575426633633	0.089459729571259819	0.066007279867009064	-1	
0.04636132542663364	0.089686628835756788	0.065730707253958229	-1	
0.041132715170997237	0.094414807377053864	0.060301090193020351	-1	
0.040590555841898877	0.09921548057118143	0.056385952612898346	-1	
0.05649141198622603	0.088765995088998656	0.066119024373971033	-1	
0.052220700426633612	0.086296116326842476	0.068731009458383147	-1	
0.071944242132806924	0.093193692375114365	0.071053655210996935	-1	
0.067633181048079083	0.091141253850113568	0.070188706854192109	-1	
0.064773248289034274	0.090081999445778396	0.068184161053153905	-1	
0.062604673654494597	0.089035055835324256	0.067748743858378924	-1	
0.061593992111983652	0.087065086411914905	0.067922924907691806	-1	
0.059517711370416233	0.08629611632684249	0.067926188765970535	-1	
0.070858643059420967	0.090797304870554651	0.070574260631821095	-1	
0.069101247581457581	0.09005449914313747	0.070093469783961984	-1	
0.015230807875580187	0.10755833096982101	0.022163234041869963	-1	
0.0093619206686823067	0.1061729287730892	0.013964586263440631	-1	
0.01246216188623539	0.10461337253738928	0.018660750272141011	-1	
-0.0019143429864792046	0.10695685447030844	-0.0043074827570758391	-1	
0.0053809808511517624	0.10563906146614124	0.0075531595742506187	-1	
0.0072408566419396077	0.10517646612569399	0.010536966410752103	-1	
0.0043438423899848063	0.1042111474950282	0.0059180826894517907	-1	
0.001150919861348988	0.10179639533936438	0.00086576249126379631	-1	
-0.003520742898794958	0.10327461285666879	-0.0069140130260908856	-1	
-0.01145804508717113	0.10821032577189041	-0.019930960052751748	-1	
-0.0093557725284534026	0.10610124910205677	-0.016219192197562991	-1	
-0.0064273555910307582	0.10556075992456078	-0.011538565408008825	-1	
-0.0046129281841848164	0.10680759984519214	-0.0086960982312396691	-1	
0.03925121629753018	0.10377708001879124	0.053995545562748222	-1	
0.027447837552344489	0.10217109269295319	0.041484630915599084	-1	
0.023754779113622761	0.10238651554475348	0.036327790513471132	-1	
0.031819995726756173	0.10303487184177879	0.046370777794139589	-1	
0.029888088924411426	0.10046436261719444	0.045838938626268401	-1	
0.020165890688324747	0.10325508595911546	0.030772304175854654	-1	
0.033623309178578399	0.1023924003137254	0.048694837533189525	-1	
0.037604525578170268	0.10270488557370788	0.052717333297883959	-1	
0.035365120844408515	0.10159817037808941	0.050929137353572872	-1	
0.016489627464750054	0.10360095212533475	0.025062344109930332	-1	
-0.20421385866730077	0.054718938513146728	-0.0027589371957562618	-1	
-0.18330244158973696	0.057795037831804709	-0.0030310556131869304	-1	
-0.042024199231502857	0.10083725346855479	-0.059089339164720055	-1	
-0.068763168645116626	0.087149961626390382	-0.071307549999928221	-1	
-0.067470846347123706	0.084134523290910632	-0.071013238928304398	-1	
-0.062594333042600675	0.081904155112867597	-0.070730632674483221	-1	
-0.057822330898525023	0.081834896052519535	-0.070725825181558205	-1	
-0.052220700426633487	0.086296116326842517	-0.070902636353564655	-1	
-0.052220700426633494	0.082389866326842517	-0.070961935851735103	-1	
-0.047102201539653492	0.091826772793990388	-0.066039297235356412	-1	
-0.047984102028221988	0.086296116326842517	-0.07106657140603613	-1	
-0.043925687443287682	0.097335125955438501	-0.06100034973802252	-1	
-0.043645884064527761	0.092940955216970364	-0.064573004707468656	-1	
-0.070530935598083003	0.088917728579356745	-0.072351096895770975	-1	
-0.072479539873959151	0.086653355992752826	-0.071929181696250524	-1	
-0.074597520807217405	0.085075907869906195	-0.071846046061083538	-1	
-0.078436695478144594	0.078436695478144622	-0.071000278573274414	-1	
-0.075365964414075032	0.08150742654221417	-0.071006216285646864	-1	
-0.081507426542214156	0.07536596441407506	-0.070998701261373087	-1	
-0.085979785427880095	0.075821151093852068	-0.072342729871186923	-1	
-0.08832989019476703	0.075317658702991605	-0.072902006292539151	-1	
-0.099128622376949471	0.074302373253828977	-0.074152344159264749	-1	
-0.10182680589731391	0.071820776015615664	-0.074260243582675703	-1	
-0.090650001737551597	0.07469029960961926	-0.073303281884686974	-1	
-0.093062784698886181	0.073970269097696856	-0.073486348415491648	-1	
-0.095506633682822695	0.073736937968502794	-0.073730978278447587	-1	
-0.10637922670313421	0.068723578825899245	-0.071404893867667338	-1	
-0.11073484542250851	0.06333317499524603	-0.06764954018256529	-1	
-0.12140477902150477	0.057062039628891136	-0.062965085520575198	-1	
-0.11330375792656534	0.058413531764308663	-0.064865197324383561	-1	
-0.12922497268777894	0.052688282677482177	-0.063209567810691605	-1	
-0.16648389810521322	0.048544244030524618	-0.030899838570506332	-1	
-0.14469384047020789	0.050453910535061486	-0.063255719133643362	-1	
-0.15491217919227246	0.046795008751874118	-0.048731598562177091	-1	
-0.13544446907734631	0.047975548939848699	-0.063265052985100004	-1	
-0.027679751118426389	0.095724667849487452	-0.049072717392511796	-1	
-0.03046529716329335	0.091996368484494717	-0.056622074250370774	-1	
-0.035090598670041828	0.092512187149094344	-0.061260792510575549	-1	
-0.01784254160700351	0.099996369789686457	-0.03108431357441354	-1	
-0.021085070626142267	0.094759104731794233	-0.038703267014765723	-1	
-0.016551938052201148	0.10396151184899124	-0.027672054212451211	-1	
-0.012805367295701958	0.10476506663747234	-0.021636523816058018	-1	
-0.039242835513943586	0.09292717585654732	-0.063101900974315853	-1	
0.2042138586673008	0.054718938513146603	0.00044585215801243598	-1	
0.18330244158973696	0.057795037831804716	0.00071832530525206681	-1	
0.16717251292001628	0.060227150873302243	0.023519041037630025	-1	
0.15101408652171783	0.057992194706467819	0.048759392509259925	-1	
0.14118907205744274	0.058482428505065014	0.061344425260937967	-1	
0.12269871234481294	0.06439653525811094	0.062839997675193368	-1	
0.12969753854531732	0.061849866572289143	0.061289850821046161	-1	
0.10597318565922018	0.074214689487314661	0.072388894610434976	-1	
0.10120863964252375	0.0756513818788669	0.07210440680520315	-1	
0.10723948139594311	0.068917166826493709	0.068979563602378738	-1	
0.11021556115946263	0.064232601722412269	0.06585022707762303	-1	
0.11549277383201009	0.062514106048308787	0.063868166987166061	-1	
0.07469029960961926	0.090650001737551555	0.071087354296708316	-1	
0.075317658702991619	0.088329890194767002	0.070681907185339982	-1	
0.075821151093852096	0.085979785427880054	0.0701243643043757	-1	
0.078436695478144636	0.07843669547814458	0.068786868016847302	-1	
0.075365964414075073	0.081507426542214143	0.068783760536954078	-1	
0.097426956666373798	0.076520027183944808	0.07184194834078371	-1	
0.085075907869906195	0.074597520807217377	0.069629931411290383	-1	
0.081507426542214198	0.075365964414075018	0.068794006759459791	-1	
0.08665335599275284	0.072479539873959123	0.069712826120733873	-1	
0.088957249288139389	0.072997547160207038	0.070628873072789047	-1	
0.095943348465996281	0.073167800182376092	0.071419899668744707	-1	
0.09319369237511442	0.071944242132806896	0.070964452261168057	-1	
0.041092496384734736	0.10312563170457975	0.056220171044642935	-1	
0.048314450426633612	0.08629611632684249	0.068876069251079947	-1	
0.042124727028222148	0.089869335749801285	0.06511176469493575	-1	
0.044408200426633612	0.086296116326842517	0.068928128078318926	-1	
0.037958164922784636	0.098056596851545302	0.055135230658973314	-1	
0.037146732971905183	0.091454660655640105	0.062056064655072948	-1	
0.039439520781195218	0.10138145276385278	0.054908020877292837	-1	
0.037106932510238638	0.10080394044245342	0.05302680039239463	-1	
0.055611461370416233	0.086296116326842476	0.068511003662824421	-1	
0.052220700426633598	0.082389866326842476	0.06878008303244941	-1	
0.066383181048079082	0.088976190340652489	0.068949284415661796	-1	
0.063804968905388296	0.086947449986577482	0.06827806801019394	-1	
0.062606363613383176	0.085256136010191413	0.068287140815143893	-1	
0.061788951504113031	0.083351133370728678	0.06842509185389728	-1	
0.057564586370416254	0.082441511993422451	0.068542153433826011	-1	
0.070530935598083017	0.088917728579356717	0.070216815810390645	-1	
0.072997547160207066	0.088957249288139362	0.07072478586995963	-1	
0.068763168645116654	0.087149961626390354	0.06912996099359707	-1	
0.0090249510440510543	0.10413452717018196	0.013371070898884355	-1	
0.01360817765553521	0.10065533501915055	0.021715498283255748	-1	
0.0094877613840620625	0.10069512055733368	0.014817399283284981	-1	
0.0071521760905007611	0.10326197711659554	0.010559583933693167	-1	
0.0042259451296484205	0.099233193855580243	0.0061331848616707702	-1	
-0.0014218485197309593	0.095583766716284074	-0.0037201583829751072	-1	
-0.0087582779795230027	0.1011350738115228	-0.015797936436252522	-1	
0.02593109675601464	0.097404606134799468	0.042769970042602121	-1	
0.021152123755207031	0.099481313730183138	0.034125319898800549	-1	
0.032098429158433556	0.10096434929863857	0.047981565038540695	-1	
0.030158587334648303	0.09594026079970773	0.050115454525269464	-1	
0.033220609231056644	0.099202162968497765	0.050371497933392032	-1	
0.017773137387288591	0.097532862133788104	0.029736884981532402	-1	
0.035413490925232875	0.099397166757539276	0.052223796435085595	-1	
-0.20820583300969883	0.036712305900491106	-0.0022286060096747152	-1	
-0.18764208990832779	0.041599249819842941	-0.0024998567853228011	-1	
-0.17522702767385132	0.040403396187507518	-0.019839662780118214	-1	
-0.070247979478078593	0.085881090452494549	-0.071134189130867637	-1	
-0.069797978022217724	0.083515439261223359	-0.07103464795813208	-1	
-0.06764166567209505	0.080093255461849241	-0.070952856310957352	-1	
-0.060902517056357713	0.074555649159637277	-0.070994048642807256	-1	
-0.06517655565029648	0.07498942369040934	-0.070987642552001462	-1	
-0.056529777593771681	0.075730550010871228	-0.071006478300147266	-1	
-0.052220700426633494	0.077120908376738045	-0.07108163949907717	-1	
-0.045865802829016263	0.079752287916657075	-0.071166404632603222	-1	
-0.044486502107864687	0.08963061431488327	-0.06780163951643263	-1	
-0.043747503629810482	0.086296116326842517	-0.07111752123844689	-1	
-0.041451595903924422	0.090621841796763192	-0.066247263732859288	-1	
-0.072064566529595836	0.084328694084302283	-0.071040225929915893	-1	
-0.074628247181360713	0.075829602314794367	-0.07099824850067124	-1	
-0.072008231401969436	0.080920518930558155	-0.071007159214096296	-1	
-0.084328694084302269	0.07206456652959585	-0.071028995775099191	-1	
-0.080272198226912117	0.069064737089048034	-0.07096411732783435	-1	
-0.086790605523539968	0.071798639318142787	-0.07187653026787999	-1	
-0.088957249288139376	0.072997547160207052	-0.072947197959392737	-1	
-0.09768042613540763	0.069426862543916668	-0.073660286914857834	-1	
-0.10189239160904938	0.06329512552212245	-0.069174115629774921	-1	
-0.091008580790205129	0.071026632329458494	-0.072853464391956446	-1	
-0.093613103998977487	0.071397654262923993	-0.073274267304276289	-1	
-0.1080376725759755	0.058482663722283924	-0.065785202529259901	-1	
-0.11725839925959849	0.054668126157192132	-0.062599678322416794	-1	
-0.12215488041423478	0.049385891140241084	-0.062756450259955868	-1	
-0.10965670785552445	0.053471161062313935	-0.06315999583048712	-1	
-0.11311201949769224	0.052274212685493128	-0.062119533081757577	-1	
-0.12619509768448475	0.045497187344635905	-0.062889006006622866	-1	
-0.16313931198236392	0.037329153913765387	-0.035337658416226839	-1	
-0.14442513180047381	0.043997894971559634	-0.052384122420768703	-1	
-0.15099021115985195	0.040441624149186658	-0.042089989893981758	-1	
-0.13841389122464109	0.041627804668463393	-0.050857449954113745	-1	
-0.13140594550853688	0.041623107447355888	-0.053910812914011272	-1	
-0.025279810442519531	0.091026845865639985	-0.047987724349212585	-1	
-0.035274306832987483	0.086296116326842504	-0.070803990916105439	-1	
-0.031228840731245256	0.084342991326842504	-0.06277933341242585	-1	
-0.038100676976445626	0.089622080745432708	-0.066376204301202307	-1	
-0.013682043933072388	0.099716605261287838	-0.024316511434427285	-1	
-0.016210915649310736	0.093184825265905519	-0.030778509908988963	-1	
-0.020177197122686567	0.089718121863680764	-0.039169551870922859	-1	
0.20820583300969883	0.036712305900490981	-8.4043424848134898e-005	-1	
0.18764208990832779	0.041599249819842921	0.00018643301362543038	-1	
0.17334304971387435	0.046447130184380604	0.018880453730921846	-1	
0.1576164407074794	0.042233198001437114	0.041053703586543026	-1	
0.14469384047020786	0.050453910535061548	0.061124589717209597	-1	
0.13544446907734631	0.047975548939848754	0.061168484293996676	-1	
0.12140477902150477	0.057062039628891136	0.060865850889445787	-1	
0.12606756926241322	0.053092721153269365	0.060983665846067063	-1	
0.10182680589731391	0.071820776015615664	0.071946927952818276	-1	
0.098391368374851684	0.072983301407350792	0.071673655954289206	-1	
0.1046663087524681	0.064322037155398359	0.067003103550107093	-1	
0.10113573777757537	0.068229914167095895	0.06990381134319873	-1	
0.11270597845377818	0.057765323346908544	0.062434445848137447	-1	
0.10576138244240718	0.056593836824727767	0.063077937602574505	-1	
0.11725839925959849	0.054668126157192132	0.060509963430492794	-1	
0.071798639318142801	0.086790605523539954	0.06965977941951064	-1	
0.072064566529595864	0.084328694084302255	0.068813652770598421	-1	
0.075829602314794381	0.074628247181360699	0.068785291460382703	-1	
0.069064737089048089	0.080272198226912006	0.068746506389834788	-1	
0.084328694084302297	0.072064566529595808	0.068829047749549177	-1	
0.080920518930558169	0.072008231401969422	0.068795499457686898	-1	
0.088917728579356758	0.070530935598082989	0.070132352110632887	-1	
0.085881090452494549	0.070247979478078565	0.068923174331654083	-1	
0.090797304870554707	0.070858643059420967	0.070486007592937869	-1	
0.095536214369364783	0.07074683279319087	0.071173197601065927	-1	
0.092161212497618564	0.06952449344281604	0.07053513061535932	-1	
0.046361325426633571	0.080436741326842476	0.068959298773727376	-1	
0.039841253629810613	0.086296116326842559	0.068866539281524614	-1	
0.042124727028222078	0.0822797501940387	0.06894276186955825	-1	
0.034629752913667412	0.095783218710330409	0.054825437683780044	-1	
0.035274306832987615	0.086296116326842587	0.068611676653783704	-1	
0.032218279547665339	0.090853936468617502	0.05847599245250594	-1	
0.052220700426633584	0.077120908376737962	0.068887593110895207	-1	
0.065996591070736937	0.086814863162508776	0.068716857360866593	-1	
0.064709247029095598	0.085036231019536362	0.068518845819076538	-1	
0.06525246859583686	0.082992854599387461	0.06861890178267345	-1	
0.062946183840732306	0.077617991056260285	0.068703708400858529	-1	
0.067474344889047772	0.084677424079419514	0.068791277606704823	-1	
0.011484170499975441	0.094067838988483712	0.019801834501140467	-1	
0.0047296383571760591	0.092258756439609388	0.0075929098259279555	-1	
-0.0013921776365738939	0.088285827762460231	-0.0037048117132341706	-1	
-0.0094634209237131478	0.094327870878415515	-0.018338325715944369	-1	
0.021804589952732874	0.094445684077305317	0.038040402117716046	-1	
0.02650976089172373	0.092240732174669993	0.047443417125084889	-1	
0.01672732202345821	0.091991298353397047	0.029899912503271581	-1	
-0.21061323524477385	0.018426270472436359	-0.0016926247708281322	-1	
-0.19055366862132456	0.025086866398438365	-0.0019622150304154182	-1	
-0.17139886623359937	0.028532885828501796	-0.021274593220359069	-1	
-0.070503293412777779	0.07692636224918882	-0.070990646300490054	-1	
-0.061886729620084069	0.070373916041009565	-0.071067477669710818	-1	
-0.0579529903420841	0.071432212205285395	-0.071089484589869995	-1	
-0.07096961132406418	0.070374770672524914	-0.071015968659041515	-1	
-0.065939022160124053	0.06615174128055426	-0.071088413900527489	-1	
-0.052220700426633494	0.072533304401685803	-0.071172325541019793	-1	
-0.048594749282809685	0.074827106389211917	-0.071201758550776664	-1	
-0.041464030231399003	0.08194216341656009	-0.071136341195104327	-1	
-0.041473286862752777	0.073720342840804767	-0.071248406733067163	-1	
-0.039180556832987483	0.086296116326842504	-0.071036169592299289	-1	
-0.084677424079419583	0.067474344889047702	-0.07100459157440718	-1	
-0.087149961626390382	0.06876316864511664	-0.071344003405999348	-1	
-0.082992854599387531	0.065252468595836818	-0.0708306360230022	-1	
-0.077617991056260396	0.06294618384073232	-0.070922307526858186	-1	
-0.072637950450559832	0.065504891828434927	-0.071014764328950111	-1	
-0.088917728579356745	0.070530935598083003	-0.072433089853154858	-1	
-0.093534046373501351	0.067032949072217657	-0.072927518933462984	-1	
-0.096339306697180799	0.064228733742870775	-0.070499008521378095	-1	
-0.096792773839280241	0.060907181856428849	-0.068576846592392299	-1	
-0.10110312446469776	0.05534901770725828	-0.065409741667500118	-1	
-0.09194426509137274	0.069363895398011299	-0.072788668029842907	-1	
-0.090054499143137484	0.069101247581457567	-0.072311219418725994	-1	
-0.1054991621244675	0.053868294985945753	-0.064004058635155944	-1	
-0.11632327650402743	0.049658763975210976	-0.062295643431639632	-1	
-0.11875954778959442	0.045498923155995311	-0.062337900943795259	-1	
-0.12157041198805396	0.044258006547029514	-0.062536891826534852	-1	
-0.1068924353760648	0.051077281027605441	-0.06241002236028613	-1	
-0.10896563973578594	0.049880299213794131	-0.061507261392057908	-1	
-0.11155280577006373	0.049086020753604034	-0.061759524840367577	-1	
-0.12495658215911021	0.040870018818435001	-0.055337177132597566	-1	
-0.15977813261034274	0.025284329423844346	-0.022970359820364508	-1	
-0.15053549688586371	0.02865255199147337	-0.022562467894133072	-1	
-0.14410898536243347	0.037544028476575196	-0.041188850372996806	-1	
-0.13459554971637255	0.032080243464867833	-0.035868430112290239	-1	
-0.12954701707801114	0.035401707670286331	-0.043896572932793983	-1	
-0.023855637498537217	0.085947379548651448	-0.047422242186691686	-1	
-0.035274306832987483	0.082389866326842504	-0.070986689093418376	-1	
-0.029010349310601383	0.080436741326842504	-0.058401632176794373	-1	
-0.014816142008519394	0.087586776283379381	-0.0292523596404482	-1	
-0.01596975627017478	0.081934102574848747	-0.032382996467624409	-1	
0.21061323524477385	0.018426270472436234	-0.00061913436424132137	-1	
0.19055366862132456	0.02508686639843832	-0.00035005116650141762	-1	
0.16498457777231806	0.025869872672986592	0.025509920953796585	-1	
0.15053549688586368	0.02865255199147344	0.020501576843317434	-1	
0.14358474489208642	0.036094368797337746	0.036663032563948657	-1	
0.12619509768448472	0.04549718734463596	0.060786886900425573	-1	
0.12894663460811062	0.038350672836033314	0.047217792015226162	-1	
0.12000109193131941	0.052259081673069321	0.06060937804631298	-1	
0.12155343171955431	0.048955129554793864	0.060601982798843414	-1	
0.09768042613540763	0.069426862543916668	0.071344128250317509	-1	
0.099400892978616678	0.064430806984789118	0.067975212553484696	-1	
0.098485217641349376	0.059883365334779039	0.065747860859204518	-1	
0.097680440614175634	0.067032923994255839	0.069827962870762497	-1	
0.11311201949769224	0.052274212685493128	0.060035732029024187	-1	
0.1037933684228232	0.051317920111303483	0.060950047434540813	-1	
0.10114355368022614	0.053371410119363916	0.062380163662362972	-1	
0.10896563973578594	0.049880299213794131	0.059427146198137812	-1	
0.11652056666551172	0.051158262754232769	0.060289439085705297	-1	
0.076926362249188807	0.070503293412777709	0.068778887569911434	-1	
0.069763317273809758	0.070807035540895985	0.068808716455902863	-1	
0.083515439261223345	0.069797978022217683	0.068823869712936969	-1	
0.080093255461849241	0.067641665672094939	0.068741440959721317	-1	
0.087149961626390396	0.068763168645116612	0.06909598720521927	-1	
0.090054499143137512	0.069101247581457567	0.069999458907674159	-1	
0.084134523290910673	0.067470846347123664	0.068803618369413899	-1	
0.095607236254454497	0.068229905808067162	0.070986115150492024	-1	
0.09114125385011361	0.067633181048079041	0.070085532655351931	-1	
0.093534046373501351	0.067032949072217657	0.070622657467086014	-1	
0.047432011744710255	0.072533304401685733	0.069057515646879467	-1	
0.041824134214928345	0.075797841679652936	0.069027133659379153	-1	
0.038669006715964842	0.080436741326842587	0.068914043466927838	-1	
0.035274306832987601	0.082389866326842587	0.068780467919897559	-1	
0.029010349310601508	0.084342991326842615	0.055916292000697573	-1	
0.05827139600828083	0.069457849283818984	0.068926355737243317	-1	
0.05222070042663355	0.067945700426633462	0.06905044639910568	-1	
0.06419927172925112	0.068582949998165332	0.068870555769182995	-1	
0.010775861504803794	0.08462179179374868	0.019799419737482074	-1	
-0.0063284734918220686	0.082910534601663657	-0.013448477651408681	-1	
0.0026373970485508332	0.079631124085382379	0.0040725031888097568	-1	
0.021719866102139707	0.08814220715698419	0.04041746123624157	-1	
-0.2114177435878877	6.2450045135165055e-017	-0.0011551475595619751	-1	
-0.19201501885666211	0.0083835567758775986	-0.00142432124660465	-1	
-0.17936823118337203	0.017871558407212718	-0.008857484734340261	-1	
-0.16605848035182538	0.017712772738026364	-0.016577040051223943	-1	
-0.057340025564883795	0.06740498367185048	-0.07116771070376951	-1	
-0.061008882235992393	0.065819151719505531	-0.071144636982569634	-1	
-0.054893137142959167	0.068743049904790049	-0.071185552778492658	-1	
-0.062867755709292761	0.062280795934048602	-0.071168643400119316	-1	
-0.068773471243840312	0.06210417486609536	-0.071094199448422907	-1	
-0.047961756682513748	0.070583479447155553	-0.071270383524225225	-1	
-0.052220700426633508	0.06794570042663356	-0.071245147187793886	-1	
-0.035274306832987483	0.078483616326842504	-0.071077882611606136	-1	
-0.040043820523949343	0.067368776631119731	-0.071284307172495551	-1	
-0.045111993872586353	0.066461004046686631	-0.071324309717216178	-1	
-0.03527430683298749	0.069308408376738045	-0.071189325984836863	-1	
-0.08681486316250879	0.065996591070736896	-0.070928634693860432	-1	
-0.08503623101953639	0.064709247029095543	-0.070728992369772176	-1	
-0.088976190340652503	0.06638318104807904	-0.071162337052924213	-1	
-0.083351133370728719	0.061788951504113017	-0.070628987695752279	-1	
-0.073219749183692964	0.060390149837753843	-0.071036165016687219	-1	
-0.076880601958931358	0.059164395544640994	-0.07095964456496362	-1	
-0.09114125385011361	0.067633181048079041	-0.072407497418781275	-1	
-0.092437398294778553	0.064941629188372374	-0.071011529069486254	-1	
-0.094074937160946615	0.062869757504192311	-0.069719689469199264	-1	
-0.093893605757157689	0.059223981388602312	-0.067993926033219909	-1	
-0.096064940515761463	0.055463119266460276	-0.066204076117874475	-1	
-0.1026740532082666	0.050984402057953716	-0.063108307312975245	-1	
-0.098236275274365237	0.051702257144318239	-0.064247565707129958	-1	
-0.10481376667726887	0.049889813882625082	-0.062157278553431887	-1	
-0.11320009124199691	0.046938753435545946	-0.061824888387663812	-1	
-0.11568769160948228	0.045566237205759169	-0.06203682672844938	-1	
-0.11694572629162318	0.043018825749423124	-0.062073296400566497	-1	
-0.1203696897479591	0.039489791559979906	-0.05475711454178691	-1	
-0.10689244985483282	0.048683342477944619	-0.061153530310770629	-1	
-0.10929720718926171	0.047590500307897438	-0.061377769894132482	-1	
-0.11097408975960947	0.045996392140013595	-0.061490651280163032	-1	
-0.12358087467348958	0.03443996390116362	-0.044791117528089883	-1	
-0.15151453739102955	0.019947267268327917	-0.022368358669318494	-1	
-0.14298920136798035	0.026630528201609927	-0.022512075658951393	-1	
-0.13209111373438379	0.027043947725241192	-0.028285817853560446	-1	
-0.13751297773406046	0.025163178501328865	-0.022508782160083455	-1	
-0.12967254940635542	0.029359849685939361	-0.033387586902761161	-1	
-0.021835475632926399	0.075484677167058201	-0.044396799038987154	-1	
-0.030407400494819631	0.073896012351790274	-0.061455973638243226	-1	
-0.011811084260312849	0.072259678133437574	-0.02454211426959485	-1	
0.2114177435878877	-6.2450045135165055e-017	-0.0011556693962237196	-1	
0.19201501885666208	0.0083835567758775657	-0.00088697545059217861	-1	
0.17706418135336022	0.014907530310983332	0.0079770643890143822	-1	
0.16087789076210668	0.016930836919580951	0.01786247513048175	-1	
0.15151453739102955	0.019947267268327885	0.020291586861603327	-1	
0.14128612549300212	0.026174190396260649	0.020433104198760179	-1	
0.13523196553141226	0.030269880184340122	0.030340477363849403	-1	
0.12157041198805395	0.044258006547029563	0.060445289437615166	-1	
0.12130300000474177	0.038818086051429654	0.051154161548664291	-1	
0.12864698153409856	0.027097260850758004	0.027875286109107927	-1	
0.12375218353773212	0.032723835079247664	0.039674867912411739	-1	
0.11734005729287164	0.046878900082851151	0.06017505052921196	-1	
0.095490813983080861	0.063426137358897169	0.067830679079943251	-1	
0.095612729551065298	0.065826477667537187	0.069394475765302555	-1	
0.093893605757157689	0.059223981388602291	0.06589585633528619	-1	
0.096064940515761463	0.055463119266460262	0.064112624064572785	-1	
0.11391205398776398	0.048696718593678343	0.05991713071575136	-1	
0.10148427570887121	0.050036406688708276	0.060779869575039058	-1	
0.10245979978766874	0.04758232058883239	0.059355165426271027	-1	
0.10481925997387967	0.047486385742095114	0.058727968406469308	-1	
0.098236275274365237	0.051702257144318232	0.062173442182075184	-1	
0.11161137831941208	0.045842702015007578	0.059481473612323976	-1	
0.10863873436179924	0.045372499058767141	0.059033035888361986	-1	
0.074590842035660548	0.064735455111896642	0.06877962885203924	-1	
0.068799453933425458	0.062458958421321514	0.068882431055540969	-1	
0.081904155112867721	0.062594333042600689	0.068526024075488148	-1	
0.088976190340652503	0.06638318104807904	0.068786255664846058	-1	
0.091815221655280027	0.065250432086471924	0.068868674905275692	-1	
0.048525864568086143	0.065992575426633462	0.069119282656900385	-1	
0.041527859023664522	0.065630241909832576	0.069117749979252227	-1	
0.035274306832987573	0.069308408376738073	0.068993568822795934	-1	
0.035274306832987594	0.078483616326842587	0.068878805749299263	-1	
0.031228840731245364	0.080436741326842587	0.060714999565170492	-1	
0.023855637498537311	0.078832353105033684	0.046093834432397632	-1	
0.055323570528717357	0.063961683699514799	0.069043695704128258	-1	
0.060704754842300319	0.063715351920044863	0.068971623857537703	-1	
0.052220700426633543	0.064039450426633462	0.069092370848188894	-1	
0.014642248421791784	0.075686971305910469	0.027874518679597782	-1	
0.0024796487906892112	0.062688206940315933	0.0037665409271662176	-1	
-0.21061323524477385	-0.018426270472436234	-0.00061774740049740215	-1	
-0.19201501885666211	-0.008383556775877583	-0.00088590759769212487	-1	
-0.17236498702456057	-0.0029781441506591248	0.00085610831799638059	-1	
-0.15282195036149682	0.011285213600378324	-0.022133882894608149	-1	
-0.15967909203544073	0.0022741825169007839	-0.0047331193555077179	-1	
-0.054432079296163699	0.06599257542663356	-0.071231383111792904	-1	
-0.057367012841415967	0.064172288165028776	-0.071211887040113123	-1	
-0.058775045008046173	0.061018762194382209	-0.071233132899784168	-1	
-0.06021760943393599	0.0589163145827305	-0.071242003478977647	-1	
-0.06393368396656296	0.058715203032729757	-0.071201509696579734	-1	
-0.070523648134147868	0.056460988547243705	-0.071140326911179691	-1	
-0.049966770460780081	0.06599257542663356	-0.071302493284649632	-1	
-0.052220700426633508	0.06403945042663356	-0.071290464808563866	-1	
-0.03527430683298749	0.060814554401685816	-0.071199310251008396	-1	
-0.04208077651778809	0.062640009092315652	-0.071324914885874377	-1	
-0.047588319876135064	0.062259088933609361	-0.071350702526913001	-1	
-0.030213918517466042	0.065061481389211931	-0.061120242176431611	-1	
-0.086947449986577482	0.063804968905388254	-0.070487082378089996	-1	
-0.085256136010191441	0.062606363613383148	-0.070493707410334519	-1	
-0.090081999445778424	0.064773248289034219	-0.070394297433526903	-1	
-0.082441511993422451	0.057564586370416254	-0.070728364377713279	-1	
-0.08629611632684249	0.059517711370416233	-0.070128805466311034	-1	
-0.07482710638921182	0.055904208227560058	-0.0710637296221312	-1	
-0.07882923693132414	0.05584046908009925	-0.070947807344580754	-1	
-0.091434898048905089	0.062803581218340676	-0.069560967407858221	-1	
-0.091483222475773326	0.057569803339327021	-0.067992012023439838	-1	
-0.089348962681405741	0.059567599052613905	-0.069122315135097645	-1	
-0.093296279717192052	0.050423057206977553	-0.064933723602029564	-1	
-0.091137788094689032	0.05358529536927862	-0.066695806149539766	-1	
-0.10010694580817482	0.047783153893621699	-0.062110504451748705	-1	
-0.10241614262243597	0.046889098364335677	-0.061183778906972949	-1	
-0.095454771339695071	0.047260819044676487	-0.0630273534692809	-1	
-0.10481925997387967	0.047486385742095114	-0.060805244099735221	-1	
-0.11314772855233	0.044293231291537595	-0.061679986368937949	-1	
-0.11232104059519241	0.041779644951816734	-0.061458626431824842	-1	
-0.1154551358236541	0.03933241371630003	-0.056294509669665087	-1	
-0.11800224285384023	0.03660591289190554	-0.050727194970068334	-1	
-0.10863873436179927	0.045372499058767106	-0.061102128456272407	-1	
-0.10604302806581069	0.044944121602413928	-0.060641369800477039	-1	
-0.1105915245128196	0.043609601147308726	-0.061297729644807619	-1	
-0.12386625630810232	0.02846242048163701	-0.034452810945255208	-1	
-0.11568452227249075	0.030566401832084054	-0.04143122105543158	-1	
-0.14217474841809882	0.018717660723102367	-0.022389202621370442	-1	
-0.14500945036149682	0.011285213600378324	-0.022234994295333672	-1	
-0.12901703178129686	0.025716214526860494	-0.027416497863349595	-1	
-0.13203675410014054	0.023695828801047796	-0.022529599727135349	-1	
-0.13232384242328216	0.01862610965558675	-0.022468767894978096	-1	
-0.12540526811942898	0.025321442928590135	-0.028386225417819804	-1	
-0.019123596706950928	0.064682330122692255	-0.039080677214577648	-1	
-0.007443257667806155	0.061692644918526524	-0.015827275948312854	-1	
0.21061323524477385	-0.018426270472436359	-0.0016921755040595935	-1	
0.19201501885666208	-0.0083835567758775952	-0.0014243882206150099	-1	
0.17945793040841507	-1.3877787807814457e-017	-0.0011048833230765467	-1	
0.16317491029619036	-2.7755575615628914e-017	-0.0010526348229531848	-1	
0.15282195036149682	0.011285213600378288	0.02005004258886698	-1	
0.1432462964747008	0.011285213600378289	0.020173237397445132	-1	
0.13825625048970788	0.018983095063414557	0.020343138846759319	-1	
0.13203675410014054	0.023695828801047855	0.020449438686954476	-1	
0.11694572629162318	0.043018825749423166	0.059982694861014249	-1	
0.11533040025375695	0.039797933200667254	0.05503623112258705	-1	
0.11753885887995186	0.03466853914493969	0.045523258814627023	-1	
0.12741206840370975	0.022456648003441458	0.020486308153575133	-1	
0.12392649390664069	0.026215617727207992	0.02849187226509069	-1	
0.11766420430320707	0.030416501976704594	0.038287049285306331	-1	
0.1139282321758707	0.045030895708089949	0.059727834608090474	-1	
0.091434898048905103	0.062803581218340676	0.067487280484462425	-1	
0.088765995088998947	0.056491411986226071	0.066254712293709189	-1	
0.091137788094689351	0.053585295369278654	0.0646335359455988	-1	
0.095125004109450448	0.052698968975300194	0.063285505686398263	-1	
0.10010694580817482	0.047783153893621699	0.060023267584829641	-1	
0.1041426798514455	0.045114050642925167	0.058286046156977481	-1	
0.10113627822682977	0.045626675799222742	0.058734842794190126	-1	
0.10604302806581067	0.044944121602413949	0.058577644742019645	-1	
0.09773278541721736	0.04795014995996949	0.060653113753807497	-1	
0.095903931708727616	0.049885202980212213	0.061951370815474728	-1	
0.11059152451281959	0.04360960114730876	0.059222595254110354	-1	
0.1070151583376707	0.043302426761956878	0.058589879634238742	-1	
0.075849137351790302	0.056870439023879935	0.068789249378315376	-1	
0.070580179401685816	0.055976777671495143	0.068924767253548777	-1	
0.065992575426633573	0.05592692280769488	0.068999712593798446	-1	
0.062777502361715448	0.05867978450662055	0.069005825327839596	-1	
0.086296116326842795	0.059517711370416275	0.067869967191475214	-1	
0.081834896052519548	0.057822330898525044	0.068520421345829974	-1	
0.050011704473571485	0.062086325426633469	0.06913676750249613	-1	
0.046763116660045775	0.060972405002225692	0.06916096627237682	-1	
0.035274306832987545	0.060814554401685809	0.068999687225861486	-1	
0.039684862617401395	0.058869566542411489	0.069084715940421537	-1	
0.030525889982430731	0.065061481389211959	0.059498520561090888	-1	
0.030565230015224872	0.073896012351790344	0.059557248062867246	-1	
0.022172154911516681	0.069516033516745165	0.042880914861109024	-1	
0.057051074625503052	0.061383005718486337	0.069047027877423561	-1	
0.054504080944947644	0.060967975738416162	0.069085403149702615	-1	
0.05902415023237486	0.059719756085173985	0.069039711566600798	-1	
0.052220700426633536	0.060133200426633462	0.069125076942092106	-1	
0.01287498552300884	0.063485796945324996	0.024331176912170138	-1	
0.0057392126159315935	0.048737255158958694	0.0095969571268513694	-1	
0.013090614622186445	0.053062137334325035	0.024175838223544906	-1	
-0.0061227804882620111	0.051807729322448752	-0.013083478747540919	-1	
-0.20820583300969883	-0.036712305900490981	-8.2189547332623935e-005	-1	
-0.19055366862132456	-0.025086866398438344	-0.00034800257573598269	-1	
-0.17422302177157023	-0.016212788894833248	0.0073563975445547587	-1	
-0.1589420437878786	-0.0058666492939037536	0.0079950825309063975	-1	
-0.16087789076210662	-0.016930836919580958	0.015888503658666217	-1	
-0.14891570036149682	0.0057910664781954443	-0.01194484281006819	-1	
-0.15283997770267763	-0.00042779167645487677	-0.0002129948151671546	-1	
-0.054083045024818664	0.06306288792663356	-0.071271530722057747	-1	
-0.056227516559922509	0.060912099695895394	-0.071265682373492539	-1	
-0.057183257039169072	0.059026906490592175	-0.07127473059832086	-1	
-0.057658131844699846	0.057282729722397202	-0.071288989292126903	-1	
-0.060876472028987889	0.056593149556417026	-0.071264311239708833	-1	
-0.065992575426633449	0.054437319145467719	-0.071238346531582689	-1	
-0.063062887926633462	0.054818143202815556	-0.071266108511719661	-1	
-0.067945700426633462	0.052220700426633543	-0.071254295633384743	-1	
-0.072533304401685705	0.05222070042663355	-0.071187427302740303	-1	
-0.050525186711385998	0.06306288792663356	-0.071322526825988719	-1	
-0.052220700426633508	0.06208632542663356	-0.071309333931124472	-1	
-0.03527430683298749	0.056567627414159702	-0.071134752114486305	-1	
-0.038700006450291743	0.058691090907922759	-0.071253210868010508	-1	
-0.028464048848849569	0.058691090907922759	-0.0574064595878548	-1	
-0.045652283262924656	0.058564683210909144	-0.071359195840809866	-1	
-0.042703145067463852	0.057257017465107578	-0.071326508188783666	-1	
-0.048962318238251153	0.059541846189560557	-0.071359409044565114	-1	
-0.050407952717281691	0.061109762926633546	-0.071339848698529107	-1	
-0.089035055835324256	0.062604673654494528	-0.069956983570217623	-1	
-0.087065086411914905	0.061593992111983631	-0.07012918491446149	-1	
-0.086296116326842476	0.055611461370416233	-0.070711352660832102	-1	
-0.082389866326842476	0.052220700426633578	-0.070994458168902083	-1	
-0.088765995088998656	0.05649141198622603	-0.068327428332486478	-1	
-0.077120908376737962	0.052220700426633557	-0.071100824434826279	-1	
-0.089459729571259833	0.050267575426633612	-0.06822136037494908	-1	
-0.089686628835756801	0.046361325426633612	-0.067954912702449258	-1	
-0.086296116326842476	0.052220700426633598	-0.070940968260187046	-1	
-0.10197761634198441	0.043864050642925173	-0.059758722161755005	-1	
-0.1041426798514455	0.045114050642925167	-0.060351034579238613	-1	
-0.094414807377053864	0.041132715170997237	-0.062627285824871426	-1	
-0.09921548057118143	0.040590555841898877	-0.058607242232051285	-1	
-0.11000869774697701	0.041160054553013546	-0.061089963948507423	-1	
-0.11161897007454663	0.038285835498234319	-0.055836727177907539	-1	
-0.11436457137890246	0.035775908549102731	-0.050672395482024721	-1	
-0.1070151583376707	0.043302426761956857	-0.060653558506734206	-1	
-0.10487068541030899	0.043438860192312273	-0.060142026422604793	-1	
-0.11976702824201886	0.025859664504283363	-0.031791665285268944	-1	
-0.12197274895179439	0.023991107552862725	-0.027673685352660751	-1	
-0.11292828403315663	0.028953878333978788	-0.039908775379430148	-1	
-0.11124862655044872	0.033743927338931265	-0.048490204140943009	-1	
-0.11488747166591731	0.024886610823573775	-0.03230703395118411	-1	
-0.1393400464747008	0.011285213600378324	-0.022287962751112028	-1	
-0.14217474841809882	0.0058543796639408093	-0.012031704483678924	-1	
-0.12741206840370975	0.022456648003441403	-0.02256627110294606	-1	
-0.12850283045717936	0.015281810106497618	-0.022470513199356591	-1	
-0.12724945549208372	0.018438841955165708	-0.022529555262036604	-1	
-0.13367064258790479	0.011285213600378324	-0.022342261839715508	-1	
-0.12509972555549437	0.021837057604638211	-0.02259267191977395	-1	
-0.014370561997866323	0.054518547690163358	-0.029193152548306674	-1	
-0.022859777563710385	0.052699851693153263	-0.045590591978945841	-1	
0.20820583300969883	-0.036712305900491106	-0.002226931192920183	-1	
0.19055366862132456	-0.025086866398438344	-0.0019614683805856533	-1	
0.17706418135336016	-0.014907530310983262	-0.0099729749724693385	-1	
0.16087789076210657	-0.016930836919580975	-0.019852244854319464	-1	
0.15282195036149682	-0.011285213600378343	-0.022134670086327652	-1	
0.1480341234180988	0.0023013904770255098	0.0032760918539396612	-1	
0.13845846953130278	0.0057567077405925116	0.0097931781482164856	-1	
0.13367064258790479	0.011285213600378289	0.020264240321311036	-1	
0.13048217520509817	0.018308003891135783	0.02040622906068016	-1	
0.11232104059519238	0.041779644951816769	0.059377409374789324	-1	
0.11193913302699525	0.038580257703692798	0.054143627248258483	-1	
0.11197337208081994	0.035130415287683917	0.048402776625521886	-1	
0.11343566470323113	0.03088016608639951	0.040711075079655185	-1	
0.12559824690573851	0.019976550596869189	0.020491531764148706	-1	
0.12278738270727896	0.021217467205835065	0.020544427423169708	-1	
0.11977593447504301	0.023206973620041548	0.025265700057929767	-1	
0.11538019402957687	0.02682779348685263	0.033200879098098109	-1	
0.087846154209804406	0.05417382542663346	0.067250889237035427	-1	
0.086296116326842684	0.056126950426633515	0.068405798594487741	-1	
0.089550594725677127	0.050184108874760068	0.065961138169322434	-1	
0.093296279717192357	0.050423057206977574	0.062864821415629116	-1	
0.098966901716087421	0.045915086764628826	0.059392265317698319	-1	
0.10197761634198441	0.043864050642925173	0.05767818733960698	-1	
0.10487068541030899	0.043438860192312294	0.058084838184554906	-1	
0.099655613682979802	0.043837816643294975	0.058193623670345543	-1	
0.095454771339695363	0.047260819044676501	0.060941643435235705	-1	
0.110008697746977	0.041160054553013581	0.059017870757348649	-1	
0.1076963548987616	0.040540464154210379	0.058642438428195366	-1	
0.10554044627030242	0.041739543997491087	0.058096109156044094	-1	
0.078483616326842545	0.052220700426633515	0.068843070112868693	-1	
0.073214658376738059	0.052220700426633515	0.068951150902451769	-1	
0.067945700426633573	0.052220700426633515	0.069034983009378104	-1	
0.062086325426633573	0.05441299000172059	0.069069461350809033	-1	
0.064039450426633573	0.052220700426633515	0.069082672800290471	-1	
0.059465557048214747	0.056630342794493742	0.069069443598851143	-1	
0.082389866326842545	0.052220700426633515	0.068756845145268738	-1	
0.049678100608765881	0.059156637926633469	0.069157586578251565	-1	
0.044239167665296251	0.057290235788303751	0.069144812507697342	-1	
0.04755589325908928	0.057630901334995981	0.069167762632033725	-1	
0.030570348276705364	0.058691090907922759	0.059459123705032986	-1	
0.035274306832987531	0.056567627414159674	0.068936229361619777	-1	
0.038829293181027777	0.055572834594586416	0.069028796615808866	-1	
0.042124727028222023	0.054712278753845253	0.069107619195844933	-1	
0.021910805554017969	0.058284534409976656	0.04204897190595018	-1	
0.05597929783744595	0.059035513181814873	0.069084052967809076	-1	
0.053907357095515855	0.058611156470823156	0.069113459442364092	-1	
0.057114786311099092	0.057251225373630775	0.069088341586719754	-1	
0.052220700426633522	0.058180075426633462	0.069138263735789685	-1	
0.013374182708079328	0.04493528869666856	0.023211452720977643	-1	
0.00086163908402068622	0.041740327709772769	0.00058581709538643647	-1	
0.023315900337040962	0.052346084724993969	0.043937310764404124	-1	
0.021384480650409543	0.046335719528168701	0.038257290613554477	-1	
-0.017047754807061881	0.046259790234268357	-0.032235120632667209	-1	
-0.0092635102345935225	0.033683947965227543	-0.016224834694841671	-1	
-0.2042138586673008	-0.054718938513146603	0.00044616630555171653	-1	
-0.18764208990832779	-0.041599249819842907	0.00018981815791759373	-1	
-0.17787557386704048	-0.028954519020392869	0.011087260311503748	-1	
-0.16498457777231798	-0.02586987267298653	0.018904579665776217	-1	
-0.15282195036149682	-0.011285213600378308	0.020165745404189736	-1	
-0.15151453739102955	-0.019947267268327903	0.020405112159731027	-1	
-0.14548646695080864	-0.00043317872695963072	-0.00018939661683029839	-1	
-0.053884556124939698	0.060969420975516234	-0.071295849598724773	-1	
-0.054801602321110317	0.059348709136462598	-0.071299495674630509	-1	
-0.055942434267596389	0.05881779280062098	-0.071291205196270982	-1	
-0.05658267210982295	0.057321926601478737	-0.071299569560079448	-1	
-0.058739482392962679	0.055468662582652796	-0.071299532513717678	-1	
-0.056988131870568039	0.055654022563496677	-0.07131338291860316	-1	
-0.060349562957770768	0.05423654978358463	-0.071300772696192782	-1	
-0.064039450426633462	0.052220700426633536	-0.071297099071900794	-1	
-0.062086325426633462	0.052220700426633536	-0.071314701511012935	-1	
-0.065992575426633476	0.049967255344296808	-0.071311205001694758	-1	
-0.070582701900978997	0.047961999124272146	-0.071283769774235992	-1	
-0.074827106389211848	0.048594010446362003	-0.071217344009252045	-1	
-0.052220700426633515	0.060133200426633546	-0.071326158050758301	-1	
-0.037844496220565904	0.054752484895108401	-0.071166652343873954	-1	
-0.030876022246847035	0.054444163920396645	-0.062117990844318322	-1	
-0.03527430683298749	0.052320700426633594	-0.07092103147356639	-1	
-0.040982990329016263	0.054527828304484077	-0.071277486437597098	-1	
-0.045583761370251316	0.055804620992107319	-0.071361480822574999	-1	
-0.047164589544598942	0.056254798276146968	-0.071370906203053197	-1	
-0.043416926530697203	0.054026898443480541	-0.071331155231458068	-1	
-0.051059896969914947	0.059156637926633546	-0.071347016002788741	-1	
-0.049928199089439046	0.057640452983865303	-0.071364032868068847	-1	
-0.086296116326842504	0.048314450426633598	-0.071088849478670113	-1	
-0.080436741326842504	0.04636132542663355	-0.071173174546228707	-1	
-0.089869335749801285	0.04212472702822212	-0.067366583261609228	-1	
-0.086296116326842517	0.044408200426633598	-0.071141440714703769	-1	
-0.10312563170457975	0.041092496384734736	-0.058442258800646123	-1	
-0.098056596851545302	0.037958164922784636	-0.057629306089418506	-1	
-0.091454660655640133	0.037146732971905176	-0.064417409984615495	-1	
-0.10138145276385278	0.039439520781195218	-0.057129835071670354	-1	
-0.10080394044245342	0.037106932510238638	-0.05524886465875601	-1	
-0.10769635489876161	0.040540464154210337	-0.060709815652130669	-1	
-0.10832513738307858	0.038354961068097077	-0.057001979667484243	-1	
-0.10909136977965109	0.036172698282378152	-0.053194900493951897	-1	
-0.10554044627030244	0.041739543997491045	-0.060149759139725069	-1	
-0.11933008083820815	0.022819350678904008	-0.02691295450620541	-1	
-0.12278738270727897	0.021217467205835013	-0.022625783577565999	-1	
-0.11020757825516977	0.027282100437983542	-0.03888620853921728	-1	
-0.11022877862025866	0.030659677791606787	-0.043933862503674995	-1	
-0.10829587774052098	0.032389689717110641	-0.047456197279954336	-1	
-0.10743687288948613	0.034556522861229365	-0.051075765588635011	-1	
-0.11630523402226516	0.02228574695836848	-0.027363686427001238	-1	
-0.11126489060115824	0.02286255024139186	-0.03163163649386759	-1	
-0.11305724044853642	0.021162343311428883	-0.027417682995612029	-1	
-0.13617183679748768	0.0070768952786458613	-0.01435967939827479	-1	
-0.13436092809066472	0.0025286510870228046	-0.0057675430477616618	-1	
-0.12552207099528107	0.013653046180406123	-0.022494261477282552	-1	
-0.12888281564450677	0.011285213600378324	-0.022401297059356735	-1	
-0.12529844299673581	0.016408619717738739	-0.022536909552394454	-1	
-0.12458522631194943	0.019132509225572889	-0.022579313831746613	-1	
-0.13127672911620578	0.007138833632959616	-0.014515669169729099	-1	
-0.032205950330927748	0.047346261302921799	-0.060191333928880826	-1	
-0.02509728010136128	0.043025730455221428	-0.045386809688378868	-1	
0.20421385866730077	-0.054718938513146728	-0.0027540255946658064	-1	
0.18764208990832779	-0.041599249819842948	-0.0024989837302993589	-1	
0.16498457777231795	-0.025869872672986512	-0.027295855520918837	-1	
0.15151453739102955	-0.019947267268327896	-0.022374545599103273	-1	
0.1432462964747008	-0.011285213600378341	-0.022261269444225577	-1	
0.13389116024145548	-0.0043882625426280037	-0.009324482369636608	-1	
0.13127672911620578	0.0071388323702029251	0.012454225423951939	-1	
0.12888281564450677	0.011285213600378293	0.02032378383213616	-1	
0.12556829449153509	0.015155887128945661	0.020435363920929553	-1	
0.10874784875265946	0.038135694058663655	0.05453090509787805	-1	
0.10941780476079814	0.032895040640700424	0.046004792919760076	-1	
0.10761140249998558	0.03576988585595485	0.051007112172555602	-1	
0.11151070806525394	0.025374945437967752	0.033118199167057376	-1	
0.10714651861204953	0.028709823133904969	0.041152601027761075	-1	
0.12297159844187094	0.018382326829686178	0.020522923059674531	-1	
0.1201354229525924	0.018214800761993669	0.020587014906846314	-1	
0.11816269701084817	0.019978286408228667	0.020646483934230485	-1	
0.11621317048067706	0.022629332773099923	0.025915523161721115	-1	
0.11302216350546396	0.023433182886416631	0.029020103646570074	-1	
0.086296116326842545	0.052220700426633515	0.068697566945642094	-1	
0.091826772793990402	0.047102201539653478	0.063855577110040196	-1	
0.086296116326842517	0.048314450426633515	0.068854094369621463	-1	
0.097335125955438528	0.043925687443287675	0.058861416939200731	-1	
0.10083725346855481	0.042024199231502857	0.056960565009714519	-1	
0.10312563170457975	0.041092496384734778	0.056438053100841615	-1	
0.09921548057118168	0.040590555841898857	0.056513609894088886	-1	
0.09294095521697042	0.043645884064527761	0.062395706629525614	-1	
0.10618948759308043	0.03872165200457646	0.055002666410668394	-1	
0.10384986203703733	0.039045502232454586	0.053803142783380636	-1	
0.075459025779366584	0.047606493073099457	0.068998722347391322	-1	
0.080436741326842517	0.046361325426633515	0.068945822312328348	-1	
0.070580179401685816	0.049195503004591572	0.06904711726725607	-1	
0.066599305508092732	0.049690419114281445	0.069089217373018721	-1	
0.060133200426633573	0.052220700426633515	0.069118052337673749	-1	
0.059156637926633573	0.054218665533358502	0.06910105713361607	-1	
0.063789887421754551	0.049122728342411243	0.06912046091469283	-1	
0.060798135444574936	0.049561364642100439	0.069141526583178875	-1	
0.057523087018556372	0.055168006164495659	0.06910538760082402	-1	
0.051160540883747337	0.05687171801964773	0.069156568787351033	-1	
0.049342780905413941	0.055723371853835788	0.069171159461561646	-1	
0.045384762926633515	0.054159048605073333	0.069159525039410835	-1	
0.047827450511249786	0.055031306589486212	0.069172187804560456	-1	
0.029266822607953668	0.053697380449809456	0.056298819498946821	-1	
0.035274306832987525	0.052320700426633546	0.068755419622079442	-1	
0.039841253629810516	0.052320700426633525	0.069039589234326362	-1	
0.044408200426633494	0.052320700426633504	0.069148340931445923	-1	
0.054780052541164699	0.05729343747290299	0.069113599183756647	-1	
0.053091157449160986	0.057525736666284223	0.069131435140980579	-1	
0.053876471257032883	0.057030958140449034	0.069125737404233487	-1	
0.055169808856561239	0.05595900776845103	0.069120523856217031	-1	
0.052220700426633515	0.057203512926633462	0.06914370992019693	-1	
0.019944638483353077	0.040144131159717003	0.032720036338341453	-1	
0.013455590457341371	0.035833357583256363	0.020547292435143714	-1	
0.0056025399583784254	0.029728026408553643	0.0071497342909407511	-1	
-0.0020736937404469465	0.029164344851110805	-0.0047825274439532595	-1	
0.027499738388913356	0.047903678263845458	0.050083483343434161	-1	
0.026011771897439563	0.042041182589187355	0.043342439660270161	-1	
-0.018102318231699697	0.037649221373767264	-0.031624729917746675	-1	
-0.010548411838848555	0.025289348427666579	-0.014680038842601143	-1	
-0.016349129946797873	0.029002680313975692	-0.023858091334528816	-1	
-0.19866769355274538	-0.072309126963518766	0.00095696784427780725	-1	
-0.18330244158973696	-0.057795037831804674	0.0007176134953908428	-1	
-0.15994215340735218	-0.04408807590455685	0.040428558720438448	-1	
-0.15053549688586371	-0.028652551991473388	0.020607677137470512	-1	
-0.14512762399127993	-0.017766612100203187	0.020384196527838686	-1	
-0.1432462964747008	-0.011285213600378308	0.020278925250183998	-1	
-0.14128612549300212	-0.026174190396260601	0.020533693897150946	-1	
-0.13845846953130281	-0.0058947688187626157	0.010136862675278252	-1	
-0.053458530059019752	0.059156637926633546	-0.071317837806050444	-1	
-0.053972217270554484	0.058274998333333189	-0.071319050874845843	-1	
-0.05498260395041675	0.058004100323078317	-0.071309976184823487	-1	
-0.05552735798128508	0.057111066157631202	-0.071312648104294912	-1	
-0.056181187338709131	0.056323447750808928	-0.071313869920569012	-1	
-0.057193146185765993	0.05462579170932582	-0.071322874930454416	-1	
-0.058365868697068883	0.053817719919727308	-0.071322827752479376	-1	
-0.055995367230217606	0.05531681650220048	-0.071325567814968002	-1	
-0.060133200426633462	0.052220700426633522	-0.071330664839684657	-1	
-0.063062887926633462	0.050523711233902001	-0.071329331416776401	-1	
-0.061109762926633469	0.05038678289122276	-0.0713445297294516	-1	
-0.066508001930494512	0.045356290364355199	-0.071334535087947834	-1	
-0.062305900037104747	0.047323268301369348	-0.071357640725127999	-1	
-0.07319595258511076	0.044980266074166997	-0.071272515676017792	-1	
-0.076847585692649018	0.045507013439090194	-0.071225344330765786	-1	
-0.052220700426633515	0.058180075426633546	-0.071340726946617541	-1	
-0.039841253629810502	0.052320700426633587	-0.071238472348432322	-1	
-0.037557780231398989	0.049695255329237922	-0.068226870356044675	-1	
-0.042124727028222002	0.052320700426633587	-0.071303472101258952	-1	
-0.046656633272069543	0.054559380779872949	-0.071369320844701808	-1	
-0.045384762926633536	0.054173033751622073	-0.071358711499575331	-1	
-0.047980036503292675	0.054683968457537972	-0.071374956603360906	-1	
-0.048942620424568616	0.055727294825346101	-0.071373215354103556	-1	
-0.044408200426633522	0.052320700426633573	-0.071346587228655806	-1	
-0.051454069228733294	0.057691794176633546	-0.071352171102449985	-1	
-0.050762692970553774	0.055738669176633546	-0.071367564103236761	-1	
-0.051212843443429669	0.056815465418004613	-0.071359358786611413	-1	
-0.082279750194038714	0.042124727028222078	-0.071156950486412157	-1	
-0.086296116326842559	0.0398412536298106	-0.07107844253994279	-1	
-0.10377708001879124	0.03925121629753018	-0.056217567575842613	-1	
-0.099397166757539276	0.035413490925232875	-0.054681850558311984	-1	
-0.095783218710330409	0.034629752913667412	-0.057458429272952104	-1	
-0.086296116326842587	0.035274306832987615	-0.070818785280501534	-1	
-0.090853936468617502	0.032218279547665339	-0.060540085438855092	-1	
-0.10270488557370788	0.037604525578170268	-0.054939401098942527	-1	
-0.10159817037808941	0.035365120844408515	-0.053151343857790266	-1	
-0.10609580078183221	0.038804237675920887	-0.057196282941995899	-1	
-0.10682702170860972	0.036643984569747351	-0.054232820282196455	-1	
-0.11816269701084819	0.019978286408228622	-0.022729444819102815	-1	
-0.12118019112660067	0.017966216449561825	-0.022639881915566557	-1	
-0.10714651861204953	0.028709823133904931	-0.043291081563368583	-1	
-0.10827048418968901	0.024515126492195883	-0.037458050592531308	-1	
-0.10658453582322981	0.03080717145475945	-0.046082351183910811	-1	
-0.10602255303441005	0.032904519775613976	-0.048686149761283208	-1	
-0.10529832270195248	0.034951513927894168	-0.051176242204821837	-1	
-0.1158503541626328	0.019358696009425427	-0.022819596002042773	-1	
-0.11128377754988004	0.019442444789079385	-0.027206367679717548	-1	
-0.1090630746097702	0.020245398285192638	-0.031202524496087097	-1	
-0.1135380113144174	0.018739105610622229	-0.02294279020416394	-1	
-0.12888383362951403	0.0034047233925697971	-0.0074538891611685776	-1	
-0.12949351322752403	-0.00098820488881429334	0.00088312526157104197	-1	
-0.13127672911620578	-0.0065294233655342039	0.01138023396499162	-1	
-0.12409498870110877	0.011285213600378324	-0.022479293197507379	-1	
-0.12299909184750725	0.014783431610814539	-0.022560430081817399	-1	
-0.12648890217280778	0.007137528157795627	-0.014558349050572931	-1	
-0.033183777013437388	0.041074129335720147	-0.054414508560861587	-1	
-0.037797047883115754	0.044770243380697454	-0.062562403251081769	-1	
-0.029804502574715321	0.036166996182412356	-0.045977632187774224	-1	
-0.024685981707848716	0.031776256475711091	-0.036109997035544433	-1	
0.1986676935527453	-0.072309126963518877	-0.0032627534899656355	-1	
0.18330244158973696	-0.057795037831804744	-0.0030248650950352955	-1	
0.17336426363000368	-0.046587822227939023	-0.022214847571693754	-1	
0.15053549688586371	-0.02865255199147336	-0.022582999900536322	-1	
0.15843650596283018	-0.045350440402873587	-0.044287977233007834	-1	
0.14128612549300212	-0.026174190396260576	-0.022519648481104881	-1	
0.13571254765061674	-0.017866895852152169	-0.022431836477142478	-1	
0.13367064258790479	-0.01128521360037834	-0.0223497143236146	-1	
0.12888281564450677	-0.01128521360037834	-0.022410537517538614	-1	
0.12720708542674564	-0.0061028195699364416	-0.012613336268158309	-1	
0.1280788836557456	-0.00066885360843699985	-0.0023115219743663398	-1	
0.12648890217280778	0.0071353429569506743	0.012488457361474551	-1	
0.12409498870110877	0.011285213600378293	0.020399395180931212	-1	
0.12150353144405868	0.015949892723841706	0.020526955700963863	-1	
0.10602255303441005	0.032904519775614011	0.04652045922288188	-1	
0.1045740923694949	0.036998508080174394	0.051439798868311792	-1	
0.10827048418968901	0.024515126492195928	0.035334039918618693	-1	
0.11097665786897189	0.022065394143435481	0.028906249241398698	-1	
0.10496228642593911	0.026410055371289445	0.039018985386942547	-1	
0.10367734336983236	0.030016682274933905	0.044059785887284458	-1	
0.11757987024500557	0.017528739813933474	0.020653753079938192	-1	
0.11585035416263277	0.019358696009425472	0.020735502873269841	-1	
0.11299804600184588	0.020972622442053206	0.025067823345369517	-1	
0.089672806794251839	0.044500103323387427	0.065558172742440579	-1	
0.086296116326842517	0.044408200426633515	0.068910142182149262	-1	
0.092927175856547334	0.039242835513943607	0.06091193387295122	-1	
0.10129497468365836	0.039872297138427666	0.055346922839167929	-1	
0.096630455374368596	0.037307874035516851	0.056200653564321364	-1	
0.10080394044245362	0.037106932510238611	0.053026542361988428	-1	
0.090621707681387567	0.041451596323639123	0.064060667680319455	-1	
0.072088154987093769	0.045541110459830517	0.069058440277942557	-1	
0.07608816777327583	0.042796225025750916	0.069017642269959489	-1	
0.080436741326842504	0.040645781726088508	0.06893562994872135	-1	
0.06815508307306585	0.045940510705794899	0.069100786072200757	-1	
0.064929464649644719	0.047360883902319989	0.06912148219872391	-1	
0.058180075426633573	0.052220700426633515	0.069133347715734997	-1	
0.059156637926633573	0.050366191417062216	0.069145286599644376	-1	
0.057121665461786743	0.053321767572934858	0.069128463084838568	-1	
0.062847012933763297	0.047618035492687977	0.06913615932652431	-1	
0.061079016379486227	0.047783265805214234	0.069146266666589615	-1	
0.059387325897332068	0.04839866233260267	0.069153774062286802	-1	
0.055949903109078061	0.054121665593664964	0.069129664813552705	-1	
0.051666370721457681	0.055738669176633462	0.069157123605047818	-1	
0.052220700426633515	0.056226950426633462	0.069149252155134261	-1	
0.050855590176914801	0.055259624330540408	0.069165275984339719	-1	
0.050323927585434546	0.054481999689822869	0.069170582816805867	-1	
0.048802731676633508	0.053680748489275516	0.069175342261579981	-1	
0.047337887926633508	0.053438978416859476	0.069172173278228735	-1	
0.046361325426633494	0.052320700426633483	0.069167472635943611	-1	
0.033427258270305051	0.049150305598910565	0.061602749029249865	-1	
0.037096175039018332	0.049105122628507338	0.064487920425556428	-1	
0.042124727028221995	0.04977709873582891	0.066577304885496055	-1	
0.040528355766019562	0.047734254366000171	0.063911866144612361	-1	
0.045526957730970624	0.049446967598261546	0.067391709991235796	-1	
0.053786229564472772	0.056094362724101787	0.069133444866894225	-1	
0.053040583440409163	0.056598932568267458	0.069138002001829804	-1	
0.054548779796757145	0.054500459284148546	0.06913790675909337	-1	
0.054008840288455054	0.055194308739169105	0.069137569699011123	-1	
0.022055936280607515	0.034148188064449268	0.03210306834228261	-1	
0.016945635755851816	0.028572532684032655	0.022141690610619418	-1	
0.012200450954670452	0.027875680834878302	0.015550760420898896	-1	
0.0020425134434799387	0.025659142451056615	0.0013407723605855836	-1	
0.0086232188143808459	0.025112726584224296	0.0098081498258895533	-1	
0.0049859559046275415	0.024356859910387989	0.0049356255585192438	-1	
-0.00067912286161267497	0.023940861577445197	-0.0019389509541972135	-1	
-0.0055312084165406606	0.022288790101945236	-0.0074659802565959195	-1	
0.031835581099665396	0.043674016380852471	0.053097227644939946	-1	
0.029119337105641841	0.03685216165148586	0.04300324084777573	-1	
-0.014818939135348567	0.023193843742628388	-0.017803267082571558	-1	
-0.0094145940244543917	0.020220775972458881	-0.009936345935891603	-1	
-0.012496252546590753	0.02047459130531969	-0.013198003875612261	-1	
-0.021512101360955653	0.026980159131508238	-0.028289153434929257	-1	
-0.018391570642002704	0.023353565140903275	-0.021786997958842865	-1	
-0.19160954733142041	-0.089348999296253936	0.0014412925991454694	-1	
-0.17756775100960792	-0.073550970708268437	0.00121909574476331	-1	
-0.16717251292001628	-0.060227150873302222	0.023123103743826041	-1	
-0.14469384047020789	-0.0504539105350615	0.061110593550130647	-1	
-0.15101408652171783	-0.057992194706467791	0.047939479864463896	-1	
-0.14357405647575472	-0.039540410260096449	0.042948430624134941	-1	
-0.13845846953130281	-0.016732059768449426	0.020409184045779107	-1	
-0.13367064258790479	-0.011285213600378308	0.020361406965846918	-1	
-0.13203675410014054	-0.02369582880104781	0.020546128257636253	-1	
-0.13260328702314408	-0.039515469058021523	0.047655619915711996	-1	
-0.1304687787864581	-0.030103622600739944	0.03231305416358813	-1	
-0.053206850469965213	0.057600182370032907	-0.07133327714877262	-1	
-0.054222209255731096	0.057285722370258876	-0.071324657648315054	-1	
-0.054406960363313391	0.056419237301577919	-0.071330011858600578	-1	
-0.055292528634229912	0.055815391365800215	-0.071326992508355197	-1	
-0.056941700382335501	0.053816071596046691	-0.071333762748277116	-1	
-0.056094362724101038	0.053786229564458832	-0.071340219573111416	-1	
-0.057528511251422457	0.053093203423594942	-0.071337908365575298	-1	
-0.058180075426633462	0.052220700426633515	-0.071344563382319814	-1	
-0.055169344110127125	0.054962522935357978	-0.071335811393209131	-1	
-0.059156637926633469	0.049678100608765867	-0.071363089669969612	-1	
-0.060702804128771243	0.048462616655904303	-0.071361480843262534	-1	
-0.068182138880301973	0.041029174927898752	-0.071303043156435916	-1	
-0.062436737010223349	0.042202779256335754	-0.071334744958984911	-1	
-0.059677323680760092	0.04532226096206414	-0.071361316562152888	-1	
-0.075230901605014958	0.041577503430873249	-0.071241399670835329	-1	
-0.052220700426633515	0.057203512926633546	-0.071347287634957637	-1	
-0.040982990329016242	0.050307749009101427	-0.069440612660655016	-1	
-0.041733033064079716	0.047740262296067607	-0.067193235152857536	-1	
-0.043266463727427755	0.049931869589067583	-0.069542637554810161	-1	
-0.047337887926633536	0.053417973623126197	-0.07137427701161661	-1	
-0.046361325426633522	0.052320700426633567	-0.071368175624650934	-1	
-0.048802731676633522	0.053527132096152161	-0.071378298376347432	-1	
-0.050446615177215673	0.054702212763984071	-0.071373020652916203	-1	
-0.045911018735008066	0.049803790423309124	-0.070134762016360278	-1	
-0.051090663415096216	0.054946909825989633	-0.071368831735809574	-1	
-0.051662993916305557	0.055738669176633546	-0.071361242961290969	-1	
-0.052220700426633515	0.056226950426633546	-0.071353381274563435	-1	
-0.080436741326842587	0.038669006715964849	-0.071126517859972302	-1	
-0.082389866326842587	0.035274306832987601	-0.070991579382320133	-1	
-0.10457409236949491	0.036998508080174353	-0.053616342698313293	-1	
-0.099202162968497765	0.033220609231056644	-0.052934662684737559	-1	
-0.09594026079970773	0.030158587334648303	-0.052822657974498942	-1	
-0.084342991326842615	0.029076383260521289	-0.058307906062980787	-1	
-0.089893343186076335	0.025696657219189033	-0.049344907492689424	-1	
-0.10344806017505681	0.035156650153985759	-0.052125135494851774	-1	
-0.1023924003137254	0.033623309178578399	-0.050917174446572989	-1	
-0.1175798702450056	0.017528739813933429	-0.022736301468532134	-1	
-0.11957963998351037	0.016104744636589424	-0.022660276920664843	-1	
-0.10496228642593892	0.026410055371289497	-0.041155587861338279	-1	
-0.10367734336983217	0.030016682274933943	-0.046231904992359865	-1	
-0.1059343112968453	0.022706813017639337	-0.035746149261939038	-1	
-0.10484865390976021	0.031450092647790494	-0.047458297661159575	-1	
-0.10420174543060705	0.033507694404574122	-0.050029482313541908	-1	
-0.11432905909141536	0.016006577547465584	-0.022865534880649095	-1	
-0.10949919577560879	0.017895989566296705	-0.027533098605637477	-1	
-0.11227047959557405	0.016622717690945695	-0.023091822700813634	-1	
-0.10690633616775169	0.019003570663989174	-0.030036842980274203	-1	
-0.12338876000316359	0.0025238300850225449	-0.0058058097139259482	-1	
-0.12565272612479633	-0.0053623694426359388	0.0092029081480641799	-1	
-0.12381582815428555	-0.0022722817251111076	0.0033282346923998807	-1	
-0.12648890217280778	-0.0088586025402420596	0.01583982308185013	-1	
-0.12888281564450677	-0.011285213600378308	0.020416919734263406	-1	
-0.11930716175771075	0.011285213600378324	-0.022578325041046683	-1	
-0.12170107522940976	0.0070334637514577383	-0.014423298219141383	-1	
-0.03851002110658374	0.038510021106583733	-0.056061778293925765	-1	
-0.035747885242573788	0.035747885242573788	-0.05086508794525238	-1	
-0.041272156970593693	0.041272156970593693	-0.060858179687308084	-1	
-0.044034292834603646	0.044034292834603625	-0.065154435122630139	-1	
-0.030223613514553885	0.030223613514553885	-0.040115924194629025	-1	
-0.026238624669005922	0.026238624669005929	-0.032271408495960129	-1	
0.19160954733142035	-0.089348999296254034	-0.0037451427346487823	-1	
0.17756775100960787	-0.07355097070826852	-0.0035232966241097795	-1	
0.16717251292001631	-0.06022715087330241	-0.025278014281179994	-1	
0.1408134576884362	-0.032155357582796647	-0.033167253592775933	-1	
0.14445478224445932	-0.040943892536868844	-0.046912642411177444	-1	
0.15101408652171788	-0.057992194706467826	-0.04995987106004339	-1	
0.14469384047020789	-0.050453910535061472	-0.063112701005936342	-1	
0.13203675410014054	-0.023695828801047782	-0.022534327587419987	-1	
0.1351743115498836	-0.030106502635559963	-0.032166418918356199	-1	
0.12888281564450677	-0.016948920758176104	-0.022496622722189948	-1	
0.12604535980635934	-0.01449201666615111	-0.022506617292468639	-1	
0.12409498870110877	-0.01128521360037834	-0.022490097097324815	-1	
0.12170107522940976	-0.0085980561565776534	-0.017422772131067524	-1	
0.12268470804873546	-0.0017601316406354566	-0.0044020359647858427	-1	
0.12394364892599126	0.0029626546116632586	0.0045831861567866596	-1	
0.12170107522940976	0.0073055229417796682	0.012868056973989411	-1	
0.11930716175771075	0.011285213600378294	0.020496040678317576	-1	
0.11737785822410519	0.015018927729330838	0.020620415193814037	-1	
0.1023924003137256	0.033623309178578364	0.048736807970859754	-1	
0.10906307460977019	0.020245398285192683	0.02909449434703645	-1	
0.10593431129684544	0.022706813017639275	0.033624867827587029	-1	
0.11128377754988003	0.01944244478907943	0.02510959991760639	-1	
0.10082124133965867	0.026966922234644232	0.041800371070490096	-1	
0.099509878945010635	0.022999721233936947	0.03720046379909113	-1	
0.099891328510073082	0.03070003675024971	0.047193919826968134	-1	
0.11432905909141536	0.016006577547465602	0.020778480665233332	-1	
0.11353801131441738	0.018739105610622274	0.020855399562949309	-1	
0.086296116326842517	0.039180556832987483	0.068831459026833783	-1	
0.08962208130407906	0.038100617495145685	0.064173522861740315	-1	
0.092512234030164966	0.035090621178684958	0.059057339063779787	-1	
0.096011925623270308	0.032817909283534882	0.052855391807903496	-1	
0.069718436696820651	0.041770494772553526	0.069071605358996785	-1	
0.078483616326842504	0.035274306832987483	0.068864868589676123	-1	
0.069308408376738045	0.035274306832987483	0.068984758148983902	-1	
0.082389866326842504	0.035274306832987483	0.068776016511336649	-1	
0.06469381849749431	0.045275889182810364	0.069125810042193536	-1	
0.065265656770991151	0.041847034752459517	0.069107130109157533	-1	
0.056226950426633573	0.052220700426633515	0.069146247735130353	-1	
0.057203512926633573	0.05112657337197854	0.06915093949339568	-1	
0.057498088824665769	0.048994624513686726	0.069160805926210711	-1	
0.055716136449416351	0.053128500787949881	0.069140567274628376	-1	
0.061843130766736136	0.046153339801823151	0.069142500061517287	-1	
0.060194102537489025	0.046374342835683563	0.069149857812692714	-1	
0.058546396888907525	0.04660499958815785	0.069155738236109071	-1	
0.054508881993880431	0.053622182616928339	0.069144879512689619	-1	
0.051762590252548681	0.055006247301633462	0.06915957390133487	-1	
0.052220700426633515	0.055250387926633462	0.069154234007394177	-1	
0.052775016561851559	0.055738669176633462	0.06914604210264888	-1	
0.051147941736022648	0.054364426239688554	0.069166453299521674	-1	
0.050935091822741724	0.053916932338454335	0.069168853723001758	-1	
0.050227580560276888	0.05344001010310051	0.069172870985047361	-1	
0.049291012926633494	0.052320700426633476	0.069175714195314736	-1	
0.048314450426633494	0.052320700426633483	0.069175583160515128	-1	
0.048261004553124653	0.050524882701831725	0.068659243618717641	-1	
0.03583359727860503	0.046380373409543145	0.059944548626372905	-1	
0.038783310006598681	0.04581685257616739	0.061009548184508523	-1	
0.043827149169775897	0.047003572363441368	0.064834905609139737	-1	
0.041553942673689157	0.045353123159841323	0.062107098691481531	-1	
0.048177496630618565	0.048177496630618599	0.067737747229222822	-1	
0.046796428698613592	0.046796428698613619	0.066385755566241073	-1	
0.053316309945485044	0.055295095395909558	0.069143328544996621	-1	
0.053753406692364364	0.054125834987463969	0.069146867545329185	-1	
0.053191404597254265	0.054460359578228278	0.069149431871704761	-1	
0.021071269175893224	0.026649285806959796	0.024982076681476686	-1	
0.026238624669005929	0.026238624669005936	0.030225660498517468	-1	
0.030223613514553892	0.030223613514553903	0.038055541863351826	-1	
0.014769564822101091	0.023825738213901056	0.016136274349944333	-1	
0.017853042279974179	0.023430163983679982	0.018887139749043266	-1	
0.011746442768652821	0.023101138148498648	0.012260843127515181	-1	
0.0017879567016054097	0.022450561112990951	0.00082337310508823203	-1	
0.00746806281156302	0.021581914990208353	0.0066832431751052308	-1	
0.0048036073562789912	0.020638268374012593	0.0034630196929654015	-1	
-0.00234720347317653	0.020888713149726391	-0.0034985326955721558	-1	
-0.00031690342924047964	0.020481540829912007	-0.0014523716064446502	-1	
-0.0037071895227468836	0.019327192893244336	-0.0041061465642745678	-1	
-0.0075408034275039467	0.018205109905869581	-0.006681042507937298	-1	
0.035028229805598797	0.040052484112004356	0.051907828603486056	-1	
0.036660085005307798	0.043493285093445778	0.0571226826296862	-1	
0.035747885242573794	0.035747885242573808	0.048456230145245818	-1	
-0.016287691151560327	0.019933172903325747	-0.016451696408403459	-1	
-0.0090184720045887665	0.017497342801147887	-0.0072461582838105965	-1	
-0.010939088490324232	0.017803209346085386	-0.0092692682857590507	-1	
-0.013920203989630578	0.017729886629381728	-0.012026438487686083	-1	
-0.022253635823457959	0.022253635823457973	-0.024476551668970583	-1	
-0.019491499959448006	0.01949149995944802	-0.019100068207347914	-1	
-0.1830931367578954	-0.10570887179394378	0.0018858250577791799	-1	
-0.17048166262595627	-0.088747136286351877	0.0016977161148672044	-1	
-0.16420987834153811	-0.072297175713449791	0.02082435492851805	-1	
-0.15266724886753302	-0.067689529013321426	0.039899271108889932	-1	
-0.13714754495232453	-0.048431886745198049	0.061189560257081679	-1	
-0.14118907205744274	-0.058482428505064979	0.061348461542848808	-1	
-0.13127672911620578	-0.015725071869455081	0.020457961505574718	-1	
-0.12741206840370975	-0.022456648003441416	0.020579487147746756	-1	
-0.12791623397077648	-0.04262481111851469	0.055076181973345212	-1	
-0.13167132131840464	-0.046964537044916987	0.061052631175345325	-1	
-0.12697964680236645	-0.039409899023861675	0.049902574210430116	-1	
-0.1243620317323389	-0.032598819663237563	0.039277502127736917	-1	
-0.12458792818350214	-0.027114648838827183	0.029805344919725949	-1	
-0.053000343074207999	0.056557496774665129	-0.071343128091184829	-1	
-0.053630762936992961	0.055992099266074818	-0.071340942924644796	-1	
-0.05447733479493163	0.055536074357736692	-0.071336751396202408	-1	
-0.05659893256825943	0.053040583440402085	-0.071344730059397718	-1	
-0.055295095395909717	0.053316309945483288	-0.071350237917546827	-1	
-0.055738669176633462	0.052775016561851566	-0.071352924261515419	-1	
-0.055194308739178508	0.054008840288453167	-0.071344483544987153	-1	
-0.057203512926633462	0.052220700426633515	-0.071350335075074767	-1	
-0.05687171801964773	0.051160540883747337	-0.07136342724381832	-1	
-0.054354924383134738	0.05458231426276406	-0.071345590494618333	-1	
-0.058620515717060367	0.04740497341831533	-0.07136964370415981	-1	
-0.055723371853835788	0.049342780905413941	-0.071379468878680172	-1	
-0.062923256459644139	0.038434729813018695	-0.071279258493598244	-1	
-0.065061481389211945	0.035274306832987559	-0.071217363942278719	-1	
-0.069308408376738073	0.035274306832987573	-0.071201497659205248	-1	
-0.059943390999487693	0.040791698124497087	-0.071309832100174039	-1	
-0.05839336879496921	0.043201128649617532	-0.071342674631640457	-1	
-0.057204515688424634	0.045376989565832242	-0.071364964126331101	-1	
-0.078483616326842587	0.035274306832987594	-0.071090086509836933	-1	
-0.044383885038997477	0.047383140561778989	-0.068007752811465719	-1	
-0.048314450426633522	0.05232070042663356	-0.071378159826306617	-1	
-0.047339359661414504	0.050953901452900109	-0.070920024268269016	-1	
-0.049291012926633522	0.05232070042663356	-0.071378866551518677	-1	
-0.050089362797800213	0.053330978303519086	-0.071377029901307662	-1	
-0.051480906307464103	0.054379120014679566	-0.071368766141342493	-1	
-0.051086299174387798	0.053827597734084846	-0.071372666677142385	-1	
-0.046702350562406417	0.048271574766825739	-0.069561197099154898	-1	
-0.047598259756184993	0.049447267471054615	-0.07041087586085569	-1	
-0.051777069890047746	0.055006247301633546	-0.071363908330796422	-1	
-0.052220700426633515	0.055250387926633546	-0.071358937345472218	-1	
-0.052784415051904746	0.055738669176633546	-0.071350756318644182	-1	
-0.080436741326842587	0.031252125224577668	-0.062976181171024034	-1	
-0.10096434929863857	0.032098429158433556	-0.050428813152832049	-1	
-0.10046436261719444	0.029888088924411426	-0.048481239245282082	-1	
-0.097404606134799468	0.02593109675601464	-0.045234362517377329	-1	
-0.088378287754460258	0.019679018757187892	-0.038617910317172557	-1	
-0.07890090498475695	0.023900296720163333	-0.048375208092904784	-1	
-0.093743115703249877	0.022797670180497435	-0.042202761528588505	-1	
-0.10303487184177879	0.031819995726756173	-0.048593223791508239	-1	
-0.11677015332169112	0.015025630362821767	-0.02272316319996856	-1	
-0.10217109269295319	0.027447837552344489	-0.044065952697380652	-1	
-0.10238651554475348	0.023754779113622761	-0.038890615732339796	-1	
-0.10320977321446634	0.020012488432662144	-0.032992289942346334	-1	
-0.1143080170004252	0.014098762974437917	-0.022765141150188861	-1	
-0.11254010777376981	0.014816186267171499	-0.022916595985350261	-1	
-0.10985566502985139	0.015975670078189393	-0.024317307983862429	-1	
-0.10755833096982101	0.015230807875580187	-0.024382092750817545	-1	
-0.10426557883112456	0.016604485774639754	-0.027569559735103163	-1	
-0.12022328178893332	-0.00110450608686668	0.0011187227373040233	-1	
-0.11801024034507435	0.0027599600335396356	-0.0062564471420547135	-1	
-0.1231940642064927	-0.0079849288466434017	0.014220775925875832	-1	
-0.12005745871655921	-0.0066191871429331674	0.011650821091703931	-1	
-0.12409498870110877	-0.011285213600378308	0.020490729743785952	-1	
-0.12648890217280778	-0.014137660038976409	0.020498372770281516	-1	
-0.11714477930161635	0.0087794207687268838	-0.017779595622291852	-1	
-0.11451933481431274	0.011285213600378324	-0.022644780222060554	-1	
-0.11589230389421902	0.0057157300278972041	-0.011865829053774717	-1	
-0.042055339442966827	0.037726838634210599	-0.058917705394680497	-1	
-0.040257328690457991	0.034000577658699516	-0.05421412032564326	-1	
-0.036074169620048849	0.029897329137078817	-0.045564565820639155	-1	
-0.047654416887866209	0.040148715869070338	-0.066210033047528566	-1	
-0.047393279848833861	0.04440321201540294	-0.067970960326645638	-1	
-0.046796428698613592	0.046796428698613585	-0.068843117351964175	-1	
-0.031779487072139595	0.024682751111420213	-0.035849398331038826	-1	
-0.026969384143760836	0.021522876348703049	-0.028163915435659017	-1	
0.18309313675789529	-0.10570887179394388	-0.00418635432321811	-1	
0.17048166262595615	-0.088747136286351946	-0.004002407100673796	-1	
0.15266724886753302	-0.06768952901332155	-0.042060182942057704	-1	
0.13627760789375465	-0.036082677585910251	-0.042044315766781824	-1	
0.13544446907734631	-0.047975548939848685	-0.063149176916107025	-1	
0.14118907205744272	-0.058482428505065048	-0.063344875247399596	-1	
0.12741206840370975	-0.022456648003441392	-0.022571869490653311	-1	
0.12810609779229054	-0.029115866456173457	-0.033656904925897249	-1	
0.13025410519609099	-0.035276858058452674	-0.043326046072586388	-1	
0.12517707126063443	-0.018143538041168507	-0.022567299917358875	-1	
0.12170107522940976	-0.015098658555303315	-0.022602155392914925	-1	
0.11930716175771075	-0.011285213600378336	-0.022590278081847583	-1	
0.11811020502186124	-0.0088374052537054867	-0.017926786927574549	-1	
0.11817244500858544	-0.0061133279211781346	-0.012722750900174232	-1	
0.11648778725985626	-0.0027135509276184962	-0.0061991561870828995	-1	
0.11727343946038161	0.0041488200994565499	0.0068719887549857847	-1	
0.11724696708665458	0.0086206959725103373	0.015411543937358545	-1	
0.11451933481431274	0.011285213600378294	0.020561657656338553	-1	
0.11430801700042525	0.014098762974437896	0.020681111622813272	-1	
0.10690633616775182	0.019003570663989108	0.027930859435547694	-1	
0.10949919577560877	0.01789598956629675	0.025432521503356301	-1	
0.10350823717568938	0.020090829077338501	0.030960083074015429	-1	
0.11227047959557405	0.01662271769094574	0.021003815304123756	-1	
0.095724667849487577	0.027679751118426455	0.046869368655206481	-1	
0.099996369789686609	0.017842541607003451	0.028851799777868073	-1	
0.094759101398609158	0.021085073731633486	0.036519472765802606	-1	
0.11254010777376981	0.014816186267171476	0.020829600939873048	-1	
0.086296116326842504	0.035274306832987483	0.068596489750277351	-1	
0.091996333110484982	0.030465299140939549	0.054423622449988975	-1	
0.073896012351790274	0.030407400494819634	0.05923378256611226	-1	
0.080436741326842504	0.029010349310601383	0.056185168488431247	-1	
0.065061481389211931	0.035274306832987483	0.068995599606070587	-1	
0.067184944882974995	0.028464048848849562	0.055389315925496521	-1	
0.084342991326842504	0.031228840731245256	0.060569587175480021	-1	
0.062846362172593734	0.044343242949252716	0.0691319235247531	-1	
0.062344046285306973	0.038628617798382579	0.069059778109948497	-1	
0.060447765400590124	0.041790083642083919	0.069110631673316908	-1	
0.055738669176633573	0.051197433207006232	0.069157404278609377	-1	
0.055250387926633573	0.052220700426633515	0.069151909691615374	-1	
0.055388873184771231	0.049422631848317161	0.069167267343770295	-1	
0.056098656138327513	0.047509334869020675	0.069164393428619755	-1	
0.054762106676633573	0.052766768324484813	0.069149905590047953	-1	
0.060812445532987001	0.044725482367046404	0.069139816240438343	-1	
0.059079481215675196	0.044412554931304846	0.069140576422592206	-1	
0.056834229901731127	0.044635801454326079	0.069144373248414437	-1	
0.053605961236774455	0.053526564899249424	0.069151726083590853	-1	
0.054029684801633573	0.052779688277533196	0.069153988087297322	-1	
0.051938803184179337	0.054517966051633469	0.069160089433719429	-1	
0.052220700426633515	0.054762106676633462	0.06915653438097541	-1	
0.05267887523938241	0.055006247301633462	0.069151003507622849	-1	
0.051227145587312596	0.053875261004654063	0.069167292700797467	-1	
0.051663327049747035	0.054150803598273463	0.069163543413968881	-1	
0.05108077029269481	0.053430300026575367	0.069169093403814913	-1	
0.05093230624797352	0.052925208912980588	0.069170519065730421	-1	
0.050267575426633494	0.052320700426633476	0.069173384841134763	-1	
0.049286670668767504	0.051323573758628324	0.069004941598390518	-1	
0.050207914767860601	0.051705136017161035	0.069108167278026419	-1	
0.049558845378885198	0.050599095746331743	0.068893302756929856	-1	
0.049558564562623537	0.049558564562623572	0.06867126692965167	-1	
0.039806859012357601	0.043423545567897966	0.05912859182394524	-1	
0.044034292834603639	0.044034292834603667	0.062734284728761552	-1	
0.041272156970593693	0.041272156970593714	0.058340649382513883	-1	
0.049797334880687896	0.047739161570569212	0.068280889453480112	-1	
0.04856747170792345	0.046406453621308741	0.067218978453892575	-1	
0.047058884995157951	0.043771836538059314	0.064984537630368919	-1	
0.053274102702368237	0.054092856209078624	0.069150819117193826	-1	
0.053291494669376951	0.053716564802839602	0.069152819125193499	-1	
0.052502494331369928	0.054517966051633462	0.06915507769428042	-1	
0.052673890923229688	0.054113381091007454	0.069155545214214048	-1	
0.022253635823457973	0.022253635823457973	0.022373960660268328	-1	
0.026804848455123834	0.021412114682067197	0.025561549163519479	-1	
0.034382530931053507	0.023149612404196791	0.03390642824183334	-1	
0.036175186913180432	0.029796311843947265	0.043097060315573615	-1	
0.013519476436845203	0.020979408782181175	0.012360467676233267	-1	
0.016962597164880935	0.019258266890005146	0.014206498007610851	-1	
0.01949149995944802	0.019491499959448013	0.016979544330916207	-1	
0.009370353824520181	0.019491202022947435	0.0070651051709864797	-1	
0.011843142290303608	0.018780480015354858	0.0087957212268573205	-1	
0.0020086066955437624	0.019576749945607843	0.00045700092967952195	-1	
0.0073675032988427857	0.018757082323685961	0.0046615356542545417	-1	
0.0032701113151104265	0.018412214303264948	0.0010215514851389634	-1	
0.004807049226409634	0.01793513778380763	0.0019394679237317522	-1	
-0.0021826416592820269	0.018824536079841758	-0.002693839625193848	-1	
0.00053366962489223211	0.018943132791741864	-0.00077397006011156884	-1	
-0.00078724806120793851	0.018030945022363701	-0.0015324428059225635	-1	
-0.0037192076009455884	0.016776261352469873	-0.0027125627234347092	-1	
-0.0054271752070009574	0.017212800678038764	-0.0041778535106003238	-1	
-0.0022672524027639359	0.017221491762880205	-0.0020863451112060998	-1	
-0.0066472477038552087	0.016047875559100689	-0.003997448246124127	-1	
-0.008333695691095714	0.016008880474211507	-0.0052546614169728077	-1	
0.038692388732382905	0.041089789344794549	0.056009537931180534	-1	
0.038510021106583747	0.038510021106583761	0.053519212322361613	-1	
0.039521039705459456	0.0347368666436981	0.051227394380409054	-1	
-0.016729364095438057	0.016729364095438067	-0.013723925590104441	-1	
-0.0099337378482556964	0.016138399412464362	-0.0067398294606063119	-1	
-0.011527879397356307	0.015949659428660123	-0.0080024550701431416	-1	
-0.013967228231428104	0.013967228231428118	-0.0083322189284041476	-1	
-0.023668091102040698	0.018077044680865274	-0.021623030936531808	-1	
-0.020309683980369083	0.015219475974324749	-0.015678827077116608	-1	
-0.17318327685898416	-0.12126423594851979	0.0022451704621277691	-1	
-0.16209810585007867	-0.10326788257031019	0.0021472061850405007	-1	
-0.15320796140066553	-0.07807822465923081	0.032988715881204542	-1	
-0.1548447313724429	-0.094793895070411527	0.02004080440421609	-1	
-0.1438034189403761	-0.073631658750640649	0.048839338961696503	-1	
-0.13799029806912988	-0.066637693515687116	0.061371457471482829	-1	
-0.13248577426828617	-0.054877404523424538	0.061243146090441715	-1	
-0.13122447460206396	-0.062731443515687116	0.061332661220436742	-1	
-0.12567998835482402	-0.018222269550512708	0.020562006420753062	-1	
-0.12278738270727897	-0.021217467205835026	0.020635806657497004	-1	
-0.12459013430689764	-0.042237620821216806	0.055764710217588165	-1	
-0.12619509768448475	-0.045497187344635925	0.060783882902111903	-1	
-0.12390886389272476	-0.050031237076228405	0.060799095799426321	-1	
-0.12150253487530974	-0.037283948963758785	0.048479282773453751	-1	
-0.12126486942411936	-0.04077362122307749	0.054572277116914161	-1	
-0.11889626743892229	-0.033101392570161696	0.042367723544891711	-1	
-0.11975479342067558	-0.023285873109066407	0.025475773887089985	-1	
-0.11771910867143098	-0.027033368268221992	0.032614941308417286	-1	
-0.053078437123195224	0.055302557571729818	-0.071350875779282549	-1	
-0.053640926771453656	0.055061664992377857	-0.071347663288730101	-1	
-0.056226950426633462	0.052220700426633515	-0.071356107517501571	-1	
-0.055006247301633462	0.05267887523938234	-0.071357979662901694	-1	
-0.054460359578227875	0.053191404597252641	-0.071356410787678404	-1	
-0.055250387926633462	0.052220700426633515	-0.07136123517175319	-1	
-0.054125834987465461	0.053753406692368264	-0.071353829093612611	-1	
-0.055738669176633462	0.051666370721457681	-0.071364148909012118	-1	
-0.055259624330540408	0.050855590176914801	-0.071372590266537805	-1	
-0.053502908196827008	0.054465531859392645	-0.07135300311738893	-1	
-0.054481999689822869	0.050323927585434546	-0.071377893168325532	-1	
-0.053680748489275516	0.048802731676633508	-0.071381923804077596	-1	
-0.053783719148252772	0.046377654528678446	-0.071373243120690738	-1	
-0.057845664617661337	0.038111024535265374	-0.071236873032206952	-1	
-0.060814554401685809	0.035274306832987545	-0.071199446274770262	-1	
-0.062938017895448894	0.031596273345174404	-0.063853759553246875	-1	
-0.067184944882975023	0.031596360172747327	-0.063878856066812859	-1	
-0.073896012351790344	0.030173688003975321	-0.060976957781649604	-1	
-0.057098647247172354	0.041131340986258313	-0.071304424636085051	-1	
-0.055914765607030702	0.043266463727427776	-0.071339648245887663	-1	
-0.048802731676633522	0.051396075128504609	-0.071196697277410334	-1	
-0.048714184683422312	0.050285446986848011	-0.070935390417608421	-1	
-0.049779294176633522	0.051769807926952065	-0.0713102844438772	-1	
-0.050267575426633522	0.05232070042663356	-0.071377306789602829	-1	
-0.050840140800974591	0.05324108941282945	-0.071374825277248616	-1	
-0.050656003918931367	0.052830313283207954	-0.071376000596286654	-1	
-0.051717386712622243	0.053907061403698359	-0.071369013913697696	-1	
-0.051911212048466361	0.054517966051633546	-0.071365159538988074	-1	
-0.051943774219432602	0.054125120781816173	-0.071366668070914269	-1	
-0.051290013621989046	0.053225031240209046	-0.071373144918762718	-1	
-0.051792237834763541	0.053438384707941884	-0.071370185034349054	-1	
-0.048177496630618571	0.048177496630618565	-0.07010467291104637	-1	
-0.048868030596621058	0.048868030596621051	-0.070569285236016716	-1	
-0.052220700426633515	0.054762106676633546	-0.0713615015352419	-1	
-0.052643876961453326	0.055006247301633546	-0.071356522864938057	-1	
-0.098156768760897073	0.020862588535912833	-0.036808913849553301	-1	
-0.08468319196362574	0.0099325963658565795	-0.020365519367931937	-1	
-0.093262857356126702	0.015851703062513493	-0.030158413624037286	-1	
-0.073510274976427273	0.015075089731690729	-0.03096743718071724	-1	
-0.069179719386394598	0.024466013997050708	-0.049673912713815861	-1	
-0.10013744251988928	0.017193128010634523	-0.029935341065259868	-1	
-0.11274723169100419	0.013001426001331886	-0.022697547087690749	-1	
-0.11024723169100419	0.013001426001331886	-0.021910591617956693	-1	
-0.10422459630385063	0.01271196522725589	-0.021601297206404958	-1	
-0.10821032577189033	0.011458045087171201	-0.019829254342599679	-1	
-0.099748118111062448	0.012733559664380088	-0.022662054122720755	-1	
-0.11763789466582616	-0.0038587505843930658	0.0063681176157320595	-1	
-0.11648778725985626	-0.00054221616901469101	3.4095868688994406e-005	-1	
-0.1144081325987828	0.0032570021379056666	-0.0071117209178302651	-1	
-0.11992433519175019	-0.0089911179794038652	0.016183384748331208	-1	
-0.12170107522940976	-0.011285213600378308	0.020535751788514352	-1	
-0.11649777751391267	-0.0057231012514867433	0.0099206326926515286	-1	
-0.11786660522236442	-0.0078038837401108122	0.013920990455238376	-1	
-0.12289803196525927	-0.015124028908919861	0.020576785396958772	-1	
-0.11396864643138911	0.0078482518301111661	-0.015644919972320235	-1	
-0.11252394977720476	0.010022401492890208	-0.018543297254764283	-1	
-0.11302284544475928	0.0055960827210190019	-0.011110006563556108	-1	
-0.044874603903639801	0.035438956471136415	-0.06065524381157391	-1	
-0.044363336413571659	0.028782924639761061	-0.052073310203510019	-1	
-0.038561838128030525	0.02159762646416551	-0.037050052725239133	-1	
-0.050052658517850672	0.040982990329016256	-0.068950725574902463	-1	
-0.049838593167052012	0.037734169839524802	-0.068034584878735621	-1	
-0.049857605696941081	0.043797673128874948	-0.069582441813926407	-1	
-0.048262387077475155	0.046711538251756987	-0.069545482890739294	-1	
-0.031227980142182074	0.02028126519997922	-0.030070323418658167	-1	
-0.028119618899110712	0.017116564818430192	-0.024080476187202292	-1	
0.17318327685898402	-0.12126423594851987	-0.0045408799685979235	-1	
0.16209810585007858	-0.10326788257031026	-0.0044448629743424097	-1	
0.15541512664426732	-0.089728965204207617	-0.025239296275304225	-1	
0.13799029806912982	-0.066637693515687213	-0.063363018588572587	-1	
0.14131503474875629	-0.081588273352735857	-0.052017654718435849	-1	
0.13136475008278017	-0.04163413388265539	-0.053864724112984826	-1	
0.12922497268777905	-0.052688282677481747	-0.063101302880799751	-1	
0.12619509768448475	-0.045497187344635898	-0.062788550435931095	-1	
0.12969753854531729	-0.061849866572289205	-0.063270646373484715	-1	
0.12409754122457964	-0.025577260446161421	-0.029390385928968806	-1	
0.12278738270727897	-0.021217467205834999	-0.02263168110549596	-1	
0.12381047663089217	-0.034251478009938739	-0.044324224290229162	-1	
0.12123891550137435	-0.029120221272007588	-0.036639374895758824	-1	
0.12495658215911021	-0.040870018818434987	-0.055260776133993481	-1	
0.12128789623134112	-0.018327846160758426	-0.022647266470969447	-1	
0.11923859458004413	-0.01579827461251922	-0.022674624875869052	-1	
0.11811020502186124	-0.013500447251510929	-0.022661863050045212	-1	
0.11691324828601174	-0.011285213600378336	-0.02263209736744759	-1	
0.11611527665463366	-0.0070891749399433421	-0.014584983719377173	-1	
0.11571629155016223	-0.0093308327922802369	-0.018982181309367532	-1	
0.11485406437849409	-0.0042735166998499139	-0.0090640277205240333	-1	
0.11317495819025587	-0.0010856673793019093	-0.0029923388513431711	-1	
0.1144081325987828	0.0010856673793018623	0.00097880386917389094	-1	
0.1154020056712951	0.0058028645993259877	0.0098834869585960917	-1	
0.11317495819025587	0.0032570021379056341	0.0048676548329334149	-1	
0.11396864643138908	0.0078482518301111557	0.013640639660696379	-1	
0.11213953045080757	0.01060092096715589	0.017054944647703137	-1	
0.11274723169100419	0.013001426001331856	0.02061256511404673	-1	
0.10396151184899133	0.016551938052201134	0.025439251101963944	-1	
0.10755833096982112	0.015230807875580116	0.022286471323775231	-1	
0.10985566502985136	0.015975670078189438	0.022223823623681128	-1	
0.091026848081272316	0.025279804777710083	0.045797545087845289	-1	
0.099716605261287838	0.01368204393307244	0.022080773178703755	-1	
0.093184825265905769	0.016210915649311	0.028627114004840182	-1	
0.089718117817846471	0.02017719329239601	0.03698969114599486	-1	
0.11024723169100419	0.013001426001331856	0.01982262758334935	-1	
0.075808143894519259	0.023349885570565013	0.045161526725597083	-1	
0.085947379548651448	0.023855637498537217	0.045210078797157244	-1	
0.062938017895448867	0.030876022246847032	0.060175504659377203	-1	
0.060814554401685816	0.035274306832987483	0.068980261512979674	-1	
0.062938017895448881	0.025931107736216482	0.050276145933753118	-1	
0.06912323768648912	0.020387320308395102	0.039294849738876508	-1	
0.058662305081165253	0.038440125940845234	0.069037905456189444	-1	
0.057717481389015723	0.042116726727316624	0.069108773653602934	-1	
0.054613600754849084	0.051057021568711336	0.069163294089252453	-1	
0.054273825426633573	0.052220700426633515	0.069156861740398534	-1	
0.053446805744544863	0.050235576088380765	0.069169629199628407	-1	
0.053689461264172171	0.048802731676633515	0.069170885649995614	-1	
0.054416427621051013	0.046354084079016256	0.069159778765420954	-1	
0.053877938556503482	0.044393717731399003	0.069137482167088593	-1	
0.054848990286347023	0.041655457511140727	0.06908673691246825	-1	
0.053105953319477074	0.053161785353984976	0.069156985011420202	-1	
0.053423094227995606	0.052715501532776939	0.069157649712466976	-1	
0.053785544176633573	0.052220700426633515	0.069159026899218559	-1	
0.052009232221756393	0.054151755114133469	0.069160904692945627	-1	
0.052220700426633508	0.054273825426633462	0.069158658975541742	-1	
0.051331532160718153	0.053599334665292722	0.069167309060399029	-1	
0.051519558538733821	0.053836189694184168	0.069165506140008506	-1	
0.05176982033080825	0.053821698030872861	0.069163846996655051	-1	
0.052005318388290235	0.053907614489133462	0.069161831616256206	-1	
0.051366155877918353	0.053060843520927402	0.069168160250238891	-1	
0.051525562653131372	0.05328851569064131	0.069166853862707711	-1	
0.051366359743983209	0.052790228133319503	0.069168488959734917	-1	
0.051244137926633494	0.052320700426633469	0.069169376139174218	-1	
0.050756211793944156	0.05199122919709076	0.069146279907892821	-1	
0.050226517403478867	0.050990454316831801	0.069029035918049139	-1	
0.050772292530256564	0.051452239442001745	0.069108431790405336	-1	
0.050249098528626031	0.050249098528626052	0.068940682566133962	-1	
0.050588741917401307	0.049218921173848289	0.068853422855174873	-1	
0.045215772397168001	0.040090677408029365	0.061325881243699434	-1	
0.042288838853256322	0.037493339223921146	0.056662261432450331	-1	
0.050768564408716133	0.046354084079016256	0.068433166785568128	-1	
0.051303997484643447	0.048478067098426475	0.068934267763890014	-1	
0.050856864046914377	0.044393717731398989	0.068127990068928806	-1	
0.04949305504235655	0.041392893603208393	0.066290331173098585	-1	
0.052962807312905785	0.053880740949313569	0.069154387875148063	-1	
0.052987238793097698	0.053510609596242181	0.069156014836719196	-1	
0.052432480055844444	0.054151755114133462	0.069157365902618367	-1	
0.052422070311730004	0.053857359546332001	0.069158694636260634	-1	
0.052612206656028976	0.053759607571797791	0.069157620252480081	-1	
0.023079333104063363	0.018665802678842627	0.019661546444627202	-1	
0.029135229436297327	0.017413237498078236	0.022833854660060326	-1	
0.039101588482370865	0.025441948298885454	0.040356345402039154	-1	
0.040417987942583097	0.016728426483471413	0.027776564551927153	-1	
0.042921865130264886	0.021562899668246715	0.036977258082769061	-1	
0.040431771301588301	0.030516879007198842	0.048006723333861419	-1	
0.014565359577266452	0.018419816558990099	0.011048348261316128	-1	
0.016729364095438067	0.01672936409543806	0.011576677515455118	-1	
0.018886503705049386	0.015086162694102451	0.012184649876554616	-1	
0.0084893827891139514	0.016942770230809191	0.0040393202828875353	-1	
0.010093907921810381	0.016893687050382265	0.0054050712258470095	-1	
0.012739502973598622	0.016368769814267079	0.0073147576339856165	-1	
0.0022429073744611983	0.017036572914025109	-0.00020222763805751321	-1	
0.00075767291705271874	0.017353562854571247	-0.00086033333384525636	-1	
0.0069067175946912127	0.016674291288584379	0.0025370874420830984	-1	
0.0037142309167222261	0.016753812980623412	0.00044156730176470933	-1	
0.0051598680575477137	0.016365010712198255	0.0010191002817539984	-1	
-0.00138110420352594	0.015786093281865157	-0.001347290471105456	-1	
1.0408340855860843e-017	0.015846393593646015	-0.0011127185556818245	-1	
-0.002751697370129539	0.015605651268305574	-0.0015754226506152285	-1	
-0.0041013484582261527	0.015306440825644318	-0.0018084752242850846	-1	
-0.0054197858080937567	0.014890739126018248	-0.0020598137339454307	-1	
-0.0066969753154056226	0.014361709910369063	-0.0023096704766895826	-1	
-0.0079231967968229951	0.013723379410464429	-0.0025382007827061603	-1	
-0.0093329454212127162	0.014649789819702337	-0.0047011922515906362	-1	
0.043835523175664172	0.033172477032525523	0.054638575911961806	-1	
-0.017143584302446658	0.012966862948043683	-0.010489815321072822	-1	
-0.010460701221631379	0.013632651249741026	-0.0046621772239924192	-1	
-0.012586160299423128	0.01258616029942314	-0.0056243018528222919	-1	
-0.01420372972242002	0.012046761152417696	-0.0067140760270012409	-1	
-0.023619239946132065	0.01338491145153399	-0.016628175414386333	-1	
-0.020437977785759662	0.011335921762496357	-0.012011906456784228	-1	
-0.1619553876522544	-0.13589670604617995	0.0024643851474288577	-1	
-0.15248088461116957	-0.11700269791305608	0.0024636657749746893	-1	
-0.14588831399681321	-0.10144239063367809	0.027944902984057926	-1	
-0.14390097664602539	-0.082725525170680339	0.043885587329304684	-1	
-0.14400124112787535	-0.092178818632288675	0.039118305320399796	-1	
-0.13625291553428356	-0.078700960703182249	0.055928253535161371	-1	
-0.12989421224139919	-0.07284802551175501	0.06088510539841361	-1	
-0.12140477902150479	-0.057062039628891094	0.060886232130757223	-1	
-0.12336367304090427	-0.065007943434240406	0.062188899009736232	-1	
-0.12014824932619339	-0.017178403785747066	0.020663098641618336	-1	
-0.11816269701084819	-0.019978286408228633	0.020732367339672299	-1	
-0.12157041198805396	-0.044258006547029528	0.06045611229586885	-1	
-0.11892762068737074	-0.051016979460552794	0.060500591406425407	-1	
-0.11942068205146461	-0.047656222196502028	0.060405968142318779	-1	
-0.11762705293810718	-0.040209465870193313	0.054946002414982272	-1	
-0.11665112124549838	-0.037488387726957242	0.05065418845312189	-1	
-0.11925806913983857	-0.043638416148226333	0.06024361791630807	-1	
-0.11402782374244236	-0.032336759383726321	0.042895107504160812	-1	
-0.1160890746754082	-0.023092464623369505	0.026658219241630594	-1	
-0.11362670360324262	-0.028233348736424694	0.036136938278820814	-1	
-0.0530992709445198	0.054777002377457439	-0.07135410885564808	-1	
-0.054517966051633462	0.052502494331370039	-0.071362103271053315	-1	
-0.054762106676633462	0.052220700426633515	-0.071363573313318093	-1	
-0.054092856209079124	0.053274102702365968	-0.071357815638600247	-1	
-0.054113381091007121	0.052673890923229043	-0.071362580209549734	-1	
-0.055006247301633462	0.051762590252548681	-0.071366662967506184	-1	
-0.053716564802841267	0.05329149466937811	-0.071359840439801314	-1	
-0.0535265648992495	0.053605961236775995	-0.071358745590431705	-1	
-0.054364426239688554	0.051147941736022648	-0.071373636483399977	-1	
-0.052779688277533252	0.054029684801633546	-0.071361028924534761	-1	
-0.053916932338454335	0.050935091822741724	-0.071376019867778459	-1	
-0.05344001010310051	0.050227580560276888	-0.071379964118126332	-1	
-0.052320700426633476	0.049291012926633494	-0.071382965076244989	-1	
-0.052320700426633483	0.048314450426633494	-0.071383519636956619	-1	
-0.052320700426633504	0.044408200426633494	-0.071353145139756227	-1	
-0.054746277765693477	0.037838724043529517	-0.071171520467903232	-1	
-0.056567627414159674	0.035274306832987531	-0.071143492124669361	-1	
-0.058691090907922752	0.031571000643664776	-0.063678598468272146	-1	
-0.06199624588398666	0.026260079309397839	-0.053178962671503675	-1	
-0.054661781034139857	0.040982990329016269	-0.071285002457761037	-1	
-0.052320700426633525	0.042124727028222002	-0.071310615303466399	-1	
-0.049476669531188386	0.051097821466982316	-0.071204531697886111	-1	
-0.049558564562623551	0.049558564562623537	-0.070925429377083127	-1	
-0.050249098528626031	0.050249098528626031	-0.071168846181612899	-1	
-0.050211911355197987	0.051148486431607854	-0.071262998913562803	-1	
-0.050511716051633522	0.05184369515405101	-0.071336780661952995	-1	
-0.050755856676633522	0.05232070042663356	-0.071375936396460657	-1	
-0.051115876309777167	0.052885261716913573	-0.071374389768565957	-1	
-0.051065610479720983	0.052614154981061055	-0.071374825778538334	-1	
-0.051960579112483397	0.053811243749852231	-0.071367850542045336	-1	
-0.052220700426633515	0.054273825426633546	-0.071363927118933052	-1	
-0.052220700426633515	0.053785544176633546	-0.071366194597141747	-1	
-0.051387575239848299	0.052855912203602286	-0.071373384803230105	-1	
-0.051664882839087808	0.053152641996971076	-0.071371599225345445	-1	
-0.052045346204768535	0.053563982539379724	-0.071368249117695404	-1	
-0.051931560072665167	0.053305348863363952	-0.071369839275747998	-1	
-0.049370552190979869	0.04767497503625976	-0.070403590395777024	-1	
-0.050524882701822961	0.048261004553129531	-0.070914100183477422	-1	
-0.052660138735524234	0.054517966051633546	-0.071359166020618647	-1	
-0.096811234751146683	0.0080438167526553257	-0.0153110962150398	-1	
-0.072109555733773367	0.0048290585059258383	-0.010686582626356944	-1	
-0.085327634157795179	0.0017590699872483111	-0.0045756160067642075	-1	
-0.062963198328107484	0.014853357630364583	-0.030568751981495543	-1	
-0.11039992408825695	0.011054278781051355	-0.018883571666437469	-1	
-0.10225680533611803	0.0090260252091031307	-0.015990720761722893	-1	
-0.10853752014244687	0.0076433655300648558	-0.013715840242482763	-1	
-0.11058673511196236	0.0086720477592697187	-0.01509062354549354	-1	
-0.11538178728020126	-0.0038442089373184342	0.0062801870874685155	-1	
-0.11480664558203309	-0.0017836177695648569	0.0023585048017342887	-1	
-0.11317495819025587	0.0010856673793018955	-0.0029989042015393899	-1	
-0.11092623853292052	0.0043426695172075532	-0.0081329368929380121	-1	
-0.11092623853292052	0.0021713347586037814	-0.0046236510177830904	-1	
-0.11930716175771075	-0.011285213600378308	0.020580991809013016	-1	
-0.12050411849356026	-0.013764444525245483	0.020604759580999457	-1	
-0.11537894803321777	-0.0079259770227959568	0.014103778548879661	-1	
-0.11431259997772834	-0.0056972233586941833	0.0096879880647131166	-1	
-0.11691324828601174	-0.011285213600378308	0.020623612647922271	-1	
-0.11075648682244144	0.0065073586382386368	-0.011605092326593689	-1	
-0.048566964906562517	0.033968834557952646	-0.064050635547184445	-1	
-0.052537252923230665	0.028602181294382908	-0.056626387763615796	-1	
-0.045872892452857084	0.021629340803379894	-0.040565235895842051	-1	
-0.035395716206160846	0.018122884695718908	-0.030175847861885745	-1	
-0.040633989075102753	0.016529692527426816	-0.029635047700048399	-1	
-0.052320700426633525	0.039841253629810516	-0.07124468081245125	-1	
-0.052320700426633546	0.035274306832987525	-0.070920129238096527	-1	
-0.050887458630538812	0.046116936409295504	-0.070741422213835087	-1	
-0.031941704226551522	0.014945081752666027	-0.023861550070296323	-1	
-0.028246323374197566	0.012564360158024064	-0.018588980547875052	-1	
0.16195538765225423	-0.13589670604618001	-0.0047537449187660527	-1	
0.15248088461116954	-0.11700269791305615	-0.0047587439820629737	-1	
0.14588831399681315	-0.10144239063367824	-0.030508956192937822	-1	
0.12705231972738038	-0.07600717384888922	-0.068888079894315724	-1	
0.12670508446875151	-0.086184256845809729	-0.075006155478753597	-1	
0.13085892184745168	-0.095101480260741944	-0.059752461664584998	-1	
0.12140477902150475	-0.057062039628891184	-0.062863665390505724	-1	
0.12215488041423501	-0.049385891140241209	-0.06265871733175607	-1	
0.12157041198805396	-0.044258006547029501	-0.062442856433784347	-1	
0.11842187816055993	-0.064137178164413736	-0.066363235283272787	-1	
0.11683237980057586	-0.025442563665459727	-0.03233635204417272	-1	
0.11816269701084819	-0.019978286408228609	-0.022738057260395867	-1	
0.11800224285384023	-0.036605912891905526	-0.050646241819865136	-1	
0.1203696897479591	-0.039489791559979892	-0.054678248963457063	-1	
0.11568452227249075	-0.030566401832084044	-0.041374071616159587	-1	
0.11668022613572465	-0.015708695155472328	-0.022759413108708375	-1	
0.11457619798792157	-0.014129371257914046	-0.022772748752899287	-1	
0.11451933481431274	-0.011285213600378336	-0.022642125088482266	-1	
0.11302284544475928	-0.0055960827210190158	-0.011126139674267111	-1	
0.11396864643138911	-0.00784825183011118	-0.015532213011917359	-1	
0.11252394977720476	-0.01002240149289022	-0.018653278764791989	-1	
0.11283682819773209	-0.0032570021379056805	-0.0068728922840093137	-1	
0.11092623853292052	-2.3418766925686896e-017	-0.0010504638372473487	-1	
0.11092623853292052	-0.0021713347586037953	-0.0046492384687791153	-1	
0.11092623853292052	0.002171334758603748	0.0025562986037075915	-1	
0.11291368187440871	0.0055875222757296294	0.0090726571530257739	-1	
0.11092623853292052	0.0043426695172075194	0.0060663863217655803	-1	
0.11058673511196235	0.0086720477592696892	0.01300636010295819	-1	
0.11075648682244144	0.0065073586382386039	0.0095309615014999797	-1	
0.10476506663747234	0.012805367295701959	0.019390448599223477	-1	
0.10821032577189041	0.011458045087171126	0.017722123039902872	-1	
0.10113507381152283	0.0087582779795230548	0.013524133147543119	-1	
0.094327870878415265	0.0094634209237130576	0.016229541620077659	-1	
0.087586771950899506	0.014816130870394345	0.027069193202045625	-1	
0.081934094409780597	0.015969760842820646	0.030147365574492973	-1	
0.074903930289334286	0.01636681617024776	0.031257898857089871	-1	
0.058691090907922759	0.028464048848849562	0.055233399613166673	-1	
0.056567627414159702	0.035274306832987483	0.068912543513278052	-1	
0.063345753224620382	0.020163691643345069	0.038772146430903799	-1	
0.058262146691569233	0.022918012086591725	0.044050377574473588	-1	
0.066593100372972044	0.011010887158489864	0.020665945313458514	-1	
0.052320700426633587	0.03918055683298749	0.068988457038555689	-1	
0.053413630736300476	0.051105286148580092	0.069166462309888085	-1	
0.053653713519283726	0.051778737586327776	0.069162386659719036	-1	
0.052320700426633573	0.050267575426633515	0.069170112196483585	-1	
0.052925208912980699	0.050932306247973534	0.069167946760029408	-1	
0.052320700426633573	0.049291012926633515	0.069171310484656398	-1	
0.052320700426633573	0.048314450426633515	0.069169587339907995	-1	
0.052320700426633573	0.047007539528222002	0.06916454572782664	-1	
0.052320700426633573	0.045700628629810502	0.069154048602169602	-1	
0.052320700426633587	0.04308680683298749	0.069114642737199042	-1	
0.05286657590946673	0.05316245451689728	0.069158451414183308	-1	
0.0529175857098904	0.052787075195295276	0.069159838986664432	-1	
0.052967574352304085	0.052484929865191363	0.069160996893677759	-1	
0.053297262926633573	0.052220700426633515	0.069161096281144696	-1	
0.052220700426633494	0.054029684801633462	0.069159645801144171	-1	
0.051632869818345292	0.053624826617682649	0.069165367871605377	-1	
0.05196425820247285	0.053663473864133462	0.069162970860228434	-1	
0.052220700426633494	0.053785544176633462	0.069160586608381883	-1	
0.051531416395278799	0.053010647249560068	0.069167315210597213	-1	
0.051520128241274964	0.052838300848853194	0.069167615265342847	-1	
0.051787287897481458	0.053441335873961687	0.069164836935904445	-1	
0.05176015391508295	0.053139478525269658	0.069165737141851688	-1	
0.051565080881546502	0.052587656781499695	0.069167607153914651	-1	
0.051488278551633494	0.052320700426633462	0.069168090844199712	-1	
0.05134492598548291	0.051985000012679035	0.069153805817067371	-1	
0.050939632494628517	0.050939632494628552	0.069080828814055167	-1	
0.051284899477629757	0.051284899477629799	0.069118806564975446	-1	
0.05099045431683371	0.05022651740348491	0.069030587602971274	-1	
0.051329322816980723	0.049507539737733607	0.069018189191937612	-1	
0.048513300631649138	0.03722743183298749	0.064601643512550697	-1	
0.052646702975966575	0.053369872792204891	0.069159014655972254	-1	
0.052420316738094802	0.053643574133059202	0.069159553451600658	-1	
0.023440625868829487	0.015001953581113952	0.016766090263193065	-1	
0.032428761160343836	0.010635841840131676	0.01488802698888133	-1	
0.043675400224814392	0.026954904564997738	0.04629447854625994	-1	
0.048700412674757165	0.01550442375416373	0.028026677284210797	-1	
0.036785208599210147	0.0037207171906920673	0.0049811097842463554	-1	
0.046229339298244444	0.006087134711582968	0.010028288742304915	-1	
0.048468973970042795	0.020395282437542236	0.037050892976087282	-1	
0.048361466160545083	0.025290433569603012	0.046164575998154454	-1	
0.016251714072432834	0.014444878254433342	0.008925285525723128	-1	
0.013967228231428118	0.013967228231428108	0.0061747877459654432	-1	
0.019645697759130162	0.012482898103448291	0.010608937248782951	-1	
0.0080206174333585234	0.01540746273675505	0.0021593621053211938	-1	
0.0092327312500200837	0.01449248508055844	0.0022299350721850185	-1	
0.010987001048670047	0.01431853853805972	0.003633817706500521	-1	
0.0027516973701295607	0.015605651268305577	-0.00065213966429391321	-1	
0.001381104203525961	0.015786093281865164	-0.00088638350663579704	-1	
0.0066969753154056443	0.014361709910369063	7.8156546017269161e-005	-1	
0.0054197858080937793	0.014890739126018248	-0.00017746146825715483	-1	
0.0041013484582261743	0.015306440825644323	-0.00041543653614042485	-1	
-0.00063213155891887187	0.014478193021242506	-0.0012146478549297712	-1	
-0.0017770488231308313	0.013498025906809499	-0.0013852059481289452	-1	
0.00059385614231802317	0.013601541853147476	-0.0010230817272491499	-1	
-0.0031366398941958325	0.014148468243674835	-0.001617797365917308	-1	
-0.0044304093902585552	0.014051463394485235	-0.001839052487919392	-1	
-0.0055458430135040182	0.0133888494179935	-0.002016365748848455	-1	
-0.0062864764211329029	0.012076208846621986	-0.002066593669485505	-1	
-0.0078741295208717334	0.012359907541267432	-0.0023961438978497931	-1	
-0.0090891179664595156	0.012980605706843113	-0.0027458306011989564	-1	
0.047285021767948313	0.030145425342837331	0.054537039986814882	-1	
-0.015305124439946041	0.010745065353004301	-0.006600713954955633	-1	
-0.016893687050382255	0.010093907921810374	-0.0075838207697283156	-1	
-0.0101858654602118	0.0121390417558887	-0.0028763737880654399	-1	
-0.011205092367418153	0.011205092367418165	-0.0029102533667706401	-1	
-0.012139041755888693	0.010185865460211819	-0.0028634014937615371	-1	
-0.013614409353165992	0.01044670372207746	-0.0046046068595262113	-1	
-0.024514527576231217	0.0097083304666798192	-0.013177204039753221	-1	
-0.02087269268264999	0.007685713476380163	-0.0086654175781415797	-1	
-0.018657330603240277	0.0081199781707964845	-0.0074685832446185398	-1	
-0.14949492015415422	-0.14949492015415408	0.002536647109734517	-1	
-0.14170319176989407	-0.12984705207652308	0.0025915033853600913	-1	
-0.12994589924698352	-0.10489625581363413	0.047948716671423648	-1	
-0.13085892184745171	-0.095101480260741861	0.056959756702125976	-1	
-0.13588239764266657	-0.087335349761707329	0.055948409500233207	-1	
-0.12670508446875156	-0.086184256845809645	0.072894072045248032	-1	
-0.11841232494493902	-0.081396429902411638	0.073065022321584752	-1	
-0.11482569418779887	-0.070461430655545151	0.067660511106031843	-1	
-0.11725839925959852	-0.05466812615719209	0.060523651668501384	-1	
-0.1170802006345498	-0.059764602173013402	0.062199545701301165	-1	
-0.11757987024500562	-0.017528739813933419	0.020742018544725727	-1	
-0.11737785822410512	-0.015018927729330764	0.020708242544230916	-1	
-0.1158503541626328	-0.019358696009425434	0.020825997536219255	-1	
-0.1155318253077504	-0.050937150666366768	0.060208521643204421	-1	
-0.11671594454867899	-0.048438939981767869	0.060203093521849667	-1	
-0.11746022553516813	-0.045723374128488453	0.060155413543543666	-1	
-0.11475255678099097	-0.039902903033307527	0.055412107531418453	-1	
-0.11694572629162318	-0.043018825749423145	0.059998874389423036	-1	
-0.11193877445103614	-0.035891298645646955	0.049661668467571321	-1	
-0.10991067389099457	-0.032555742047842652	0.045029626434574241	-1	
-0.11415475817365404	-0.021062060692973339	0.024412480494140597	-1	
-0.11237125393940527	-0.022673150277514102	0.028609754358541951	-1	
-0.10827048418968904	-0.024515126492195897	0.035360858056670628	-1	
-0.10714651861204955	-0.028709823133904945	0.041198241173757907	-1	
-0.054151755114133462	0.052432480055844131	-0.071364416054346458	-1	
-0.054273825426633462	0.052220700426633508	-0.071365720996192539	-1	
-0.054517966051633469	0.051938803184179337	-0.071367169955627238	-1	
-0.053880740949313791	0.052962807312904932	-0.071361417142984301	-1	
-0.053857359546331682	0.052422070311729879	-0.071365757375980651	-1	
-0.053759607571797756	0.052612206656028754	-0.071364675659510227	-1	
-0.05316178535398499	0.053105953319477213	-0.0713640508123526	-1	
-0.053510609596242993	0.052987238793098038	-0.07136306377875111	-1	
-0.05271550153277689	0.053423094227995543	-0.071364738105440959	-1	
-0.053875261004654063	0.051227145587312596	-0.071374439043988117	-1	
-0.054150803598273463	0.051663327049747035	-0.071370659568748704	-1	
-0.053430300026575367	0.05108077029269481	-0.071376224471229516	-1	
-0.052925208912980588	0.05093230624797352	-0.071377643093855886	-1	
-0.052320700426633476	0.050267575426633494	-0.071380538776379052	-1	
-0.05170513601716048	0.050207914767859602	-0.071319408946114812	-1	
-0.051323573758625791	0.049286670668764569	-0.071227960720441741	-1	
-0.054444163920396617	0.032003649582000339	-0.064557199414633337	-1	
-0.056258341401355078	0.028751341435864684	-0.057861624990087027	-1	
-0.054636986356603259	0.022709723883136811	-0.045450663507052923	-1	
-0.050599095746332548	0.04955884537888719	-0.071127244778031104	-1	
-0.050990454316831996	0.050226517403479595	-0.071246746838645042	-1	
-0.050939632494628524	0.050939632494628517	-0.071292246875341359	-1	
-0.050999997301633522	0.052064421445519385	-0.0713608423036005	-1	
-0.051087212620071189	0.0516544727162783	-0.071340837636426777	-1	
-0.051244137926633522	0.05232070042663356	-0.071374290165224744	-1	
-0.051322745536942743	0.052706692891567923	-0.071373808755948009	-1	
-0.051329771640714415	0.052544150812927883	-0.071373910433868384	-1	
-0.052220700426633515	0.053297262926633546	-0.071368223068303385	-1	
-0.051484170376727617	0.052726973783147418	-0.071373165911147313	-1	
-0.051667246589545454	0.052903966123849344	-0.07137211850936151	-1	
-0.051849854193377932	0.053130897233373359	-0.0713707564095417	-1	
-0.051808162971954459	0.052949378422480223	-0.071371406180590208	-1	
-0.052047803404018003	0.05315173665736303	-0.071369697429073467	-1	
-0.0932426422496309	-0.00037973484480306741	-0.0002334032346588716	-1	
-0.10101492153736148	0.0044454852155084452	-0.0086301224881932693	-1	
-0.072684134626142052	-0.0042773559917026038	0.0073534470616715862	-1	
-0.055786202451570531	0.002885279405030119	-0.006670802605636318	-1	
-0.062281174235323179	-0.0053058587549031089	0.0094506800988636407	-1	
-0.089196033933828967	-0.0054698526417616888	0.0092678532769461443	-1	
-0.080393277683944844	-0.0091585483891096307	0.016901819518224274	-1	
-0.048215114445377127	0.013982355527573981	-0.027285885612931254	-1	
-0.10564800526562568	0.0054741528826526787	-0.010138646308152843	-1	
-0.10886471451300342	0.0038286859729585098	-0.0074371343911486028	-1	
-0.11332460179796607	-0.0032570021379056476	0.0049665229684469165	-1	
-0.11283682819773209	-0.0010856673793018762	0.00095288283913774687	-1	
-0.11092623853292052	9.540979117872439e-018	-0.0010195125387274979	-1	
-0.10886471451300343	3.8163916471489756e-017	-0.0010206637597201178	-1	
-0.11291344814094689	-0.0077655047451108735	0.01290569929763017	-1	
-0.11451933481431274	-0.011285213600378308	0.020638672265207474	-1	
-0.11075648682244144	-0.0065073586382386169	0.0095816840579956482	-1	
-0.11092623853292052	-0.0043426695172075333	0.0061002874740523506	-1	
-0.1143080170004252	-0.014098762974437906	0.020767425500967048	-1	
-0.036086427929015327	0.013480520253317635	-0.023299870218793099	-1	
-0.043249779216544118	0.0077127595488886832	-0.014884625786592909	-1	
-0.030156400871749391	0.0082707824623365483	-0.013635731685562907	-1	
0.14949492015415403	-0.14949492015415411	-0.0048180325698246266	-1	
0.1417031917698941	-0.12984705207652311	-0.0048765420729768201	-1	
0.12994589924698347	-0.10489625581363421	-0.050235623628094583	-1	
0.11702747740449816	-0.074219402316395969	-0.071532726553192538	-1	
0.11841232494493896	-0.081396429902411735	-0.075217961296078717	-1	
0.12124180478911482	-0.093032108885964609	-0.075212290067903795	-1	
0.11725839925959847	-0.05466812615719218	-0.062504630053285104	-1	
0.11330375792656526	-0.058413531764308663	-0.064787541110516031	-1	
0.11875954778959437	-0.045498923155995442	-0.062246686304569671	-1	
0.11632327650402811	-0.049658763975211066	-0.062205064890726823	-1	
0.11694572629162318	-0.043018825749423104	-0.061985648321941131	-1	
0.11012780992109333	-0.071806496122790026	-0.072153350003200126	-1	
0.11074925205713114	-0.064430591729275261	-0.068177196424716049	-1	
0.11300321116435205	-0.025782167951021829	-0.034609166093938076	-1	
0.11292828403315663	-0.028953878333978767	-0.039790219404279591	-1	
0.11237125393940527	-0.022673150277514063	-0.030278173367950093	-1	
0.1135380113144174	-0.018739105610622215	-0.022954116277408444	-1	
0.11436457137890246	-0.035775908549102717	-0.050601952450375624	-1	
0.1154551358236541	-0.039332413716300016	-0.056213451279727572	-1	
0.11124862655044872	-0.033743927338931251	-0.048415573305159956	-1	
0.11406209414277138	-0.015966732531875076	-0.022896461689185035	-1	
0.11254010777376981	-0.014816186267171485	-0.022925347544640165	-1	
0.11274723169100419	-0.0130014260013319	-0.022708163472475566	-1	
0.11092623853292052	-0.0043426695172075671	-0.0081448200029696962	-1	
0.11075648682244144	-0.0065073586382386507	-0.011617680986312651	-1	
0.11058673511196236	-0.0086720477592697326	-0.015104147048168867	-1	
0.11039992408825695	-0.011054278781051368	-0.018889392477714029	-1	
0.10886471451300345	-4.163336342344337e-017	-0.0010495884710838045	-1	
0.10886471451300343	-0.0038286859729585133	-0.0074540288948861241	-1	
0.10886471451300346	0.0038286859729584305	0.0053540160581705947	-1	
0.10870111732772519	0.0057360257515116043	0.0085346969274024131	-1	
0.10853752014244694	0.0076433655300647777	0.011630097579988591	-1	
0.10610124910205679	0.0093557725284534009	0.013972533932925489	-1	
0.097543199295883523	0.0042352235407235317	0.0064433995911004262	-1	
0.10556075992456078	0.0064273555910307756	0.0092721554416097911	-1	
0.10327461285666875	0.0035207428987950023	0.0046168045982233922	-1	
0.093242642249630983	0.00037973484480301363	-0.00043480526123825376	-1	
0.082910503159519616	0.0063284640632469387	0.011255741879288211	-1	
0.078110874705559011	0.010712479052890064	0.019963526534669384	-1	
0.054444163920396631	0.030876022246847028	0.059866540887293637	-1	
0.052699851693153263	0.022859777563710364	0.043184602670253022	-1	
0.052320700426633587	0.03527430683298749	0.068730920860125042	-1	
0.058375395334326036	0.01705850625353697	0.032405530359715946	-1	
0.052615558975990344	0.018140596355091906	0.033872562249048666	-1	
0.06322847489810797	0.0026737371459905779	0.0040952226829751581	-1	
0.054885281363010158	0.010544286662665785	0.019367671722206499	-1	
0.07348060031234642	0.00082391635580420647	0.00042886250285777643	-1	
0.053271628038071339	0.051520433193265804	0.069164848506150331	-1	
0.05306084352092752	0.051366155877918367	0.069166023260678666	-1	
0.053196299136374608	0.051837750777533546	0.069163510157490282	-1	
0.051991229197091003	0.050756211793939826	0.069144240204051965	-1	
0.051705136017156733	0.050207914767852871	0.069105766759896742	-1	
0.052320700426633573	0.051244137926633515	0.069167220016118719	-1	
0.052790228133319614	0.05136635974398323	0.069166439103034411	-1	
0.05273800006571476	0.052960538087140463	0.069160091828141215	-1	
0.052627932680425135	0.053143708812459355	0.069160036483926934	-1	
0.052786990951574221	0.052510063148672209	0.069161628171946155	-1	
0.052718556614055619	0.052711615748591158	0.069161141681153934	-1	
0.052808981676633573	0.052220700426633515	0.069162800655898721	-1	
0.052976319971720566	0.051953744071767283	0.069163560591496434	-1	
0.052220700426633494	0.053541403551633462	0.069161465753594553	-1	
0.051990938101210714	0.053216879404949957	0.069164086170125205	-1	
0.051667246589545426	0.052903966123849289	0.069166704228882298	-1	
0.051644996409094895	0.052736498700528926	0.069167040030930577	-1	
0.051821133196770258	0.052893756345631295	0.06916582387712529	-1	
0.051953744071767269	0.052976319971720462	0.069164872233836217	-1	
0.051740734235124493	0.052597305751459066	0.069166648336122752	-1	
0.051732419176633494	0.052320700426633462	0.069166809123529308	-1	
0.05166416172369645	0.052124777222432001	0.069161376657855975	-1	
0.05168703123473551	0.051918568669527779	0.069155461253593578	-1	
0.051630166460631004	0.051630166460631038	0.069145791636632162	-1	
0.05145223944200189	0.050772292530256433	0.069107459271463292	-1	
0.051985000012676696	0.051344925985482084	0.0691525869475694	-1	
0.052419083449128809	0.053419333239133462	0.069160421575394926	-1	
0.052420451336256585	0.053194873602504363	0.069161205507536752	-1	
0.025698747406694852	0.0075730588742412694	0.0082908946865888674	-1	
0.021503734179731934	0.008907138338910844	0.0083684963613297417	-1	
0.028632137261909135	0.0042908145277958639	0.004797701730497277	-1	
0.038031446058980067	-0.0040102526722039719	-0.0080456230664644659	-1	
0.030580979021695306	-0.0015995383064041158	-0.0036536522864828403	-1	
0.054441198524513658	0.00077306651405764117	0.00038031830140164408	-1	
0.047457721099739371	-0.0071384165720875144	-0.014562491025695621	-1	
0.015738081557504641	0.012168212547344031	0.0062963815483627738	-1	
0.012586160299423143	0.012586160299423131	0.0034668844356241521	-1	
0.01747860964276662	0.0090987882694803235	0.0053277222148075277	-1	
0.0079231967968230177	0.013723379410464429	0.00032665384869396427	-1	
0.0090891179664595381	0.012980605706843111	0.00052752191973752375	-1	
0.010185865460211821	0.012139041755888697	0.00068610564335371319	-1	
0.0031366398941958529	0.014148468243674842	-0.00060965139533731606	-1	
0.0019230905045387917	0.014607322608993157	-0.00080394053876029284	-1	
0.005545843013504039	0.0133888494179935	-0.00020710874920843106	-1	
0.0068031125285506781	0.013068657575119443	1.7284155939842957e-005	-1	
0.0040939590593189711	0.012984379273623803	-0.00048143045077195067	-1	
-0.0031031839367245862	0.012864574378091154	-0.0015800837705461008	-1	
-0.0017575830712181671	0.011752411986306176	-0.0013579319128940383	-1	
0.00054965456429931529	0.011238086168278684	-0.0010385756022936905	-1	
0.0020372872466100046	0.013075155997207094	-0.00080604385470983903	-1	
-0.0043754196296955841	0.012688736098116828	-0.0017797996554222537	-1	
-0.0072662290891612	0.011177566350348927	-0.0021579489618073575	-1	
-0.0048763656850266679	0.011379914905371396	-0.0017945636756659035	-1	
-0.0053353137984838957	0.010055782550172188	-0.0017765553248116363	-1	
-0.008595471205055414	0.0112018361659542	-0.0023957255789346706	-1	
-0.014492485080558434	0.0092327312500200785	-0.0044218848250199231	-1	
-0.016942770230809184	0.0084893827891139462	-0.0062341106657870056	-1	
-0.015407462736755043	0.0080206174333585199	-0.0043496390813053155	-1	
-0.0098240244354131766	0.0098240244354131888	-0.0024021245481696896	-1	
-0.011497265644091677	0.0088221622166748601	-0.002470748286988211	-1	
-0.012980605706843108	0.0090891179664595347	-0.0027151928329834083	-1	
-0.02266763411153274	0.0059743077817448857	-0.0078600260401113873	-1	
-0.025776165700308232	0.0044886545344497396	-0.0069761283259477747	-1	
-0.020218101752698669	0.0063622709343438052	-0.0069760426387862999	-1	
-0.018803108950264831	0.00678391630275976	-0.0063975070844707492	-1	
-0.016674291288584372	0.0069067175946912092	-0.0047383268578637099	-1	
-0.13589670604618009	-0.16195538765225428	0.0024744616682827974	-1	
-0.12984705207652311	-0.14170319176989404	0.0025974334635589674	-1	
-0.1264408491510394	-0.12644084915103937	0.02527046297582004	-1	
-0.11604128847873453	-0.10008158635080218	0.072897776605620065	-1	
-0.11538324270604235	-0.11538324270604232	0.052214129875668494	-1	
-0.12124180478911484	-0.093032108885964526	0.073052157597883111	-1	
-0.11011956542112648	-0.07660860295901363	0.07280713631119641	-1	
-0.11024187762436459	-0.085567967812225768	0.073010363416157645	-1	
-0.11026903910216707	-0.064202655237972042	0.065788008178044796	-1	
-0.10723948139594318	-0.068917166826493695	0.06898338724107457	-1	
-0.11205596329736676	-0.058891182623502923	0.062923688580098891	-1	
-0.11311201949769224	-0.052274212685493079	0.060054229476507119	-1	
-0.11432905909141536	-0.016006577547465581	0.020868046219337147	-1	
-0.1135380113144174	-0.018739105610622239	0.020965095784019165	-1	
-0.11391205398776405	-0.048696718593678315	0.059933459947172467	-1	
-0.11392823217587073	-0.045030895708089928	0.059746252528262364	-1	
-0.11186616073556006	-0.038852594002873671	0.054622221541449162	-1	
-0.11232104059519241	-0.041779644951816748	0.059396121320015947	-1	
-0.10849161396591259	-0.038201493312963103	0.054675377312148526	-1	
-0.10778949693059538	-0.035832895996235743	0.050934955944828088	-1	
-0.10602255303441006	-0.032904519775613997	0.046559983464039625	-1	
-0.11106218885229105	-0.018784142844897895	0.024643718062573542	-1	
-0.1090630746097702	-0.020245398285192652	0.029123255009404023	-1	
-0.10593431129684544	-0.022706813017639282	0.033652817724038248	-1	
-0.10496228642593909	-0.026410055371289445	0.039056892220069903	-1	
-0.10367734336983232	-0.030016682274933915	0.044100964931992122	-1	
-0.054029684801633462	0.052220700426633494	-0.071366716171264499	-1	
-0.054151755114133469	0.052009232221756393	-0.071367988727041864	-1	
-0.053643574133059105	0.05242031673809474	-0.071366623888986111	-1	
-0.053785544176633462	0.052220700426633494	-0.071367664152231641	-1	
-0.053369872792204974	0.052646702975966464	-0.071366085675577409	-1	
-0.053162454516897467	0.052866575909466758	-0.07136552474084977	-1	
-0.052787075195295283	0.052917585709890406	-0.07136693437536025	-1	
-0.052484929865191363	0.052967574352304064	-0.071368118830780522	-1	
-0.053599334665292722	0.051331532160718153	-0.071374437831707771	-1	
-0.053836189694184168	0.051519558538733821	-0.071372629678337587	-1	
-0.053821698030872861	0.05176982033080825	-0.071370953423722017	-1	
-0.053907614489133462	0.052005318388290235	-0.071368920298327684	-1	
-0.053060843520927402	0.051366155877918353	-0.071375279177487302	-1	
-0.05328851569064131	0.051525562653131372	-0.071373970233471709	-1	
-0.052790228133319503	0.051366359743983209	-0.071375606943229128	-1	
-0.052320700426633469	0.051244137926633494	-0.071376497625862428	-1	
-0.051991229197090788	0.050756211793943587	-0.071354861322642543	-1	
-0.051452239442001745	0.05077229253025653	-0.071318931109605924	-1	
-0.051284899477629778	0.051284899477629757	-0.071329066286529783	-1	
-0.051344925985482327	0.051985000012677605	-0.071360559656494335	-1	
-0.051630166460631004	0.051630166460631004	-0.07135442450350149	-1	
-0.051488278551633522	0.05232070042663356	-0.07137339185149949	-1	
-0.051565080881546536	0.052587656781499792	-0.071372988211268321	-1	
-0.052220700426633515	0.053053122301633546	-0.07136913044212008	-1	
-0.05164499640909493	0.05273649870052901	-0.071372492608976185	-1	
-0.051787201245241984	0.052802816798200834	-0.071371802446072663	-1	
-0.051953744071767283	0.052976319971720545	-0.071370674178237128	-1	
-0.051944095101807933	0.052800666618142554	-0.071371143491122405	-1	
-0.097543199295883565	-0.0042352235407234016	0.0064745466227292287	-1	
-0.10502951255251602	0.0019143429864792601	-0.0042932263835389131	-1	
-0.10327461285666879	-0.003520742898794958	0.0046267798076186275	-1	
-0.073468500211366014	-0.013368103845146201	0.025398072795439503	-1	
-0.051852580156034181	-0.0045820988801684708	0.0077235217052314675	-1	
-0.044090994954780235	-0.0012665419161167566	0.0015517186050354971	-1	
-0.05410403151996588	-0.013504622669666046	0.025102631061128415	-1	
-0.060435403135166134	-0.022859777563710403	0.044318720242408433	-1	
-0.088031054679247017	-0.011867286610535877	0.02154607450595139	-1	
-0.094327870878415515	-0.0094634209237131478	0.01618644605851877	-1	
-0.083340543702087738	-0.016707490248766693	0.031646581927470351	-1	
-0.11092623853292052	-0.0021713347586037619	0.0025842633529942803	-1	
-0.10695685447030844	-0.0019143429864792046	0.0020581111120574797	-1	
-0.10886471451300345	-0.0038286859729584331	0.005388391810909888	-1	
-0.11213953045080757	-0.010600920967155902	0.017021433428772326	-1	
-0.11058673511196235	-0.0086720477592697031	0.013057113515196202	-1	
-0.11274723169100419	-0.013001426001331872	0.020692034710657965	-1	
-0.10870111732772519	-0.005736025751511606	0.0085787144417685188	-1	
-0.10853752014244693	-0.0076433655300647821	0.0116795485887308	-1	
-0.11254010777376981	-0.01481618626717149	0.020911222476216285	-1	
-0.036517182821589222	0.0036296676881417828	-0.0073116725005275083	-1	
-0.028701982475588105	0.0026693880869208013	-0.0050173915987759407	-1	
0.13589670604617993	-0.16195538765225428	-0.0047480851884448092	-1	
0.12984705207652314	-0.14170319176989404	-0.0048749830293640314	-1	
0.12689591952949383	-0.12689591952949378	-0.026394627634907779	-1	
0.1160412884787345	-0.10008158635080221	-0.075063657259478125	-1	
0.11538324270604232	-0.11538324270604235	-0.05435443862871725	-1	
0.1101195654211264	-0.076608602959013714	-0.074979064741881971	-1	
0.11118500750994745	-0.084338857015449381	-0.075175295823130289	-1	
0.1092702786810857	-0.093310576553153432	-0.075231402663667249	-1	
0.11311201949769219	-0.05227421268549317	-0.06203130628018514	-1	
0.10965670785552444	-0.053471161062313942	-0.063086743138023316	-1	
0.1080376725759755	-0.058482663722283848	-0.065728831148597705	-1	
0.11568769160948214	-0.045566237205758871	-0.061949603714149246	-1	
0.11320009124199708	-0.046938753435545821	-0.061740280826236504	-1	
0.11155280577006393	-0.049086020753604215	-0.061675740927633838	-1	
0.11232104059519241	-0.04177964495181672	-0.061378146511379468	-1	
0.11314772855232995	-0.044293231291537533	-0.061597044064221486	-1	
0.10597318565922015	-0.074214689487314717	-0.074671934720982214	-1	
0.10616650527796195	-0.069092023142156039	-0.071601373136791144	-1	
0.10055623231175917	-0.062616002914107696	-0.069014494979495106	-1	
0.11020757825516977	-0.027282100437983528	-0.039025167317507693	-1	
0.10827048418968901	-0.024515126492195873	-0.037420917242073359	-1	
0.11022877862025866	-0.030659677791606773	-0.043958541568796083	-1	
0.11106218885229105	-0.018784142844897867	-0.026768162085833415	-1	
0.1090630746097702	-0.020245398285192624	-0.031177852263576798	-1	
0.11227047959557405	-0.016622717690945681	-0.023103873952847583	-1	
0.11161897007454663	-0.038285835498234305	-0.055761148246895979	-1	
0.10909136977965109	-0.036172698282378138	-0.053135881112719503	-1	
0.10829587774052098	-0.032389689717110627	-0.047456837180566737	-1	
0.10743687288948613	-0.034556522861229351	-0.051055999494070754	-1	
0.11024723169100419	-0.0130014260013319	-0.021913258581176175	-1	
0.10985566502985139	-0.015975670078189379	-0.024332444784022876	-1	
0.10853752014244689	-0.0076433655300648592	-0.013728428886030611	-1	
0.10821032577189033	-0.011458045087171204	-0.019832281021953481	-1	
0.10695685447030848	0.0019143429864792014	0.002029274119365012	-1	
0.10502951255251602	-0.0019143429864792632	-0.0043074567833911483	-1	
0.10564800526562569	-0.0054741528826526805	-0.010150294080850395	-1	
0.10680759984519211	0.0046129281841847973	0.0064377467450417942	-1	
0.10101492153736151	-0.0044454852155084617	-0.0086279695075175099	-1	
0.09681123475114671	-0.008043816752655324	-0.015366673241173015	-1	
0.084683191963625865	-0.0099325963658556757	-0.020291450549168751	-1	
0.061376915645044688	-0.006124018434236508	-0.013307498873154249	-1	
0.075327165310240599	-0.014240142728452612	-0.029374886300680879	-1	
0.053073317335610624	0.051690446333898826	0.069164539376599443	-1	
0.053010647249560172	0.051531416395278813	0.069165397465727849	-1	
0.052838300848853305	0.051520128241274971	0.069165750227329376	-1	
0.052949378422480257	0.051808162971954452	0.069164299182006297	-1	
0.052320700426633573	0.051488278551633515	0.069166269179529297	-1	
0.052587656781499813	0.051565080881546516	0.069165868897498983	-1	
0.052489175000178509	0.052981189121064996	0.069161471807625038	-1	
0.052686911364133573	0.052357661958600081	0.06916260718623389	-1	
0.0526058769097979	0.052531033375879714	0.06916230006098574	-1	
0.052366152228574388	0.052686911364133462	0.06916302540783878	-1	
0.052686911364133573	0.052078285062050172	0.069163711283851931	-1	
0.052564841051633573	0.052220700426633515	0.069163446410011695	-1	
0.052800666618142582	0.051944095101807919	0.069164032766868347	-1	
0.052220700426633494	0.053297262926633462	0.06916224550456207	-1	
0.052220700426633494	0.053053122301633462	0.069162970446282751	-1	
0.051800480322248689	0.052740920531018275	0.069166165858247905	-1	
0.051944095101807905	0.052800666618142464	0.069165255364089462	-1	
0.052220700426633494	0.052808981676633462	0.06916358016183155	-1	
0.051854489489133494	0.052463115791216798	0.069166106823394288	-1	
0.051914071427377549	0.052627329425889414	0.069165656349269661	-1	
0.051976559801633494	0.052320700426633462	0.069165487973793391	-1	
0.051870283989825496	0.052148411799471654	0.069162904758170968	-1	
0.051975433443632243	0.051975433443632285	0.069161075589169896	-1	
0.051918568669527418	0.051687031234735857	0.069154968931749355	-1	
0.052124777222431973	0.051664161723695451	0.06916034786272765	-1	
0.022436375590212124	0.0046175835954635784	0.0039114987195039757	-1	
0.018793058290043012	0.0059254285181826946	0.0035875060457653974	-1	
0.023448553337971405	0.00088131332973939551	-0.0002857518780232851	-1	
0.030218911046282756	-0.010320955963097596	-0.016801036016941391	-1	
0.038694762159283892	-0.011812881368881669	-0.021318188151558864	-1	
0.024653682673366012	-0.0034903749935061013	-0.0061544249412429095	-1	
0.026778742460217567	-0.0065240791488350687	-0.010511583242915923	-1	
0.051656957188709607	-0.016138776942520822	-0.032167675056784036	-1	
0.013780623156336764	0.010574244059024993	0.0028004102100213524	-1	
0.015221632413003583	0.0096972493312679781	0.0035393958758563127	-1	
0.011205092367418169	0.011205092367418155	0.0007494173877169414	-1	
0.012139041755888716	0.010185865460211819	0.00073453432565415177	-1	
0.015407462736755063	0.0080206174333585147	0.0023008982041179378	-1	
0.016674291288584397	0.0069067175946912022	0.0026855207143570122	-1	
0.0073150654320145673	0.011482352704303976	-1.9146250107258735e-005	-1	
0.0088221622166748635	0.011497265644091681	0.0002816016105776044	-1	
0.0098240244354131923	0.0098240244354131801	0.00021709349118651943	-1	
0.0053169803214597414	0.011402301095583531	-0.00035984452131789961	-1	
0.0032603349225152965	0.011076182655790417	-0.0006766826674246975	-1	
-0.0034998762098981512	0.011643043371698721	-0.0016022338751748169	-1	
-0.002558166026608172	0.010573616334383258	-0.001436002074810067	-1	
-0.00087260929774782194	0.010290122025427582	-0.0012218945330336117	-1	
0.0011617841437481708	0.0087787684271700538	-0.00099801119275189348	-1	
-0.0079552456874688472	0.0098535732786632427	-0.0021272773440447605	-1	
-0.0039605271173221669	0.010320880051462054	-0.0016116052712072575	-1	
-0.006800871122278682	0.0086648367246881658	-0.0018522275154518411	-1	
-0.004222817229136205	0.0079837603252934774	-0.0015194792850003345	-1	
-0.013723379410464425	0.0079231967968230142	-0.0025178662954916933	-1	
-0.01436170991036906	0.0066969753154056408	-0.0022704906070278139	-1	
-0.010038344194397242	0.0080829762794093398	-0.0021561285377979622	-1	
-0.008442956503408202	0.0084429565034082124	-0.0020226151435803041	-1	
-0.011482352704303972	0.0073150654320145638	-0.0021759656933278324	-1	
-0.022881468307491038	0.0026202698808970894	-0.0040256248022515258	-1	
-0.020315256240477163	0.0047904889783149003	-0.0055399667968804734	-1	
-0.023940861577445186	-0.0006791228616126457	-0.0001210728066209683	-1	
-0.019047578347012529	0.0054623462683927541	-0.0054211698609275844	-1	
-0.017715272016401076	0.0059946613078405639	-0.0049121853648381774	-1	
-0.014890739126018246	0.0054197858080937758	-0.002014668567648252	-1	
-0.016566154358469379	0.0052232884056076997	-0.0034424748382536822	-1	
-0.12126423594851994	-0.17318327685898408	0.0022617566979307724	-1	
-0.11700269791305613	-0.15248088461116954	0.0024809566653538314	-1	
-0.1048962558136342	-0.12994589924698347	0.048024672985323646	-1	
-0.10927027868108574	-0.09331057655315339	0.073064979411576733	-1	
-0.10630085227378591	-0.103051012758102	0.069125922142053972	-1	
-0.10008158635080221	-0.1160412884787345	0.072906707471434823	-1	
-0.10597318565922018	-0.074214689487314633	0.072493449700251913	-1	
-0.10384687652309905	-0.081096284064856972	0.072655863109284888	-1	
-0.10249926888343695	-0.086539566755504616	0.072808386814049553	-1	
-0.10466630875246817	-0.064322037155398401	0.067013750574527256	-1	
-0.10576138244240731	-0.056593836824727808	0.063051698204095424	-1	
-0.1011357377775754	-0.068229914167095826	0.069970063019403839	-1	
-0.10182680589731391	-0.071820776015615623	0.072047799656075634	-1	
-0.10896563973578596	-0.049880299213794076	0.059447069362563908	-1	
-0.11227047959557405	-0.016622717690945709	0.02108921362204904	-1	
-0.11161137831941208	-0.045842702015007619	0.059500688513520618	-1	
-0.1105915245128196	-0.043609601147308746	0.059242622072800802	-1	
-0.11000869774697701	-0.041160054553013553	0.059037886614707262	-1	
-0.10769635489876161	-0.040540464154210351	0.058664465082257533	-1	
-0.10609580078183221	-0.038804237675920908	0.055020234686076801	-1	
-0.10457409236949491	-0.036998508080174373	0.051475864210656759	-1	
-0.1023924003137256	-0.033623309178578371	0.048774221938480994	-1	
-0.10985566502985139	-0.015975670078189404	0.022301594234847656	-1	
-0.1069063361677518	-0.019003570663989111	0.027953395387870363	-1	
-0.10350823717568938	-0.020090829077338519	0.031066321212453899	-1	
-0.099509878945010635	-0.02299972123393693	0.037426548887870358	-1	
-0.10082124133965867	-0.026966922234644232	0.041964206365173159	-1	
-0.099891328510073041	-0.030700036750249723	0.047319282387745423	-1	
-0.053419333239133462	0.052419083449128739	-0.071367500056755101	-1	
-0.053541403551633462	0.052220700426633494	-0.071368549837104667	-1	
-0.053663473864133462	0.05196425820247285	-0.071370066065735469	-1	
-0.053143708812459334	0.052627932680425094	-0.071367117994044341	-1	
-0.053194873602504363	0.052420451336256585	-0.071368291359559924	-1	
-0.052960538087140539	0.052738000065714802	-0.071367179467354575	-1	
-0.052510063148672216	0.0527869909515742	-0.071368738357260722	-1	
-0.05271161574859122	0.052718556614055535	-0.071368240806628708	-1	
-0.052220700426633515	0.052808981676633546	-0.071369908016672118	-1	
-0.053624826617682649	0.051632869818345292	-0.071372482083421118	-1	
-0.053010647249560068	0.051531416395278799	-0.07137443007257005	-1	
-0.052838300848853194	0.051520128241274964	-0.071374730221567248	-1	
-0.053441335873961687	0.051787287897481458	-0.071371943105239935	-1	
-0.053139478525269658	0.05176015391508295	-0.071372845404471696	-1	
-0.052587656781499695	0.051565080881546502	-0.07137472171504626	-1	
-0.052320700426633462	0.051488278551633494	-0.071375207415141528	-1	
-0.051985000012678716	0.051344925985482792	-0.071361863983496601	-1	
-0.051687031234735691	0.051918568669527564	-0.071362862410405431	-1	
-0.051664161723695791	0.052124777222432007	-0.071367840714842395	-1	
-0.051918568669527702	0.051687031234735545	-0.071363368563702387	-1	
-0.051975433443632243	0.051975433443632243	-0.071368533941327153	-1	
-0.051732419176633522	0.05232070042663356	-0.071372481913494143	-1	
-0.051740734235124514	0.052597305751459142	-0.071372296571119431	-1	
-0.051914071427377563	0.052627329425889505	-0.071371575844156779	-1	
-0.052078285062050186	0.052686911364133546	-0.071370820761157916	-1	
-0.1011350738115228	-0.0087582779795230027	0.013529839799089057	-1	
-0.10680759984519214	-0.0046129281841848164	0.0064724844544089121	-1	
-0.10556075992456078	-0.0064273555910307582	0.0093053052250830336	-1	
-0.079693134100162141	-0.021726493473886735	0.04179230749561505	-1	
-0.072409482289263985	-0.028233933462005451	0.054970252295120869	-1	
-0.045527250745020072	-0.010170061895468046	0.017835939013749032	-1	
-0.035390700466445699	-0.0087074633408157111	0.012806405382200877	-1	
-0.04775554150665607	-0.020166239483113482	0.036836718682128101	-1	
-0.065061481389211931	-0.030512178265931524	0.059547117868716512	-1	
-0.058691090907922759	-0.030876022246847046	0.060168533416280701	-1	
-0.054444163920396652	-0.02846404884884958	0.054841013660177858	-1	
-0.093184825265905519	-0.016210915649310736	0.028634315932243533	-1	
-0.099716605261287838	-0.013682043933072388	0.022058828465710698	-1	
-0.089393691388956587	-0.023093923474478181	0.04246647387493075	-1	
-0.084691250543156085	-0.0254024725543846	0.048715074871535369	-1	
-0.11024723169100419	-0.013001426001331872	0.019885043735050408	-1	
-0.10821032577189041	-0.01145804508717113	0.017778508491115615	-1	
-0.10610124910205677	-0.0093557725284534026	0.014017915084683292	-1	
-0.028802248545870639	-0.0050416584555398958	0.0065000179274187367	-1	
0.12126423594851979	-0.17318327685898402	-0.0045286746330513959	-1	
0.11700269791305615	-0.15248088461116951	-0.0047497455351637463	-1	
0.11466206756656533	-0.13574449911384598	-0.030604495492973297	-1	
0.103051012758102	-0.10630085227378591	-0.071249319340519618	-1	
0.10008158635080218	-0.11604128847873454	-0.074990392492564076	-1	
0.10178593790387494	-0.12572975709787348	-0.059618191001878693	-1	
0.10521054461290774	-0.079319117210084236	-0.074830881144678563	-1	
0.10249926888343694	-0.086539566755504643	-0.074979929543865662	-1	
0.097786827304858465	-0.092601594239073701	-0.074429950545373047	-1	
0.10896563973578591	-0.049880299213794152	-0.061426447819704334	-1	
0.10689243537606478	-0.051077281027605483	-0.062341882757474827	-1	
0.1054991621244675	-0.05386829498594578	-0.063949167148140196	-1	
0.10054848664291302	-0.057634384739797595	-0.066529692045066938	-1	
0.11097408975960953	-0.045996392140013616	-0.061409908546686071	-1	
0.10929720718926177	-0.047590500307897472	-0.061298340109881506	-1	
0.11000869774697701	-0.041160054553013525	-0.061013454513178814	-1	
0.1105915245128196	-0.043609601147308726	-0.06121905424874198	-1	
0.1029369264839524	-0.074685817700427634	-0.074471294499341492	-1	
0.10182680589731387	-0.071820776015615706	-0.074237956074946918	-1	
0.10110418390780712	-0.068284567072709884	-0.07219009922092505	-1	
0.096488500762858004	-0.063348975715318612	-0.069888453583811572	-1	
0.096792773839280102	-0.060907181856428932	-0.068540262782353215	-1	
0.098176475567660931	-0.066173766252489219	-0.071429721160497103	-1	
0.10714651861204953	-0.028709823133904921	-0.04325082733417622	-1	
0.10496228642593892	-0.026410055371289501	-0.041116477444154045	-1	
0.10593431129684533	-0.022706813017639337	-0.03571180222827889	-1	
0.10658453582322981	-0.030807171454759436	-0.046038884926461833	-1	
0.10690633616775172	-0.019003570663989177	-0.030003015722512332	-1	
0.10832513738307858	-0.038354961068097063	-0.056938322862684403	-1	
0.10682702170860972	-0.036643984569747337	-0.054189540967600341	-1	
0.10602255303441005	-0.032904519775613962	-0.048639724481803474	-1	
0.10529832270195248	-0.034951513927894154	-0.051126985840721367	-1	
0.10755833096982101	-0.015230807875580191	-0.024345812772547774	-1	
0.10225680533611804	-0.0090260252091031341	-0.015993579482522568	-1	
0.10422459630385066	-0.012711965227255893	-0.021600070710098611	-1	
0.099748118111062406	-0.012733559664380114	-0.022685264170274982	-1	
0.09326285735612691	-0.015851703062513343	-0.030211947447433784	-1	
0.088378287754460022	-0.019679018757187659	-0.038714945685800202	-1	
0.06135404226466537	-0.022963798290574489	-0.046742003590170347	-1	
0.072148226540551239	-0.024037312661823337	-0.048820813089276813	-1	
0.078900904984756964	-0.023900296720163364	-0.048278755384659047	-1	
0.052903966123849407	0.05166724658954544	0.069165014369644492	-1	
0.05273649870052903	0.051644996409094902	0.069165380622167538	-1	
0.052802816798200869	0.051787201245241964	0.069164692904648079	-1	
0.052320700426633573	0.051732419176633515	0.069165365720693608	-1	
0.05259730575145917	0.051740734235124507	0.069165182470886558	-1	
0.052503805895383573	0.052369151508039426	0.069163163876231573	-1	
0.052416449099208069	0.052503805895383462	0.069163194034490422	-1	
0.052220700426633494	0.052564841051633462	0.069164029340749458	-1	
0.052627329425889526	0.051914071427377563	0.069164464349013188	-1	
0.052503805895383573	0.052037594957883515	0.069164176310622924	-1	
0.052442770739133573	0.052220700426633515	0.06916368028274078	-1	
0.052078285062050166	0.052686911364133462	0.069164645451231022	-1	
0.052037594957883494	0.052503805895383462	0.069165089569935487	-1	
0.052098630114133494	0.052320700426633462	0.069164842838762897	-1	
0.052060917610992484	0.052216505424030155	0.069164082296650622	-1	
0.052061750189382555	0.05206175018938259	0.069162607216188235	-1	
0.052148411799471689	0.051870283989824968	0.069162217306123874	-1	
0.019576749945607846	0.0020086066955437489	0.00040491904690442913	-1	
0.0165661543584694	0.0052232884056076893	0.0013056338292354141	-1	
0.017620310260960087	0.0039063287389674703	0.0011554916558508628	-1	
0.02014572638126403	-0.00050788849881999568	-0.001901586374465362	-1	
0.02152058846928567	-0.0021388686335765987	-0.0037352097629818953	-1	
0.030873013080068033	-0.015402607660393667	-0.024432604408517668	-1	
0.025160085469771776	-0.011132939478738431	-0.01577775291868172	-1	
0.041532920591950073	-0.022312775513883297	-0.040163992038678833	-1	
0.033518965043538865	-0.02294327314002096	-0.036337000038772015	-1	
0.0231389346990073	-0.0046165682892497905	-0.0070557464616102673	-1	
0.02365339047406775	-0.0064060553418299601	-0.0093709652627382654	-1	
0.024140167755418426	-0.0082032688890207092	-0.011714822005937703	-1	
0.049058519010225406	-0.027708672983726548	-0.053880788417635293	-1	
0.012980605706843128	0.0090891179664595312	0.00061813290913779507	-1	
0.013723379410464445	0.007923196796823009	0.00041226524599262458	-1	
0.011688767208393479	0.0089691065352038041	0.00037329800406700822	-1	
0.014361709910369079	0.0066969753154056347	0.00015636462765669385	-1	
0.014890739126018264	0.0054197858080937663	-0.0001412651454912635	-1	
0.0080829762794093433	0.010038344194397246	-4.2085192452155477e-005	-1	
0.0063716269161301223	0.010054452190445035	-0.00029570212884624743	-1	
0.010244250311892739	0.0076055561318423394	-8.2895740430906595e-005	-1	
0.0084429565034082159	0.0084429565034082055	-0.00018614792368889174	-1	
0.0036829293369691003	0.0090371737066573116	-0.00070420797127445105	-1	
-0.0030039723411404216	0.0090302498864654312	-0.0014371371952114898	-1	
-0.0019352722484851064	0.0065524981990549994	-0.0012627892807481206	-1	
0.0027019181627360596	0.0061804148125082789	-0.00093093456958118106	-1	
-0.0070227513435586388	0.0070227513435586475	-0.0017257833639799953	-1	
-0.0056025461837090765	0.0056025461837090826	-0.0014886425870659092	-1	
-0.013068657575119441	0.0068031125285506729	-0.0022102179903701678	-1	
-0.013388849417993499	0.0055458430135040364	-0.0019847538227565917	-1	
-0.010054452190445031	0.006371626916130118	-0.0019065714708311739	-1	
-0.011402301095583524	0.0053169803214597354	-0.0018360773954127401	-1	
-0.019576749945607833	0.0020086066955437589	-0.0026448709444633809	-1	
-0.020481540829911986	-0.00031690342924047861	-0.00061950558179563664	-1	
-0.018412214303264937	0.0032701113151104178	-0.0032441008397914007	-1	
-0.020888713149726387	-0.0023472034731765283	0.0014982087424443582	-1	
-0.022288790101945236	-0.0055312084165406658	0.0055460360702227233	-1	
-0.017885351344479217	0.0046211400782157474	-0.003990569143134828	-1	
-0.015306440825644318	0.0041013484582261717	-0.0017710813312197813	-1	
-0.012984379273623801	0.0040939590593189676	-0.0017065871318362319	-1	
-0.016753812980623409	0.0037142309167222235	-0.0026514975720610275	-1	
-0.10570887179394395	-0.18309313675789535	0.0019055011255864171	-1	
-0.10326788257031022	-0.16209810585007861	0.0021660293197890311	-1	
-0.10144239063367828	-0.14588831399681315	0.028270000580742267	-1	
-0.095101480260741902	-0.13085892184745174	0.057561255643864183	-1	
-0.093032108885964582	-0.12124180478911482	0.073045539842870724	-1	
-0.10197937746173459	-0.093830467974855766	0.072165870456297646	-1	
-0.093310576553153404	-0.1092702786810857	0.073090481876082511	-1	
-0.092601594239073659	-0.097786827304858479	0.072295302273123793	-1	
-0.10116738937508211	-0.075909530516323986	0.072223375884750626	-1	
-0.098782997192725222	-0.08009932374974317	0.072289997294882724	-1	
-0.099113763984612552	-0.083154061856680228	0.072494293626622866	-1	
-0.097862923703337976	-0.087790407036779219	0.072285937545165449	-1	
-0.099400892978616803	-0.064430806984789174	0.068025255117213856	-1	
-0.098485217641349723	-0.059883365334778754	0.065785563878895212	-1	
-0.10114355368022614	-0.053371410119363964	0.062401873774127509	-1	
-0.10379336842282322	-0.051317920111303469	0.060968112741501761	-1	
-0.097680440614175634	-0.067032923994255797	0.069905004409402616	-1	
-0.097680426135407644	-0.069426862543916626	0.071446194106969396	-1	
-0.098286143828343248	-0.072064553283504515	0.071699879918741299	-1	
-0.10481925997387968	-0.047486385742095072	0.058751589741061226	-1	
-0.10863873436179924	-0.045372499058767127	0.059054646761696347	-1	
-0.10701515833767068	-0.043302426761956857	0.058613524807441572	-1	
-0.10554044627030244	-0.041739543997491052	0.058122289961242302	-1	
-0.10377708001879124	-0.039251216297530193	0.054073418391309219	-1	
-0.10080394044245362	-0.037106932510238617	0.053058209686574591	-1	
-0.096011925623270308	-0.03281790928353491	0.05303811176174001	-1	
-0.10755833096982109	-0.015230807875580123	0.022311202936242978	-1	
-0.10396151184899124	-0.016551938052201148	0.025501795285597179	-1	
-0.099996369789686457	-0.01784254160700351	0.028811199420830491	-1	
-0.095724667849487452	-0.027679751118426389	0.047195782567147238	-1	
-0.053297262926633462	0.052220700426633494	-0.071369335200681755	-1	
-0.053216879404949957	0.051990938101210714	-0.071371185989760014	-1	
-0.052981189121064996	0.052489175000178509	-0.071368562852684989	-1	
-0.053053122301633462	0.052220700426633494	-0.071370065844434866	-1	
-0.052357661958600081	0.052686911364133546	-0.071369714974676909	-1	
-0.052531033375879679	0.052605876909797865	-0.071369404847124882	-1	
-0.052686911364133462	0.052366152228574388	-0.071370126536095174	-1	
-0.052220700426633515	0.052564841051633546	-0.071370554784005044	-1	
-0.052903966123849289	0.051667246589545426	-0.071373815800129192	-1	
-0.052736498700528926	0.051644996409094895	-0.071374152624104667	-1	
-0.052893756345631295	0.051821133196770258	-0.071372931790832719	-1	
-0.052976319971720462	0.051953744071767269	-0.071371976030101425	-1	
-0.052597305751459066	0.051740734235124493	-0.071373759548564092	-1	
-0.052320700426633462	0.051732419176633494	-0.071373921137657642	-1	
-0.052124777222431987	0.051664161723696304	-0.071368876945527238	-1	
-0.051870283989825156	0.052148411799471689	-0.071369558688236967	-1	
-0.052148411799471633	0.051870283989825426	-0.071370246572099671	-1	
-0.052061750189382562	0.052061750189382555	-0.07136991824036007	-1	
-0.051854489489133522	0.052463115791216888	-0.071371973815329628	-1	
-0.051976559801633522	0.05232070042663356	-0.071371603189805635	-1	
-0.052037594957883522	0.052503805895383546	-0.071371286781052812	-1	
-0.10476506663747234	-0.012805367295701958	0.019440149946016599	-1	
-0.080096064339316375	-0.027917748387097749	0.054130030733970533	-1	
-0.069308408376738045	-0.03527430683298749	0.069028739574658521	-1	
-0.077802262351790274	-0.03527430683298749	0.068936900837000575	-1	
-0.037136376115495723	-0.016042205374108699	0.025168086889835972	-1	
-0.030554446571933725	-0.014491620361026948	0.02059685798329192	-1	
-0.041711148948162087	-0.028063278943491268	0.046789134175753706	-1	
-0.035657596330765789	-0.02325202287962563	0.035816264447406147	-1	
-0.047270593379274493	-0.030099151390187383	0.054510684307213508	-1	
-0.060814554401685816	-0.03527430683298749	0.069038317666817811	-1	
-0.056567627414159702	-0.03527430683298749	0.068975848062691261	-1	
-0.052320700426633594	-0.03527430683298749	0.068757267344763048	-1	
-0.091996368484494717	-0.03046529716329335	0.054558616568161099	-1	
-0.084342991326842504	-0.030629428100478549	0.059308118159700281	-1	
-0.025289348427666593	-0.010548411838848521	0.01288971557400163	-1	
0.10570887179394378	-0.18309313675789529	-0.0041694747497057179	-1	
0.10326788257031022	-0.16209810585007861	-0.0044278411257065945	-1	
0.098368951338503971	-0.1349544761295067	-0.050259452215623612	-1	
0.09383046797485578	-0.10197937746173459	-0.074279849174840498	-1	
0.09331057655315339	-0.10927027868108576	-0.075156564137973059	-1	
0.093032108885964582	-0.12124180478911484	-0.075141689908696505	-1	
0.099113763984612552	-0.083154061856680256	-0.074672416749480289	-1	
0.099507023100768616	-0.07807336197321825	-0.074406497300021052	-1	
0.094324491484570033	-0.085748309368983339	-0.074226003995312151	-1	
0.087790407036779219	-0.09786292370333799	-0.074398040682788172	-1	
0.090299698577419332	-0.090899188217638857	-0.074156250792653214	-1	
0.10689244985483277	-0.048683342477944661	-0.061076639455762763	-1	
0.10481376667726883	-0.049889813882625124	-0.062096051143867632	-1	
0.10267405320826657	-0.050984402057953779	-0.063064847338655847	-1	
0.098236275274365195	-0.051702257144318281	-0.06421092736109793	-1	
0.096064940515761421	-0.055463119266460324	-0.066175635669525806	-1	
0.1086387343617993	-0.045372499058767141	-0.061025573213095832	-1	
0.10769635489876161	-0.040540464154210323	-0.060637157972814604	-1	
0.10701515833767074	-0.043302426761956878	-0.060581353577782909	-1	
0.099952319106854509	-0.073955783196337874	-0.074180531507493375	-1	
0.097680426135407589	-0.069426862543916695	-0.073637273379864698	-1	
0.097828381367259659	-0.072068763093724605	-0.073838089962664263	-1	
0.094731568136775579	-0.065071801040693752	-0.071142408713411653	-1	
0.094074937160946559	-0.062869757504192381	-0.069688903911980141	-1	
0.093893605757157647	-0.059223981388602354	-0.067972519791280495	-1	
0.095607236254454456	-0.06822990580806719	-0.073276783282921046	-1	
0.10367734336983217	-0.030016682274933947	-0.046188120007746886	-1	
0.10217109269295319	-0.027447837552344489	-0.044052573913830301	-1	
0.10238651554475348	-0.02375477911362275	-0.038885019887096924	-1	
0.10320977321446638	-0.020012488432662165	-0.032988623948470241	-1	
0.10484865390976023	-0.031450092647790501	-0.047413223619783861	-1	
0.10426557883112457	-0.016604485774639757	-0.027563401889128914	-1	
0.10609580078183221	-0.038804237675920873	-0.057137957545912062	-1	
0.10457409236949491	-0.036998508080174339	-0.053564317054112173	-1	
0.10420174543060703	-0.033507694404574129	-0.049981532175762587	-1	
0.10344806017505681	-0.035156650153985759	-0.052074842758594045	-1	
0.10013744251988936	-0.017193128010634585	-0.029949561020087952	-1	
0.093743115703249863	-0.022797670180497415	-0.042232312420875204	-1	
0.098156768760897059	-0.020862588535912784	-0.036826196218465626	-1	
0.089893343186076322	-0.02569665721918906	-0.049380544802877117	-1	
0.084342991326842615	-0.0290763832605213	-0.058306286541398411	-1	
0.062938017895448894	-0.030930049433071507	-0.062562596141857038	-1	
0.056567627414159709	-0.030507317381090866	-0.061247228830757443	-1	
0.067184944882975037	-0.028618063116353398	-0.057951588536525107	-1	
0.073896012351790344	-0.030561320961721563	-0.061746219007199454	-1	
0.080436741326842587	-0.031252125224577675	-0.06293338847306966	-1	
0.052463115791216902	0.051854489489133515	0.069164860591143781	-1	
0.052320700426633573	0.051976559801633515	0.069164491592740837	-1	
0.052320700426633483	0.052320700426633525	0.06916376514972801	-1	
0.052220700426633494	0.052442770739133462	0.069164158934886477	-1	
0.052320700426633573	0.052098630114133515	0.069164116914768481	-1	
0.052320700426633573	0.052220700426633515	0.06916381830411758	-1	
0.052220700426633494	0.052320700426633462	0.069164213414885489	-1	
0.052159665270383494	0.052266781971499726	0.069164262640347779	-1	
0.052148066935132874	0.052148066935132895	0.069163647466226996	-1	
0.052216505424030141	0.052060917610992338	0.069163624693544992	-1	
0.018932889186571857	0.00052917823952446834	-0.00093398900679802534	-1	
0.017036572914025116	0.0022429073744611771	-0.00023535481792128483	-1	
0.017353562854571257	0.00075767291705270247	-0.00096382879631389516	-1	
0.015306440825644337	0.0041013484582261613	-0.00041919759150488994	-1	
0.015605651268305591	0.0027516973701295459	-0.00069553925652511084	-1	
0.018824536079841764	-0.0021826416592820477	-0.002983274930463433	-1	
0.018030945022363708	-0.00078724806120795965	-0.0017335488795596954	-1	
0.02130768628644936	-0.0041590729158241246	-0.0057950018485328231	-1	
0.019327192893244343	-0.0037071895227469035	-0.0045032863612167531	-1	
0.023949328980719178	-0.015440034361553305	-0.019795975542660705	-1	
0.025197574575790357	-0.019368487140370105	-0.025192718489011199	-1	
0.022489790335600786	-0.012711776330579521	-0.015673858520904357	-1	
0.022184501443654379	-0.010255955093573138	-0.012834090224527028	-1	
0.044658111561501374	-0.031029628298119349	-0.055607090427395353	-1	
0.038930484858244276	-0.030985669400883684	-0.050649633017378771	-1	
0.026238624669005936	-0.026238624669005929	-0.033111319374132725	-1	
0.030223613514553903	-0.030223613514553892	-0.041013659394509919	-1	
0.021839512293370122	-0.0059856096242466347	-0.0079774520416846465	-1	
0.020986811085625737	-0.0076861906717605386	-0.0093218830973105724	-1	
0.047442657722990882	-0.035787635505923232	-0.064980193304119346	-1	
0.05232070042663356	-0.035274306832987497	-0.070965695854567162	-1	
0.01222241717783115	0.0077865384991788709	0.00019618868643517162	-1	
0.012076208846621998	0.0062864764211329159	-0.00014080113805676995	-1	
0.013388849417993514	0.0055458430135040286	-0.00019105178568945124	-1	
0.01405146339448525	0.0044304093902585648	-0.0003853028926320912	-1	
0.0056808206393982623	0.0056808206393982553	-0.00073156813476076563	-1	
0.008314080554836116	0.0058096965879703526	-0.00050500226737894131	-1	
-0.0028012730918545383	0.0028012730918545413	-0.0012198722359535389	-1	
0.0028404103196991311	0.0028404103196991277	-0.0010315233636241784	-1	
-0.0075574527135215189	0.0050678448137462043	-0.0015717514045768713	-1	
-0.005995580019806426	0.0031985161825571293	-0.0013368652246871964	-1	
-0.0090371737066573046	0.0036829293369690986	-0.0014988130477017719	-1	
-0.011076182655790414	0.0032603349225152874	-0.0015166561516227707	-1	
-0.018943132791741858	0.00053366962489222874	-0.0013639735594945612	-1	
-0.017036572914025102	0.0022429073744611927	-0.0019867923138400098	-1	
-0.01735356285457124	0.00075767291705271733	-0.0012957488838564455	-1	
-0.018824536079841751	-0.0021826416592820265	0.00065661596734744709	-1	
-0.01803094502236369	-0.00078724806120793927	-0.00056765527970914931	-1	
-0.019327192893244329	-0.0037071895227468836	0.0021206842553404071	-1	
-0.02022077597245887	-0.0094145940244543761	0.0081338590266051159	-1	
-0.018205109905869567	-0.0075408034275039424	0.0047893132013808789	-1	
-0.014148468243674838	0.0031366398941958507	-0.0015727534496609099	-1	
-0.015605651268305576	0.0027516973701295581	-0.0015258690467489201	-1	
-0.013498025906809501	0.0017770488231308532	-0.0013358087526375501	-1	
-0.089348999296254117	-0.19160954733142041	0.0014608628943167713	-1	
-0.088747136286351877	-0.17048166262595621	0.0017209937600558244	-1	
-0.089728965204207464	-0.15541512664426727	0.022979135839333201	-1	
-0.081561868488718131	-0.14126930018271086	0.049892538771269319	-1	
-0.086184256845809659	-0.12670508446875156	0.072846633111388309	-1	
-0.081396429902411652	-0.11841232494493902	0.073075052552014852	-1	
-0.082631356997969904	-0.10901342990598149	0.072926705012654719	-1	
-0.086539566755504629	-0.10249926888343694	0.072823451731738917	-1	
-0.090899188217638885	-0.090299698577419374	0.072030680181524934	-1	
-0.085748309368983311	-0.094324491484570061	0.072087157874341723	-1	
-0.097250198518155362	-0.074564778008512772	0.071774935590677602	-1	
-0.097305364779796163	-0.077405361236111941	0.071994660903525021	-1	
-0.09572825908578815	-0.079768556957855841	0.072053149674153202	-1	
-0.094215683061484312	-0.08466663788098408	0.072011838839337511	-1	
-0.095490813983080972	-0.063426137358897072	0.0678912715815191	-1	
-0.095612729551065326	-0.065826477667537117	0.069469245191043957	-1	
-0.096064940515761477	-0.05546311926646022	0.064162775352902032	-1	
-0.093893605757157703	-0.059223981388602256	0.065950817067727555	-1	
-0.10148427570887118	-0.050036406688708276	0.060810376681907211	-1	
-0.098236275274365237	-0.051702257144318191	0.062218534457203295	-1	
-0.10245979978766874	-0.047582320588832355	0.059385951877304319	-1	
-0.095607236254454497	-0.068229905808067121	0.071079449650873899	-1	
-0.095863185840081216	-0.070858907834643131	0.071320030549428343	-1	
-0.095321088955487424	-0.073108184823669542	0.071444521062849306	-1	
-0.10604302806581066	-0.044944121602413907	0.058601884854976617	-1	
-0.1041426798514455	-0.045114050642925126	0.058312319129793587	-1	
-0.10487068541030899	-0.043438860192312259	0.058111760995598949	-1	
-0.10312563170457975	-0.04109249638473475	0.056472131980308801	-1	
-0.10129497468365836	-0.039872297138427618	0.055376812692059421	-1	
-0.096630455374368582	-0.037307874035516844	0.056317827220069443	-1	
-0.099215480571181652	-0.040590555841898864	0.056545339687819114	-1	
-0.092512187149094344	-0.035090598670041828	0.059186783392451162	-1	
-0.052808981676633462	0.052220700426633494	-0.071370680612959064	-1	
-0.052369151508039419	0.052503805895383546	-0.071370270477295411	-1	
-0.052503805895383462	0.052416449099208069	-0.071370298603036619	-1	
-0.052564841051633462	0.052220700426633494	-0.071371133741488749	-1	
-0.052220700426633515	0.052442770739133546	-0.071370788557305637	-1	
-0.052740920531018275	0.051800480322248689	-0.071373275195116756	-1	
-0.052800666618142464	0.051944095101807905	-0.071372361348034277	-1	
-0.052463115791216798	0.051854489489133494	-0.071373216526387437	-1	
-0.052627329425889414	0.051914071427377549	-0.071372764274736003	-1	
-0.052320700426633462	0.051976559801633494	-0.071372596231985261	-1	
-0.052060917610992401	0.052216505424030182	-0.071370813636223565	-1	
-0.052216505424030134	0.052060917610992463	-0.071371269774480661	-1	
-0.052148066935132874	0.052148066935132874	-0.071370844153680418	-1	
-0.052098630114133522	0.05232070042663356	-0.071371226785160474	-1	
-0.082389866326842504	-0.035274306832987483	0.068829701839793034	-1	
-0.064058633844841423	-0.039959130261632482	0.069134459678238058	-1	
-0.069999516161417655	-0.041746265050455783	0.069130915162376391	-1	
-0.07614848762288795	-0.042569723257564494	0.069061512056719801	-1	
-0.081764786205571982	-0.04146403023139901	0.068981260817031209	-1	
-0.030839579832046868	-0.018507254453529361	0.02641091591166703	-1	
-0.027172787057107812	-0.016845553852775683	0.02162204198057506	-1	
-0.023981269826647278	-0.01423962950132905	0.016276370479387736	-1	
-0.040417254608344659	-0.033840651740812869	0.052480292242238193	-1	
-0.03608000182063148	-0.029891496936496197	0.043931489218153312	-1	
-0.030831514963116029	-0.024377611526694522	0.033036377697070476	-1	
-0.048484443854301472	-0.037227431832987483	0.064657253265910944	-1	
-0.043894052663036004	-0.037494748782645949	0.060024505803876471	-1	
-0.058691090907922759	-0.038045728889358393	0.069085867712728469	-1	
-0.055199691808526949	-0.038048851808137371	0.06903030781684906	-1	
-0.052320700426633587	-0.03918055683298749	0.069048036746765767	-1	
-0.086296116326842504	-0.035274306832987483	0.068647579283197785	-1	
-0.02047459130531969	-0.012496252546590748	0.011502605586068628	-1	
0.08934899929625395	-0.1916095473314203	-0.0037248689832678917	-1	
0.088747136286351863	-0.17048166262595621	-0.0039845687805837677	-1	
0.089407181853685277	-0.15485778153213306	-0.026293319399250736	-1	
0.086184256845809687	-0.12670508446875156	-0.074943044014713051	-1	
0.081588273352735788	-0.14131503474875631	-0.052117822004965023	-1	
0.086539566755504616	-0.10249926888343698	-0.074904077629871349	-1	
0.085567967812225754	-0.1102418776243646	-0.075101719679601525	-1	
0.081396429902411679	-0.118412324944939	-0.075147602558158499	-1	
0.09572825908578815	-0.079768556957855855	-0.074234193370509294	-1	
0.097194248326432989	-0.074637693717980486	-0.073964440210801813	-1	
0.095047339068982328	-0.076285445823582099	-0.073891487060322447	-1	
0.092080891296815265	-0.080030419848004353	-0.07379049345106739	-1	
0.089219950973643686	-0.08445212253074548	-0.073711715139190628	-1	
0.083154061856680228	-0.09911376398461258	-0.074594066208898718	-1	
0.084666637880984108	-0.09421568306148434	-0.074126012411121683	-1	
0.080923647701885495	-0.086508282379764906	-0.073137493709866608	-1	
0.10481925997387964	-0.047486385742095155	-0.060732082748545968	-1	
0.10604302806581072	-0.044944121602414004	-0.060569692630036968	-1	
0.10241614262243591	-0.046889098364335718	-0.061125218905501051	-1	
0.10010694580817478	-0.047783153893621734	-0.062064645996878158	-1	
0.093296279717192038	-0.050423057206977547	-0.064900059901847065	-1	
0.095454771339695071	-0.04726081904467648	-0.0629857703041619	-1	
0.091483222475773368	-0.057569803339326917	-0.067971179789414887	-1	
0.091137788094689032	-0.053585295369278613	-0.066669599100634164	-1	
0.10554044627030244	-0.041739543997491024	-0.060081522270143163	-1	
0.10487068541030897	-0.043438860192312315	-0.060074861898230816	-1	
0.095536214369364728	-0.070746832793190911	-0.073462891655138904	-1	
0.095287997055888529	-0.073151311026862204	-0.07363841812554224	-1	
0.093534046373501323	-0.067032949072217685	-0.072913964107777202	-1	
0.092437398294778511	-0.064941629188372416	-0.070934677735381826	-1	
0.091434898048905075	-0.062803581218340718	-0.06954248874377468	-1	
0.089348962681405839	-0.059567599052613877	-0.069106433483191551	-1	
0.092161212497618508	-0.069524493442816068	-0.072823847237707295	-1	
0.10303487184177879	-0.031819995726756173	-0.048546871503570441	-1	
0.10046436261719444	-0.029888088924411426	-0.048471174082045786	-1	
0.097404606134799454	-0.02593109675601464	-0.045244096081605359	-1	
0.10377708001879124	-0.039251216297530166	-0.056162580859451271	-1	
0.10270488557370788	-0.037604525578170261	-0.054886025155880099	-1	
0.1023924003137254	-0.033623309178578399	-0.050868238621870121	-1	
0.10159817037808941	-0.035365120844408515	-0.053099943328643609	-1	
0.09594026079970773	-0.030158587334648303	-0.052826740245176529	-1	
0.090853936468617502	-0.032218279547665339	-0.060545348771484764	-1	
0.086296116326842587	-0.035274306832987615	-0.070794434489977257	-1	
0.082389866326842587	-0.035274306832987601	-0.070966090667606382	-1	
0.060814554401685816	-0.035274306832987531	-0.071172893335476509	-1	
0.065061481389211945	-0.035274306832987545	-0.071189236752193449	-1	
0.069308408376738073	-0.035274306832987559	-0.071172619548510049	-1	
0.07389601235179033	-0.035274306832987573	-0.071131057557380806	-1	
0.078483616326842587	-0.035274306832987587	-0.071065515458713299	-1	
0.052234383680883179	0.052234383680883213	0.069164006945448844	-1	
0.052266781971499768	0.052159665270383515	0.06916390380770536	-1	
0.015786093281865171	0.0013811042035259452	-0.00095256497514673542	-1	
0.015846393593646022	-6.5052130349130266e-018	-0.0012094903459849266	-1	
0.014148468243674854	0.0031366398941958407	-0.00063801389455206577	-1	
0.013498025906809511	0.0017770488231308433	-0.00089565386231415243	-1	
0.017221491762880212	-0.0022672524027639558	-0.0023248137496934282	-1	
0.015786093281865164	-0.0013811042035259578	-0.0014695653007014895	-1	
0.019961739328583999	-0.0056805785740721253	-0.0066728816702184991	-1	
0.01677626135246988	-0.0037192076009456088	-0.0029896890932216867	-1	
0.018057141288505555	-0.0048623977675129231	-0.004692818538584902	-1	
0.02156772130927952	-0.017415278609616509	-0.019722408831821001	-1	
0.020956611636048603	-0.014654357688185141	-0.016351546825735471	-1	
0.022253635823457973	-0.022253635823457973	-0.025211708196073646	-1	
0.020135755537724554	-0.011948376418302058	-0.012897678980603622	-1	
0.019491202022947431	-0.0093703538245201723	-0.0098186379082710173	-1	
0.041968044911230414	-0.035841683091248744	-0.058834844984111317	-1	
0.035747885242573808	-0.035747885242573794	-0.051901157367017982	-1	
0.023971750139021041	-0.032490488044538794	-0.036106969522314285	-1	
0.018746070738804063	-0.026604902695870368	-0.025612472383253451	-1	
0.026255215946561449	-0.038736310625017464	-0.043595241732983472	-1	
0.018757082323685951	-0.0073675032988427883	-0.007350131204229826	-1	
0.049131870712458253	-0.038716748904221929	-0.067702271487569091	-1	
0.045288856788154822	-0.040194442567517703	-0.064498225490034825	-1	
0.052320700426633532	-0.039841253629810489	-0.071196448772720314	-1	
0.057035646087352704	-0.040996648062776496	-0.071275819691927131	-1	
0.011931477024466376	0.0039255762364454978	-0.00056260590890354161	-1	
0.013103201933971747	0.0037087888174556103	-0.00055767758795453339	-1	
0.0071191708497935942	0.0032582075710265172	-0.00085613258355820546	-1	
0.0098747448858377759	0.0026710814017332431	-0.00083777997782214072	-1	
-0.0031109905182920674	-1.7555806865272774e-005	-0.0011108132615322861	-1	
0	0	-0.0011355007057821066	-1	
0.0031102874203246555	-2.6020852139652106e-018	-0.0011577804602919508	-1	
0.0062415857410523445	0.00012127964117151677	-0.0011564215549562191	-1	
-0.0077421103076856946	0.0015004385058072036	-0.0012301266607096294	-1	
-0.0062870019297074746	-0.00024075764925347466	-0.0010801071593539177	-1	
-0.010071730564169408	0.00049379810524581265	-0.0011299449312266912	-1	
-0.015786093281865157	0.0013811042035259593	-0.0012857471203464338	-1	
-0.015846393593646008	9.3241386833753381e-018	-0.001043754908863929	-1	
-0.017221491762880198	-0.0022672524027639359	1.4576307026244498e-005	-1	
-0.01578609328186515	-0.0013811042035259404	-0.00079810737358666144	-1	
-0.016776261352469866	-0.0037192076009455884	0.00066836218560089374	-1	
-0.017212800678038757	-0.0054271752070009557	0.0022021596962733736	-1	
-0.01749734280114788	-0.0090184720045887595	0.0053548230409157793	-1	
-0.017803209346085376	-0.010939088490324222	0.0074281847814198594	-1	
-0.016047875559100682	-0.006647247703855207	0.0020067915626716722	-1	
-0.0160088804742115	-0.0083336956910957088	0.0033016909400419847	-1	
-0.014478193021242503	0.000632131558918898	-0.0011532051100154766	-1	
-0.011860873968560831	-0.00072660474126035014	-0.00095036831833822909	-1	
-0.013601541853147468	-0.00059385614231799184	-0.00095478386206848198	-1	
-0.072309126963518933	-0.19866769355274541	0.00097275977305640666	-1	
-0.073550970708268423	-0.17756775100960792	0.0012381176082230363	-1	
-0.067689529013321426	-0.15266724886753308	0.039993526329275754	-1	
-0.06663769351568713	-0.13799029806912988	0.061267285712349406	-1	
-0.076100283273664818	-0.1269985629759221	0.066806954149625744	-1	
-0.07406193427319184	-0.11711839162163085	0.06927359986883258	-1	
-0.076608602959013644	-0.11011956542112648	0.072823898821516797	-1	
-0.077794453257859816	-0.10525823827298351	0.072615353276724068	-1	
-0.080790795008914298	-0.10317310169978686	0.072626352509730471	-1	
-0.083154061856680228	-0.099113763984612552	0.07251991304935515	-1	
-0.084452122530745466	-0.089219950973643755	0.071582289194573864	-1	
-0.086508282379764906	-0.080923647701885495	0.071005599941681583	-1	
-0.080030419848004353	-0.092080891296815265	0.071642992721857285	-1	
-0.079768556957855841	-0.09572825908578815	0.07208096065812554	-1	
-0.09493292779033638	-0.075842191661054839	0.071648096885953097	-1	
-0.092125515207386849	-0.079985795937432769	0.071585505380427072	-1	
-0.092342754186963777	-0.076383052059031453	0.07144593539017155	-1	
-0.091434898048905117	-0.062803581218340621	0.067547172726050833	-1	
-0.091815221655280055	-0.065250432086471868	0.068940237989689082	-1	
-0.093534046373501364	-0.067032949072217615	0.070704153088112565	-1	
-0.09512500410945042	-0.052698968975300194	0.063333471717586798	-1	
-0.091137788094689351	-0.053585295369278668	0.064684887811388952	-1	
-0.088765995088998934	-0.056491411986226064	0.066309994193789606	-1	
-0.10010694580817481	-0.047783153893621658	0.060062790695684175	-1	
-0.097732785417217333	-0.047950149959969449	0.060694285417060803	-1	
-0.09590393170872763	-0.049885202980212248	0.061995892030592914	-1	
-0.10113627822682975	-0.045626675799222707	0.058770823675341588	-1	
-0.093613103998977515	-0.071397654262924007	0.071050747480575549	-1	
-0.091944265091372823	-0.069363895398011272	0.070556112689576414	-1	
-0.093062784698886153	-0.07397026909769687	0.071269195183681897	-1	
-0.10197761634198439	-0.043864050642925125	0.057710475126432091	-1	
-0.10083725346855479	-0.042024199231502829	0.056993238569993838	-1	
-0.09292717585654732	-0.039242835513943586	0.061002996607874074	-1	
-0.097335125955438501	-0.043925687443287682	0.058898092032920644	-1	
-0.099655613682979774	-0.043837816643294933	0.058228628072684557	-1	
-0.089622080745432708	-0.038100676976445633	0.0642619006715969	-1	
-0.052686911364133462	0.052078285062050166	-0.071371750127270747	-1	
-0.052320700426633497	0.052320700426633483	-0.0713708718202163	-1	
-0.052442770739133462	0.052220700426633494	-0.071371264580237473	-1	
-0.052503805895383462	0.052037594957883494	-0.071372196462812773	-1	
-0.052220700426633522	0.052320700426633546	-0.071370926497452428	-1	
-0.052320700426633462	0.052098630114133494	-0.071371949823431841	-1	
-0.052159665270383522	0.052266781971499782	-0.071371037803890522	-1	
-0.052266781971499719	0.052159665270383494	-0.071371395223434678	-1	
-0.052234383680883185	0.052234383680883179	-0.071371134472951972	-1	
-0.086296116326842517	-0.039180556832987483	0.068879981650246835	-1	
-0.061894437005714946	-0.045230550756394858	0.06919771495389121	-1	
-0.06599257542663356	-0.048548964211205886	0.069164249533146288	-1	
-0.07285703544646599	-0.047252853557726654	0.069092220873151491	-1	
-0.080436741326842573	-0.046361325426633543	0.068993038076719859	-1	
-0.086296116326842517	-0.043747503629810502	0.068962836816817391	-1	
-0.026820917773153166	-0.021466748879737683	0.026264181675364033	-1	
-0.023353565140903264	-0.018391570642002718	0.019876298536120576	-1	
-0.019933172903325753	-0.01628769115156032	0.014529074246657085	-1	
-0.038510021106583733	-0.038510021106583747	0.054260149613784836	-1	
-0.035747885242573781	-0.035747885242573794	0.04893623604514797	-1	
-0.030223613514553885	-0.030223613514553889	0.038073516226983413	-1	
-0.026238624669005922	-0.026238624669005929	0.030250258187886594	-1	
-0.046693900742471955	-0.041142213706740642	0.064100954499991855	-1	
-0.041272156970593679	-0.0412721569705937	0.058970109737727275	-1	
-0.054969102654249362	-0.041133681832987497	0.069123304073586175	-1	
-0.057150902322657765	-0.045472884064831118	0.069203595573678958	-1	
-0.049103405914136457	-0.043417684950816521	0.066830696457128969	-1	
-0.052320700426633573	-0.04308680683298749	0.069164103760612702	-1	
-0.017729886629381717	-0.013920203989630573	0.010091156699858696	-1	
0.072309126963518794	-0.19866769355274527	-0.0032370364644971369	-1	
0.073550970708268354	-0.17756775100960792	-0.0035023499365156915	-1	
0.067689529013321453	-0.15266724886753322	-0.042279779424644122	-1	
0.072026949569209645	-0.12935030328668848	-0.065123949407032838	-1	
0.066637693515687157	-0.13799029806912988	-0.063577284420862384	-1	
0.081096284064856944	-0.10384687652309908	-0.074753522512171822	-1	
0.076608602959013672	-0.11011956542112646	-0.074901766972564274	-1	
0.070487765768703706	-0.11475536469771079	-0.07006591583669243	-1	
0.092342754186963777	-0.076383052059031453	-0.073642492963820597	-1	
0.093255667319733837	-0.074257092130513069	-0.073517494558922453	-1	
0.090030390862678319	-0.077002662933904731	-0.073321478259801481	-1	
0.087962224678317269	-0.079337969745253631	-0.073157270902685381	-1	
0.08220550361924539	-0.081694404001873361	-0.072549174937694624	-1	
0.08009932374974317	-0.09878299719272525	-0.074392032873129038	-1	
0.079768556957855841	-0.095728259085788178	-0.074157685982508881	-1	
0.079985795937432769	-0.092125515207386849	-0.073701007006091224	-1	
0.076804813423895502	-0.086163473343201999	-0.07249994374615612	-1	
0.077730701401551056	-0.083883633259516366	-0.072130418655758172	-1	
0.077704162292534781	-0.089328891504048255	-0.073222244236394715	-1	
0.10414267985144549	-0.045114050642925202	-0.060282944046386684	-1	
0.10197761634198438	-0.043864050642925194	-0.05970229785264234	-1	
0.089459729571259833	-0.050267575426633612	-0.068189572644863694	-1	
0.089686628835756843	-0.046361325426633605	-0.06792265863159748	-1	
0.094414807377053864	-0.041132715170997237	-0.062593781652915015	-1	
0.09921548057118143	-0.040590555841898877	-0.058551913317891682	-1	
0.088765995088998628	-0.056491411986226009	-0.068308684177030607	-1	
0.086296116326842504	-0.052220700426633598	-0.070905604160499486	-1	
0.10312563170457975	-0.041092496384734722	-0.058383877638709926	-1	
0.093193692375114379	-0.071944242132806924	-0.073250242383261749	-1	
0.091141253850113568	-0.067633181048079083	-0.072382287412155688	-1	
0.090081999445778396	-0.064773248289034274	-0.070373896820534285	-1	
0.089035055835324256	-0.062604673654494597	-0.069938828938403502	-1	
0.087065086411914891	-0.061593992111983645	-0.070114279435966556	-1	
0.086296116326842476	-0.059517711370416213	-0.070127575286090857	-1	
0.090797304870554679	-0.070858643059420967	-0.072769083211042959	-1	
0.090054499143137484	-0.069101247581457581	-0.07228663859369916	-1	
0.10096434929863857	-0.032098429158433556	-0.050400581999747868	-1	
0.099202162968497765	-0.033220609231056644	-0.052915414596904846	-1	
0.10138145276385281	-0.039439520781195211	-0.05707444945007141	-1	
0.10080394044245342	-0.037106932510238638	-0.055195191177629839	-1	
0.099397166757539276	-0.035413490925232875	-0.054650851206506264	-1	
0.095783218710330409	-0.034629752913667412	-0.057447673374004297	-1	
0.09145466065564016	-0.037146732971905169	-0.064405928996028705	-1	
0.086296116326842573	-0.0398412536298106	-0.071050903636810644	-1	
0.080436741326842573	-0.038669006715964849	-0.071100440424313086	-1	
0.06137441900537674	-0.039752953697231398	-0.071273406052318702	-1	
0.067184944882974995	-0.039033261624907181	-0.071255759958914741	-1	
0.071592718895091861	-0.039043990148446353	-0.071224039164930947	-1	
0.07520694128474846	-0.041567080190679298	-0.071219705375750092	-1	
0.014478193021242515	0.00063213155891888304	-0.0010925475365975701	-1	
0.013601541853147478	-0.00059385614231800843	-0.0013052210513729121	-1	
0.012279989051914485	0.0025343156094405008	-0.00078741884169068754	-1	
0.011871029319300423	0.00051830033337525153	-0.0011135767016937734	-1	
0.015605651268305577	-0.0027516973701295572	-0.0017323963222791562	-1	
0.014607322608993157	-0.0019230905045387887	-0.0015577233786411774	-1	
0.01636634310983447	-0.0051602881609087133	-0.0035531192793605937	-1	
0.015306440825644323	-0.0041013484582261717	-0.0020049381610203068	-1	
0.016674291288584379	-0.0069067175946912109	-0.0051262687501045867	-1	
0.01672936409543806	-0.016729364095438067	-0.014296741485910798	-1	
0.018253473550007421	-0.01382418670886373	-0.012922296999086176	-1	
0.017235000497184953	-0.021224084640692333	-0.019114198502355441	-1	
0.016893687050382265	-0.010093907921810374	-0.0080588845490171535	-1	
0.016942770230809187	-0.008489382789113948	-0.0066751514069918645	-1	
0.041272156970593714	-0.041272156970593693	-0.061543714230039986	-1	
0.034493223878790454	-0.043247343395977488	-0.057800427125196209	-1	
0.017878236555149047	-0.038258597425305955	-0.030791409744926428	-1	
0.013476489724169144	-0.024742631999049948	-0.017979995046881483	-1	
0.011259537800721579	-0.033101580804868622	-0.018675228572394974	-1	
0.021685993634986821	-0.045173822353887817	-0.0408141848119234	-1	
0.030145425342837331	-0.047285021767948313	-0.056888678421609246	-1	
0.049773778218093756	-0.042036553202382747	-0.06921369823329325	-1	
0.046957351777090636	-0.043873369756126622	-0.067693626528248757	-1	
0.044034292834603667	-0.044034292834603639	-0.065700224773874299	-1	
0.052320700426633504	-0.044408200426633473	-0.071322315981271228	-1	
0.057326797312398189	-0.045842355425320988	-0.071344413757764832	-1	
0.060672907986238499	-0.044211609144683577	-0.071330780337847483	-1	
0.0097617022975808598	-0.00069237312488157625	-0.0012750253007479653	-1	
-0.0028404103196991294	-0.0028404103196991259	-0.0010226932229449705	-1	
-0.0048220715207294741	-0.0022789542785183431	-0.00096802309538158288	-1	
-1.3010426069826053e-018	-0.0031060165026443958	-0.0011456661937266472	-1	
0.0028404103196991281	-0.0028404103196991316	-0.001265025543685099	-1	
0.0048075223873375317	-0.0022935034119102946	-0.0013165702000944482	-1	
0.0086754475361434154	-0.0025488454790518955	-0.0014851984666419086	-1	
0.0064872190309675157	-0.0034542170879794405	-0.0014844982280911819	-1	
-0.0084465023696963914	-0.00093765239865841159	-0.0009784970481788106	-1	
-0.0068998999152561184	-0.0024255826997714586	-0.00087816362434944861	-1	
-0.010476614586199634	-0.0016337559264869442	-0.00084871853550488906	-1	
-0.015605651268305567	-0.002751697370129539	-0.00054910775653108351	-1	
-0.01436800523017887	-0.001891583773901804	-0.00072360406665975127	-1	
-0.015306440825644313	-0.0041013484582261518	-0.00029042210129873858	-1	
-0.014890739126018243	-0.0054197858080937559	-5.452972905583673e-006	-1	
-0.016138399412464356	-0.0099337378482556894	0.0048215291055295666	-1	
-0.015949659428660116	-0.011527879397356298	0.0060538597337639628	-1	
-0.014361709910369056	-0.0066969753154056191	0.00026352822299546239	-1	
-0.013723379410464425	-0.0079231967968229917	0.00053282968195325913	-1	
-0.014649789819702332	-0.009332945421212711	0.0027323337997328207	-1	
-0.013086081089549152	-0.0019701538499134752	-0.0007350128168336173	-1	
-0.011903772387137032	-0.0024718000313743611	-0.00068371623194646075	-1	
-0.054718938513146777	-0.20421385866730085	0.00045911096271653907	-1	
-0.057795037831804702	-0.18330244158973699	0.00072937462400420635	-1	
-0.060227150873302132	-0.16717251292001628	0.023468931840725477	-1	
-0.057992194706467798	-0.15101408652171783	0.048628519657468602	-1	
-0.058482428505064965	-0.14118907205744274	0.061251941669331282	-1	
-0.061849866572289122	-0.12969753854531735	0.061171343149599378	-1	
-0.06450327085187188	-0.11860041830774884	0.064372661767295128	-1	
-0.068762623067896989	-0.11188519084871489	0.067958655619035233	-1	
-0.074214689487314633	-0.10597318565922018	0.072522345128685203	-1	
-0.075330639418574957	-0.1025646384914007	0.072324094056621074	-1	
-0.078180020455722796	-0.099268347019657283	0.072236904446169037	-1	
-0.079337969745253673	-0.087962224678317366	0.070988420347353615	-1	
-0.079630459794006389	-0.083332739128614511	0.070269233763673319	-1	
-0.086163473343201999	-0.076804813423895502	0.070371816614082996	-1	
-0.083883633259516366	-0.077730701401551056	0.069996985332241274	-1	
-0.089328891504048241	-0.077704162292534795	0.071101588365922272	-1	
-0.077002662933904745	-0.090030390862678292	0.071163071485045845	-1	
-0.076383052059031453	-0.092342754186963777	0.07148329184496062	-1	
-0.076149295418510746	-0.095962015726308872	0.071809232653313113	-1	
-0.090650001737551597	-0.07469029960961926	0.07108468932035121	-1	
-0.086296116326842795	-0.059517711370416261	0.067928496351671808	-1	
-0.088976190340652531	-0.066383181048078999	0.068852547916862281	-1	
-0.091141253850113652	-0.067633181048079	0.070165482888857975	-1	
-0.093296279717192329	-0.050423057206977581	0.06291168894048596	-1	
-0.087846154209804392	-0.05417382542663348	0.067305202209789181	-1	
-0.089550594725677127	-0.050184108874760082	0.06601351862192871	-1	
-0.086296116326842684	-0.056126950426633522	0.06846217030073945	-1	
-0.098966901716087421	-0.045915086764628778	0.059430198175245863	-1	
-0.095454771339695335	-0.047260819044676501	0.060983571149861193	-1	
-0.091008580790205157	-0.071026632329458481	0.070627361428920607	-1	
-0.090054499143137512	-0.069101247581457526	0.070077155651957601	-1	
-0.090621841796763192	-0.041451595903924422	0.064123911569534869	-1	
-0.092940955216970364	-0.043645884064527761	0.062454413056964857	-1	
-0.052320700426633462	0.052220700426633494	-0.07137131970993546	-1	
-0.06208632542663356	-0.049976393732691221	0.069183583994849945	-1	
-0.058138931955374631	-0.048138475882427582	0.069212319215435747	-1	
-0.06403945042663356	-0.052220700426633522	0.069137796872598564	-1	
-0.06794570042663356	-0.052220700426633522	0.069093264682527411	-1	
-0.078483616326842573	-0.052220700426633522	0.068897095199424996	-1	
-0.082389866326842573	-0.052220700426633522	0.068810567212474902	-1	
-0.086296116326842559	-0.048314450426633522	0.068906287839985036	-1	
-0.08963061431488327	-0.044486502107864687	0.065667507035752512	-1	
-0.022253635823457962	-0.022253635823457962	0.022480011444928432	-1	
-0.019491499959448013	-0.01949149995944801	0.017108209005726144	-1	
-0.016729364095438064	-0.016729364095438057	0.011744205338600362	-1	
-0.035308562661831314	-0.04171147955133616	0.054374085553185514	-1	
-0.030560523055383121	-0.038363724710138367	0.046023028986977528	-1	
-0.026841892351793878	-0.034440606680491107	0.038381139745617292	-1	
-0.020157200665423862	-0.028335059827040023	0.025758550655319162	-1	
-0.046618119716856442	-0.043635911249768136	0.065061551698452666	-1	
-0.044034292834603625	-0.044034292834603653	0.06323366466763268	-1	
-0.04029591870087712	-0.045010531104320205	0.061371889789201224	-1	
-0.054520886672903848	-0.044393717731399003	0.069186621142246899	-1	
-0.05532328717044907	-0.04765036084968579	0.069217772579784884	-1	
-0.050818111575219718	-0.044393717731398989	0.068261838426303789	-1	
-0.048484734712232441	-0.045291211421634892	0.06706028676516268	-1	
-0.052320700426633567	-0.045700628629810502	0.069202612604529798	-1	
-0.013967228231428114	-0.013967228231428104	0.0063269579297073443	-1	
0.054718938513146645	-0.20421385866730069	-0.0027235115878472575	-1	
0.057795037831804619	-0.18330244158973696	-0.0029938218342075631	-1	
0.060227150873302125	-0.16717251292001634	-0.025749883440420236	-1	
0.057992194706467756	-0.15101408652171794	-0.050926865507453768	-1	
0.05848242850506491	-0.14118907205744277	-0.063561667814415496	-1	
0.064239067214906881	-0.12278962656194559	-0.0649818724288381	-1	
0.061849866572289143	-0.12969753854531732	-0.063482196741782224	-1	
0.074214689487314661	-0.10597318565922018	-0.074592876979040018	-1	
0.075909530516323848	-0.10116738937508198	-0.074326083949573352	-1	
0.068917166826493709	-0.10723948139594311	-0.071186572639363427	-1	
0.059470232993415834	-0.11725015475963159	-0.064454498560404735	-1	
0.063696369866964003	-0.11117315524698144	-0.067657502979003734	-1	
0.090650001737551597	-0.07469029960961926	-0.073284039444603336	-1	
0.088329890194767044	-0.075317658702991605	-0.07288018709752947	-1	
0.085979785427880109	-0.075821151093851999	-0.072306926579174632	-1	
0.078436695478144594	-0.078436695478144636	-0.070975719754970523	-1	
0.081507426542214156	-0.075365964414075073	-0.070972272014469803	-1	
0.077405361236111914	-0.097305364779796205	-0.074099707179742749	-1	
0.076383052059031453	-0.092342754186963777	-0.073555996358641629	-1	
0.075842191661054825	-0.094932927790336394	-0.073756365354592235	-1	
0.074661846819720601	-0.087372867194574599	-0.072528238076824111	-1	
0.074597520807217405	-0.085075907869906195	-0.071826502592851768	-1	
0.075365964414075032	-0.081507426542214198	-0.070983813407285642	-1	
0.07469029960961926	-0.090650001737551597	-0.073197729404577069	-1	
0.086296116326842517	-0.048314450426633598	-0.071057889249124803	-1	
0.089869335749801285	-0.04212472702822212	-0.067336930127382566	-1	
0.086296116326842545	-0.044408200426633598	-0.071111874505352599	-1	
0.098056596851545302	-0.037958164922784636	-0.057597209520968168	-1	
0.08629611632684249	-0.055611461370416213	-0.070664536536581959	-1	
0.082389866326842504	-0.052220700426633578	-0.07096379928847335	-1	
0.088976190340652489	-0.066383181048079082	-0.071139068565849825	-1	
0.086947449986577482	-0.063804968905388296	-0.070465794703390039	-1	
0.0852561360101914	-0.06260636361338319	-0.070470009362047059	-1	
0.083351133370728678	-0.061788951504113017	-0.07059615428933938	-1	
0.081701983492402375	-0.056605683435075979	-0.070785581798093383	-1	
0.088917728579356745	-0.070530935598083017	-0.072410328902011725	-1	
0.088957249288139376	-0.072997547160207066	-0.072920133855562799	-1	
0.087149961626390382	-0.068763168645116654	-0.071319249600363038	-1	
0.082279750194038728	-0.042124727028222078	-0.071127412107436866	-1	
0.064694559037889399	-0.042559848739900555	-0.071305368823945281	-1	
0.069246270500450124	-0.043584663161014073	-0.071283590623105089	-1	
0.075849137351790261	-0.048087332434949455	-0.071183438840315902	-1	
0.070580179401685719	-0.048055570102489523	-0.071257941005007097	-1	
0.080436741326842517	-0.046361325426633557	-0.071144998045589949	-1	
0.012185314855501707	-0.00089508690382183098	-0.0013410306214554394	-1	
0.013075155997207082	-0.0020372872466099968	-0.0015497010553940935	-1	
0.014148468243674842	-0.0031366398941958503	-0.0017772299215718828	-1	
0.014890739126018248	-0.0054197858080937767	-0.0022838648116892792	-1	
0.012984379273623803	-0.0040939590593189685	-0.0019192171146779273	-1	
0.014361709910369063	-0.0066969753154056426	-0.0025879334062217955	-1	
0.01540746273675505	-0.0080206174333585199	-0.0047398015350199338	-1	
0.015348296163433084	-0.015348296163433093	-0.011564111028947801	-1	
0.014264389406500044	-0.01781327085237111	-0.012950989909078017	-1	
0.016088050454231714	-0.013227473940629486	-0.010202011221475515	-1	
0.01449248508055844	-0.009232731250020082	-0.004832056539916159	-1	
0.01431853853805972	-0.010987001048670043	-0.0062743771370855671	-1	
0.040090677408029365	-0.045215772397168001	-0.064228892331803386	-1	
0.03722743183298749	-0.048513300631649138	-0.066875829167700379	-1	
0.0098965963466489306	-0.041676673532287704	-0.018741312208051381	-1	
0.0083327947295880681	-0.024963947490154369	-0.011502392736532681	-1	
0.010300907514045457	-0.020690193674950841	-0.011566005132094116	-1	
0.0014298652493809241	-0.039752020520022843	-0.0037411706178096509	-1	
0.0018056715643470665	-0.029611492696732598	-0.0036765002929572466	-1	
0.018162863824175923	-0.052238304368028017	-0.036211668348545285	-1	
0.028464048848849555	-0.054444163920396631	-0.05705463751838117	-1	
0.03527430683298749	-0.052320700426633587	-0.070919843210788466	-1	
0.049464513619211094	-0.045384762926633453	-0.069888451830029258	-1	
0.046796428698613619	-0.046796428698613592	-0.069035322852269709	-1	
0.043771836538059314	-0.047058884995157951	-0.06770514512580704	-1	
0.052320700426633483	-0.046361325426633473	-0.071343912034018936	-1	
0.054248540089459417	-0.046929916544995433	-0.071350032989219089	-1	
0.056783253487853201	-0.049061519420895185	-0.071350130194697395	-1	
0.060193420161912356	-0.047902934313200127	-0.071342399457874392	-1	
0.065825765798879027	-0.04675774831944568	-0.071313912629264078	-1	
0.010798633652458735	-0.0028931124162243039	-0.0016168450133699178	-1	
-0.0042606154795486939	-0.0042606154795486887	-0.00088004237148977735	-1	
-0.0023146157722524711	-0.0047864100269953483	-0.00099024368983978255	-1	
-0.0059195937016966902	-0.0040218424172502555	-0.000790524838992216	-1	
0.00227895427851834	-0.0048220715207294828	-0.0013070696062210468	-1	
0.00060969593655048923	-0.0059839557683487692	-0.0012030514934761375	-1	
0.0042606154795486921	-0.0042606154795486973	-0.0014171387305875317	-1	
0.009650104562803654	-0.0044662611066418108	-0.0017923190097918667	-1	
0.008333177013712988	-0.0057413204438700538	-0.0018630313110004726	-1	
0.0056808206393982562	-0.0056808206393982631	-0.0016288572261924804	-1	
-0.0093776702733647313	-0.0028712609599315943	-0.0007252049869887606	-1	
-0.0086852727130627329	-0.0042005246796550915	-0.00060334881448648799	-1	
-0.0072393731870858402	-0.005054994597128248	-0.00060909238727382595	-1	
-0.014384128955100611	-0.0031888846161135655	-0.0004903239333748212	-1	
-0.013821252870757725	-0.0043578242909400756	-0.00028486169245596802	-1	
-0.01257815774780293	-0.0052100435288081883	-0.00018669965023245045	-1	
-0.013632651249741022	-0.010460701221631371	0.0026717648707148441	-1	
-0.01258616029942314	-0.012586160299423128	0.0036055906294532149	-1	
-0.012854548736750017	-0.0066916545220636232	0.00013543911761910852	-1	
-0.012425997062088783	-0.0079162331891380333	0.00035674245437227939	-1	
-0.012980605706843109	-0.0090891179664595104	0.00074224550574597124	-1	
-0.013021794574088121	-0.0032528736178688922	-0.00051920793240416878	-1	
-0.011683145773235683	-0.0039783037062352195	-0.00045704825812038779	-1	
-0.010183136810676667	-0.0041479931351841451	-0.00051353424438778188	-1	
-0.036712305900491148	-0.20820583300969889	-6.776466957252817e-005	-1	
-0.041599249819842955	-0.18764208990832779	0.0002002241251203343	-1	
-0.046447130184380646	-0.17334304971387446	0.018328425253317196	-1	
-0.042232840957945654	-0.15761510820302885	0.041284304481890702	-1	
-0.050453910535061527	-0.14469384047020786	0.061028938627004516	-1	
-0.047975548939848747	-0.13544446907734631	0.061048812935143255	-1	
-0.052688282677482295	-0.12922497268777891	0.060999360401249501	-1	
-0.057062039628891108	-0.12140477902150479	0.060758806261746144	-1	
-0.063333174995245989	-0.11073484542250847	0.065463837046843526	-1	
-0.058413531764308607	-0.11330375792656533	0.062672246016697991	-1	
-0.068723578825899204	-0.10637922670313422	0.069224638974220723	-1	
-0.071820776015615637	-0.10182680589731391	0.072082803076835886	-1	
-0.074302373253828963	-0.099128622376949471	0.071975517810088027	-1	
-0.075821151093852068	-0.085979785427880095	0.070190071943499563	-1	
-0.075317658702991605	-0.08832989019476703	0.070739290962819779	-1	
-0.078436695478144622	-0.078436695478144594	0.068842569102415777	-1	
-0.07536596441407506	-0.081507426542214156	0.06883799851225765	-1	
-0.085075907869906195	-0.074597520807217405	0.069697109315634082	-1	
-0.087372867194574586	-0.074661846819720601	0.070404687759820478	-1	
-0.08150742654221417	-0.075365964414075032	0.068851368197205998	-1	
-0.07469029960961926	-0.090650001737551597	0.071130772586682503	-1	
-0.073970269097696856	-0.093062784698886181	0.071312967318891127	-1	
-0.073736937968502822	-0.095506633682822695	0.071556374230074396	-1	
-0.088957249288139376	-0.072997547160207052	0.070724777213707554	-1	
-0.081904155112867597	-0.062594333042600675	0.068586149981545011	-1	
-0.081834896052519535	-0.057822330898525023	0.068577843717722298	-1	
-0.087149961626390382	-0.068763168645116626	0.069162874907729321	-1	
-0.084134523290910632	-0.067470846347123706	0.068865587083596039	-1	
-0.091826772793990388	-0.047102201539653492	0.063911284048541406	-1	
-0.086296116326842573	-0.052220700426633522	0.068751569180668923	-1	
-0.088917728579356745	-0.070530935598083003	0.070209855638726532	-1	
-0.059156637926633546	-0.050494603105862873	0.069196328431431031	-1	
-0.060133200426633546	-0.052220700426633522	0.069171837445699005	-1	
-0.057203512926633546	-0.050838680148911172	0.06920524019783976	-1	
-0.055725547758083714	-0.049668733558877382	0.069216862250249936	-1	
-0.06208632542663356	-0.054409250176824714	0.069123576141987941	-1	
-0.06599257542663356	-0.055929513032908232	0.069055521187799576	-1	
-0.072916490150427449	-0.057207085490963927	0.068914272218367267	-1	
-0.077371401981947974	-0.060273616059821664	0.068748096250352678	-1	
-0.015512345913834533	-0.022969919924435443	0.016302101523698521	-1	
-0.012966862948043683	-0.017143584302446658	0.0084609705527630315	-1	
-0.032113664587578326	-0.047317486268634745	0.057878769698729397	-1	
-0.037557780231398975	-0.049637705260663773	0.065984858217366493	-1	
-0.028562084004988122	-0.043321965526739149	0.048854350385939681	-1	
-0.024856930187431334	-0.039468428732858232	0.040305045148906468	-1	
-0.020305922742449595	-0.034765972672584633	0.030919745369791671	-1	
-0.013829971363334385	-0.029842931484591911	0.019517192042674707	-1	
-0.046796428698613578	-0.046796428698613599	0.066765712804780789	-1	
-0.044383885038997567	-0.047383140561779051	0.065830623125760143	-1	
-0.040982990329016221	-0.048812690346222223	0.06564729675051198	-1	
-0.053596857559619557	-0.046780138861976489	0.06921204970663819	-1	
-0.054489948006431706	-0.048629812559462735	0.069219916508960727	-1	
-0.05408095469484845	-0.047982610506025987	0.069218758112562451	-1	
-0.049667349470253974	-0.046090068837606524	0.067987332039701004	-1	
-0.051168473011324961	-0.046354084079016256	0.068724805377672143	-1	
-0.048271574766825739	-0.046702350562406424	0.06747758181169905	-1	
-0.052320700426633567	-0.047007539528222002	0.069213916068483705	-1	
-0.012046761152417696	-0.01420372972242002	0.0046813794758693728	-1	
0.03671230590049103	-0.20820583300969875	-0.0021966613753853438	-1	
0.041599249819842879	-0.18764208990832779	-0.0024646629011577065	-1	
0.046447130184380542	-0.17334304971387443	-0.020601532973011542	-1	
0.042233198001436961	-0.1576164407074794	-0.043566839570087515	-1	
0.050453910535061423	-0.14469384047020792	-0.063336411164730447	-1	
0.04797554893984865	-0.13544446907734636	-0.0633597446076819	-1	
0.0541196125158536	-0.1286320964564962	-0.063323160706986764	-1	
0.057062039628891136	-0.12140477902150477	-0.063073727527027945	-1	
0.071820776015615664	-0.10182680589731391	-0.074152273077168415	-1	
0.074564778008512703	-0.097250198518155362	-0.073882037161233552	-1	
0.072064553283504487	-0.098286143828343123	-0.07380766132832664	-1	
0.068229914167095895	-0.10113573777757537	-0.072111636501346985	-1	
0.064322037155398359	-0.1046663087524681	-0.069235976707525876	-1	
0.054668126157192132	-0.11725839925959849	-0.062713487257146913	-1	
0.057396879030651785	-0.11291869987895042	-0.064413729277892864	-1	
0.055776250233779197	-0.10450516536293721	-0.065114483350406621	-1	
0.086790605523539968	-0.071798639318142787	-0.071849004215028392	-1	
0.084328694084302269	-0.072064566529595864	-0.071001867753664683	-1	
0.074628247181360713	-0.075829602314794381	-0.070973924700969276	-1	
0.080272198226911839	-0.069064737089048062	-0.070934829326599433	-1	
0.073970269097696856	-0.093062784698886153	-0.073380719946968251	-1	
0.073108184823669528	-0.095321088955487424	-0.07355455073525026	-1	
0.072997547160207052	-0.088957249288139389	-0.072840639567670909	-1	
0.072479539873959151	-0.08665335599275284	-0.071899470338367383	-1	
0.072064566529595836	-0.084328694084302297	-0.071020496755619111	-1	
0.072008231401969436	-0.080920518930558169	-0.070985799934972282	-1	
0.071026632329458508	-0.091008580790205157	-0.072743949404901878	-1	
0.078483616326842504	-0.052220700426633557	-0.07104450540499041	-1	
0.08681486316250879	-0.065996591070736924	-0.070904833259896757	-1	
0.085036231019536335	-0.06470924702909564	-0.070704156368606483	-1	
0.082992854599387419	-0.06525246859583686	-0.070803139083811001	-1	
0.077617991056260244	-0.06294618384073225	-0.070897757443240644	-1	
0.075849137351790219	-0.056446259751257798	-0.071004552137038546	-1	
0.084677424079419431	-0.067474344889047841	-0.070978468439065995	-1	
0.073214658376737976	-0.052220700426633543	-0.071150658142827172	-1	
0.067945700426633449	-0.052220700426633536	-0.07123197577050594	-1	
0.0133888494179935	-0.0055458430135040364	-0.0022402396226757033	-1	
0.011402301095583531	-0.005316980321459738	-0.0020512257050811504	-1	
0.013068657575119441	-0.0068031125285506746	-0.0025017642982769037	-1	
0.013723379410464429	-0.007923196796823016	-0.002883592810478292	-1	
0.013967228231428108	-0.013967228231428118	-0.0088246364251626918	-1	
0.012951325700130141	-0.015462352355731061	-0.0093315415103317843	-1	
0.010577755107854952	-0.017545349455203998	-0.0090480138489316114	-1	
0.012980605706843111	-0.0090891179664595364	-0.0031144769064034117	-1	
0.012139041755888697	-0.010185865460211821	-0.0032836185121784076	-1	
0.012586160299423131	-0.012586160299423143	-0.0060829096919078974	-1	
0.041392893603208393	-0.04949305504235655	-0.068785360958360561	-1	
0.03918055683298749	-0.052320700426633587	-0.071174259964249212	-1	
0.0083190245766755523	-0.055217738313477892	-0.017258586804182074	-1	
-0.0005681316934546491	-0.050041190120307742	7.6915196299266208e-005	-1	
0.0038574657395332914	-0.023511408321633738	-0.0055395919501558212	-1	
0.0071565203924675476	-0.020408201855338596	-0.0080025484625306804	-1	
0.0080536485633266805	-0.018472871649378646	-0.0075561762213016527	-1	
-0.0040243094344319151	-0.031194946636986239	0.0052481430370204417	-1	
-0.0078084725247378299	-0.03864724918432557	0.012273989662741017	-1	
2.6867702819650648e-005	-0.023426288937528822	-0.00075464818706715735	-1	
-0.0039258524023388095	-0.025154556662832239	0.0043918209536861295	-1	
0.025384830873389538	-0.05990794720308943	-0.051215219335650979	-1	
0.010334286343399147	-0.06840001608348327	-0.021598074387553123	-1	
0.031537372775525818	-0.058691090907922759	-0.063567859831377499	-1	
0.035274306832987483	-0.056567627414159702	-0.071097867819311711	-1	
0.048177496630618599	-0.048177496630618565	-0.070191736383734826	-1	
0.05052488270180984	-0.048261004553137428	-0.070947184817323899	-1	
0.046406453621308741	-0.04856747170792345	-0.069734437373471764	-1	
0.044393717731398989	-0.050856864046914377	-0.070469347761709072	-1	
0.053286761408810487	-0.047625164846849921	-0.071352574018078374	-1	
0.052320700426633476	-0.048314450426633473	-0.071355145993426891	-1	
0.054642892299382545	-0.048933699555759373	-0.071354118460117438	-1	
0.058046066353236149	-0.050794374753015598	-0.071334431513478	-1	
0.055738669176633462	-0.050934038459994238	-0.07134482508780686	-1	
0.064039450426633449	-0.052220700426633515	-0.071274695850997133	-1	
0.060133200426633462	-0.052220700426633494	-0.071305632613022571	-1	
-0.0056808206393982588	-0.0056808206393982518	-0.00067978926792249146	-1	
-0.0036135580466115213	-0.006327878072335427	-0.00082740967507390528	-1	
-0.00092264894223713259	-0.0073212356902605724	-0.0010602630512768078	-1	
0.0040218424172502746	-0.005919593701696679	-0.0014998152064500468	-1	
0.0024255826997714829	-0.006899899915256141	-0.0013933559133164051	-1	
0.0009376523986584181	-0.0084465023696963897	-0.0012701852382564164	-1	
0.010054452190445035	-0.0063716269161301197	-0.0021218072759557637	-1	
0.0070618885714032308	-0.0070618885714032395	-0.0018951800988918259	-1	
0.0084429565034082055	-0.0084429565034082159	-0.0022432727054160647	-1	
0.0050549945971282255	-0.0072393731870858402	-0.0016880444236096694	-1	
-0.0087919472014219621	-0.0056955086165649859	-0.00041124553652549203	-1	
-0.007061888571403236	-0.0070618885714032274	-0.00042623694819015359	-1	
-0.011155068062791628	-0.0053030563504311012	-0.00027192899072290899	-1	
-0.012139041755888697	-0.010185865460211795	0.00086281983928590978	-1	
-0.011205092367418165	-0.011205092367418153	0.00087944421095018435	-1	
-0.010185865460211819	-0.012139041755888693	0.00081355333944217018	-1	
-0.01044670372207746	-0.013614409353165992	0.0025502647908935542	-1	
-0.010959340633326327	-0.006715687374416743	-4.8298317803122757e-005	-1	
-0.011201836165954195	-0.0085954712050554088	0.00032158538523801319	-1	
-0.018426270472436394	-0.21061323524477393	-0.00059925941079935112	-1	
-0.025086866398438414	-0.19055366862132456	-0.00033178041739248819	-1	
-0.031428013806170357	-0.17488921843986752	0.016108044904326276	-1	
-0.025284329423844419	-0.15977813261034277	0.021573560805792261	-1	
-0.028652551991473416	-0.15053549688586368	0.020444861527617604	-1	
-0.04053650666033308	-0.14239447763902907	0.04481700185717287	-1	
-0.045497187344635946	-0.12619509768448472	0.060683582173000412	-1	
-0.041397067406831661	-0.13225044470111572	0.050963799733588451	-1	
-0.049385891140241084	-0.12215488041423474	0.060552167894638985	-1	
-0.054668126157192104	-0.11725839925959852	0.060396684816867101	-1	
-0.058482663722283786	-0.1080376725759756	0.063599970644100681	-1	
-0.063295125522122325	-0.10189239160904923	0.066998553111729447	-1	
-0.053471161062313893	-0.10965670785552448	0.060967508580515792	-1	
-0.052274212685493107	-0.11311201949769224	0.059919997862909823	-1	
-0.06942686254391664	-0.097680426135407644	0.071486065853278269	-1	
-0.071798639318142787	-0.086790605523539968	0.069713232710334624	-1	
-0.07206456652959585	-0.084328694084302269	0.068866240854773594	-1	
-0.072997547160207052	-0.088957249288139376	0.070776308320652126	-1	
-0.075829602314794367	-0.074628247181360713	0.068841184757605922	-1	
-0.069064737089048117	-0.080272198226912547	0.068799683222849198	-1	
-0.086653355992752826	-0.072479539873959151	0.069773576527241046	-1	
-0.084328694084302283	-0.072064566529595836	0.068889019921360498	-1	
-0.080920518930558155	-0.072008231401969436	0.068853614954472037	-1	
-0.071026632329458508	-0.091008580790205157	0.070682984814470828	-1	
-0.071397654262923993	-0.093613103998977515	0.071101872286870427	-1	
-0.080093255461849241	-0.06764166567209505	0.068798820618201847	-1	
-0.085881090452494549	-0.070247979478078593	0.068986115153711322	-1	
-0.083515439261223359	-0.069797978022217724	0.06888441931865541	-1	
-0.058180075426633546	-0.052220700426633522	0.069185915624521185	-1	
-0.059156637926633546	-0.054263036541924735	0.069153461788010712	-1	
-0.056226950426633546	-0.052220700426633522	0.069198341968985014	-1	
-0.055568607788651019	-0.051275417546256898	0.069209712917709373	-1	
-0.054654433678710986	-0.050876532473546864	0.069215500940201583	-1	
-0.053998074384048245	-0.049894154003964269	0.069220374213551872	-1	
-0.062815124202921208	-0.058315235160545022	0.069063354042905478	-1	
-0.059161791189061376	-0.05675285740878052	0.06912360581885732	-1	
-0.068039707618983702	-0.061964832778477315	0.068947676627085869	-1	
-0.074036561940357182	-0.064122046929283069	0.068841137487155729	-1	
-0.011307920002308885	-0.023231734243050525	0.012112010572602694	-1	
-0.010745065353004301	-0.015305124439946041	0.0045408891911868157	-1	
-0.010093907921810374	-0.016893687050382255	0.005490655135771621	-1	
-0.009370353824520181	-0.019491202022947424	0.0071499557419327005	-1	
-0.035274306832987497	-0.05232070042663356	0.068773404463396512	-1	
-0.026350569194080017	-0.048864003675889452	0.048232765932028153	-1	
-0.028464048848849555	-0.054444163920396631	0.05509890865796193	-1	
-0.039841253629810489	-0.052320700426633532	0.069091020124171176	-1	
-0.023475658315393624	-0.044504524430025422	0.041033283597275476	-1	
-0.016090546532826433	-0.03977150612811424	0.026361445133840398	-1	
-0.0083393775208229631	-0.02696692201113101	0.010854723220207904	-1	
-0.046702350562406438	-0.048271574766825712	0.067443000801302722	-1	
-0.048177496630618551	-0.048177496630618585	0.067993916663532383	-1	
-0.043266463727427713	-0.050082803377204742	0.067446241016320282	-1	
-0.045772772969468377	-0.049909137383363521	0.068006583393966064	-1	
-0.042124727028221981	-0.052320700426633525	0.069154869867895041	-1	
-0.053109320510969449	-0.047981219923884245	0.069219146784324601	-1	
-0.053669764529133308	-0.048628419049258215	0.06922078912866482	-1	
-0.049447267471054636	-0.047598259756184993	0.068297029215639446	-1	
-0.051384380269884435	-0.047660994977427762	0.068961369075402859	-1	
-0.05232070042663356	-0.048314450426633522	0.06922047241012029	-1	
0.01842627047243629	-0.21061323524477377	-0.0016651698106876784	-1	
0.02508686639843833	-0.19055366862132456	-0.001932652029647027	-1	
0.031428013806170295	-0.17488921843986749	-0.0183862484913562	-1	
0.025284329423844339	-0.15977813261034274	-0.023838322693361766	-1	
0.028652551991473308	-0.15053549688586368	-0.022689817123185786	-1	
0.03609436879733767	-0.14358474489208642	-0.038825068465760851	-1	
0.045497187344635863	-0.12619509768448478	-0.062996905764963598	-1	
0.038350672836034591	-0.12894663460810873	-0.049419209616135336	-1	
0.051455445775732113	-0.12129764281614235	-0.062881040713758579	-1	
0.069426862543916668	-0.09768042613540763	-0.07355623314859383	-1	
0.070858907834643131	-0.095863185840081189	-0.073431110976698993	-1	
0.067032923994255839	-0.097680440614175634	-0.072032744378684468	-1	
0.064430806984789118	-0.099400892978616678	-0.070172749363140163	-1	
0.05826035137494405	-0.10018708463760738	-0.066961308181901269	-1	
0.051803084472380162	-0.11614827867296001	-0.062491283459932566	-1	
0.052274212685493128	-0.11311201949769224	-0.062243141511388003	-1	
0.053416508156699953	-0.1096882617252927	-0.063192699055526172	-1	
0.051887004976049929	-0.10310607265461838	-0.063552109434923107	-1	
0.053371410119363916	-0.10114355368022614	-0.064589073785980389	-1	
0.051936438769372095	-0.10639640042257949	-0.063014145339495495	-1	
0.070503293412777779	-0.076926362249188834	-0.070968203961288223	-1	
0.070807035540895985	-0.069763317273809855	-0.07099499078634941	-1	
0.071397654262924007	-0.093613103998977501	-0.073164008744718304	-1	
0.070530935598083003	-0.088917728579356758	-0.072329617804399005	-1	
0.070247979478078593	-0.085881090452494563	-0.071116195545611771	-1	
0.069797978022217724	-0.083515439261223373	-0.071015770428044064	-1	
0.06764166567209505	-0.080093255461849241	-0.070931529569225701	-1	
0.069363895398011299	-0.091944265091372782	-0.072673198392632074	-1	
0.069101247581457567	-0.090054499143137512	-0.072197818871772665	-1	
0.071488318314831975	-0.058850233212595061	-0.071064186068741333	-1	
0.068579393501485522	-0.064146442266093312	-0.071058579413096484	-1	
0.069751124095495137	-0.055517236962685269	-0.071145384820745033	-1	
0.065992575426633435	-0.055512802844062209	-0.071199207158694433	-1	
0.011482352704303976	-0.0073150654320145655	-0.0024448134256716781	-1	
0.012015173010324086	-0.01391604312354652	-0.0068598980856062058	-1	
0.011173975078466623	-0.015132991052839287	-0.0072732119372329544	-1	
0.0090241679742729501	-0.01680535694293606	-0.0069255926767025581	-1	
0.009697249331267959	-0.015221632413003562	-0.0059617962646063222	-1	
0.011497265644091679	-0.0088221622166748618	-0.0027979396139805332	-1	
0.011205092367418155	-0.011205092367418169	-0.0033323716859152315	-1	
0.0098240244354131801	-0.0098240244354131923	-0.0026931432033224256	-1	
0.011109337768029352	-0.012787292786214171	-0.0048333905759912884	-1	
0.04308680683298749	-0.052320700426633587	-0.071299634957884633	-1	
0.03854526621790693	-0.057127448125677889	-0.071210437007325794	-1	
0.041326610509154121	-0.055124974878916794	-0.071266720001700271	-1	
-0.00024171142468002414	-0.060917913475788434	-0.00055379494790592761	-1	
-0.010459337430516944	-0.046573762844341712	0.018134501611929948	-1	
-0.0095982989540927006	-0.05536238191274559	0.01770039034899137	-1	
0.0048081699323839246	-0.019083111412753373	-0.005028024605365256	-1	
0.00085952303635748642	-0.019686314108207668	-0.0016480589407497513	-1	
0.0059774475840199005	-0.017983247860561571	-0.0053060760922688044	-1	
0.0069067175946911875	-0.016674291288584369	-0.0050085971002586009	-1	
-0.002907450238285164	-0.020962449484777244	0.0019521472321274271	-1	
-0.0071917139408761857	-0.022335859451148861	0.0070926486508670521	-1	
0.030876022246847028	-0.062938017895448867	-0.062320818320355957	-1	
0.028464048848849562	-0.067184944882974995	-0.057548796425794857	-1	
0.021378051480946705	-0.072676624502688691	-0.043503403759945942	-1	
0.010137855520552332	-0.075692621551924189	-0.021122802063766367	-1	
-0.0014581552137738934	-0.071731327629121377	0.0018693862754861265	-1	
0.035274306832987483	-0.060814554401685816	-0.071165288453731976	-1	
0.049558564562623572	-0.049558564562623537	-0.070956938223917951	-1	
0.047739161570569212	-0.049797334880687896	-0.070635797426478686	-1	
0.050599095746334026	-0.049558845378890458	-0.071132731474444599	-1	
0.051323573758622051	-0.049286670668760364	-0.071219623725154044	-1	
0.046354084079016256	-0.050768564408716133	-0.070748646794909359	-1	
0.045700628629810502	-0.052320700426633573	-0.071338894723188495	-1	
0.053434154736935809	-0.04880273167663348	-0.071355119293903174	-1	
0.052320700426633469	-0.049291012926633473	-0.071355774808870329	-1	
0.054351044776267302	-0.050670190208932479	-0.071350140455024899	-1	
0.053415827422030528	-0.050196587734528647	-0.071353734343151079	-1	
0.056226950426633462	-0.052220700426633487	-0.071331225021801517	-1	
0.054590315241898606	-0.051692458420225067	-0.071343452902542154	-1	
0.055250387926633462	-0.052220700426633487	-0.071336211697059615	-1	
0.061108557424990974	-0.055892915482128318	-0.071247495480378523	-1	
0.058044257788341588	-0.053646462183063709	-0.071302667510505388	-1	
-0.0056021710714720232	-0.0078732684007093399	-0.00052156600057153869	-1	
-0.0028378072336987512	-0.0083503687707861696	-0.00082898288789261709	-1	
-0.0014841063702802234	-0.0094216432067395842	-0.0009699433864820069	-1	
0.0042005246796550828	-0.0086852727130627468	-0.0016787647259421084	-1	
0.0028712609599315969	-0.0093776702733647278	-0.0015390804673277294	-1	
0.0016337559264869433	-0.010476614586199631	-0.0013966649942166198	-1	
-4.0731335345278903e-005	-0.010368640278157402	-0.0011575130863877247	-1	
0.010038344194397244	-0.0080829762794093398	-0.0024099206946651438	-1	
0.005695508616564959	-0.008791947201421969	-0.0018886116941145726	-1	
0.008595471205055414	-0.0112018361659542	-0.0026676770331076969	-1	
0.0067156873744167404	-0.010959340633326315	-0.0022579820651457789	-1	
-0.0084429565034082124	-0.008442956503408202	-0.00010001295596645734	-1	
-0.0068939631674231772	-0.0089317510825933522	-0.00026114543166196155	-1	
-0.0098240244354131888	-0.0098240244354131766	0.0003149724059454043	-1	
-0.0088221622166748601	-0.011497265644091677	0.00037616626817409859	-1	
-0.0090891179664595347	-0.012980605706843108	0.00063981852858026333	-1	
-0.0092327312500200785	-0.014492485080558434	0.0023381424466568709	-1	
0	-0.21141774358788762	-0.0011322145205055051	-1	
-0.0083835567758776368	-0.19201501885666211	-0.00086548229381078093	-1	
-0.017712772738026392	-0.16605848035182547	0.016943294419333125	-1	
-0.019947267268327962	-0.15151453739102955	0.020234281554563714	-1	
-0.026174190396260628	-0.14128612549300212	0.020377565511525017	-1	
-0.031393117091267395	-0.13102817998008903	0.034147196304814172	-1	
-0.040870018818435036	-0.12495658215911019	0.053161409595177067	-1	
-0.044258006547029549	-0.12157041198805395	0.060334924677429277	-1	
-0.03425147800993885	-0.12381047663089267	0.042214043552978343	-1	
-0.045498923155995304	-0.11875954778959442	0.060137016131757079	-1	
-0.049658763975210955	-0.11632327650402718	0.060094937327115738	-1	
-0.053868294985945753	-0.1054991621244676	0.061819458013576523	-1	
-0.055349017707258516	-0.10110312446469774	0.063234272370398567	-1	
-0.06090718185642887	-0.096792773839280144	0.066408719610684244	-1	
-0.064228733742870733	-0.096339306697180771	0.068328874275661297	-1	
-0.051077281027605413	-0.10689243537606481	0.0602196969583405	-1	
-0.04988029921379409	-0.10896563973578596	0.059311490506546993	-1	
-0.049086020753603944	-0.1115528057700636	0.059562225667186434	-1	
-0.067032949072217629	-0.093534046373501364	0.070756718841151311	-1	
-0.070530935598083003	-0.088917728579356745	0.070264444984464519	-1	
-0.06876316864511664	-0.087149961626390382	0.069180110080467816	-1	
-0.067474344889047577	-0.08467742407941975	0.068842200842013215	-1	
-0.07692636224918882	-0.070503293412777779	0.068835563927141574	-1	
-0.069763317273809841	-0.070807035540895985	0.068864374487765556	-1	
-0.065252468595836874	-0.082992854599387614	0.068669675187958343	-1	
-0.062946183840732528	-0.07761799105626041	0.068755289403368794	-1	
-0.064065949294405664	-0.071921635964913036	0.068868314218644019	-1	
-0.069363895398011299	-0.091944265091372768	0.070618460418169646	-1	
-0.069101247581457567	-0.090054499143137484	0.070143082206646806	-1	
-0.057069407600368757	-0.053386520318829227	0.06918053889183666	-1	
-0.057742458066216272	-0.054707196637406412	0.069160613302528359	-1	
-0.055250387926633546	-0.052220700426633522	0.069203746364414898	-1	
-0.055632996590908555	-0.053311730463109101	0.069191558874459783	-1	
-0.054653729789743727	-0.051672685530910763	0.069210907247760078	-1	
-0.053879700106661696	-0.050693098347634274	0.069218348883525904	-1	
-0.054016345464345555	-0.051352666506039292	0.069215153837674737	-1	
-0.05336665111206762	-0.049390537894779533	0.069221467292935032	-1	
-0.05331525728517586	-0.050325530108212745	0.069220520058006232	-1	
-0.063185526163267725	-0.063349412433274591	0.068997451304205579	-1	
-0.058673731258804089	-0.061085821223371278	0.069080879572508566	-1	
-0.054763356632037047	-0.059156637926633449	0.069148889845067868	-1	
-0.055772428243533415	-0.056426417957040328	0.06916255777299915	-1	
-0.066793414088379896	-0.066796865550973486	0.068916121600647848	-1	
-0.0084893827891139462	-0.016942770230809184	0.0041165730205775779	-1	
-0.0080206174333585199	-0.015407462736755043	0.0022344470831230268	-1	
-0.0073675032988427787	-0.018757082323685958	0.0047678782897915993	-1	
-0.037837809204265563	-0.054745293990305234	0.069019313625853396	-1	
-0.035274306832987504	-0.056567627414159688	0.068988661559114539	-1	
-0.023064879620870761	-0.053298774235028358	0.043893726592512457	-1	
-0.017922369993887917	-0.051294393876890186	0.033267391036787344	-1	
-0.030876022246847035	-0.058691090907922766	0.060181381803209748	-1	
-0.022859777563710361	-0.060435403135166162	0.04419487002926803	-1	
-0.040982990329016242	-0.054762003501289479	0.069130574502091799	-1	
-0.04759825975618532	-0.049447267471054303	0.068279719541616796	-1	
-0.04886803059662103	-0.048868030596621065	0.068443002592836075	-1	
-0.044408200426633473	-0.052320700426633504	0.069197261208523334	-1	
-0.047339359661413435	-0.050953901452900421	0.068776395948104502	-1	
-0.046361325426633473	-0.052320700426633483	0.06921802979202954	-1	
-0.04362139798388838	-0.054212159487636538	0.069185504681958679	-1	
-0.052868317097144478	-0.048802731676633522	0.069221434516486838	-1	
-0.050285446986848018	-0.048714184683422361	0.068799702299332466	-1	
-0.051396075128504609	-0.048802731676633522	0.069058618362680541	-1	
-0.05232070042663356	-0.049291012926633522	0.069222027563821495	-1	
0.0083835567758775553	-0.19201501885666211	-0.0013989465905581951	-1	
0.017712772738026343	-0.16605848035182538	-0.019191870100611023	-1	
0.019947267268327896	-0.15151453739102955	-0.02247720804061645	-1	
0.026174190396260535	-0.14128612549300212	-0.022617651206298245	-1	
0.030269880184339973	-0.13523196553141226	-0.032528498356688813	-1	
0.044258006547029466	-0.12157041198805399	-0.062651365988849572	-1	
0.038818086051429557	-0.12130300000474178	-0.05335522276665397	-1	
0.0270972608507579	-0.12864698153409859	-0.03006318253708028	-1	
0.032723835079248788	-0.12375218353773335	-0.041869191771303826	-1	
0.047138928873621783	-0.1173670263780497	-0.062399352578385643	-1	
0.068229905808067162	-0.095607236254454497	-0.073192504591914676	-1	
0.065826477667537187	-0.095612729551065298	-0.071596052615571573	-1	
0.063426137358897169	-0.095490813983080861	-0.070032840390501575	-1	
0.055463119266460262	-0.096064940515761463	-0.06630895137829157	-1	
0.059223981388602291	-0.093893605757157689	-0.068091418894630065	-1	
0.049583355915535948	-0.11402374655823001	-0.062180060781581468	-1	
0.048687481928296888	-0.11132757034211771	-0.061827978457523684	-1	
0.049880299213794131	-0.10896563973578594	-0.061629896730578546	-1	
0.049504044026437308	-0.10371961683963522	-0.062272567415026202	-1	
0.050036406688708276	-0.10148427570887121	-0.062983838790192773	-1	
0.051702257144318232	-0.098236275274365237	-0.064370654991596873	-1	
0.048683342477944619	-0.10689244985483282	-0.061280883828258977	-1	
0.064115919315617997	-0.074031024984081553	-0.070976062106004253	-1	
0.068763168645116626	-0.087149961626390396	-0.071290798574069225	-1	
0.067470846347123706	-0.084134523290910646	-0.070996688100999752	-1	
0.062594333042600675	-0.081904155112867624	-0.070720153200652072	-1	
0.060273606716329642	-0.07737204575568335	-0.070883234513748047	-1	
0.067633181048079041	-0.09114125385011361	-0.072285411026640489	-1	
0.067032949072217657	-0.093534046373501351	-0.072820106187072076	-1	
0.06638318104807904	-0.088976190340652503	-0.070981677044979583	-1	
0.065069665155220308	-0.059227755363729838	-0.071158284459656537	-1	
0.060963459751243933	-0.063805956282144916	-0.071149448290489595	-1	
0.010574244059024972	-0.013780623156336746	-0.0053304072473161759	-1	
0.0080206174333584974	-0.015407462736755039	-0.004673645545012161	-1	
0.0094762681576814212	-0.014040391171482418	-0.0045562314430209654	-1	
0.010185865460211798	-0.0121390417558887	-0.003273602079216354	-1	
0.010011361866685798	-0.013047060801359844	-0.0040435941346501853	-1	
0.044393717731399003	-0.053877938556503482	-0.071322786320754977	-1	
0.039067217308541083	-0.060143240661696747	-0.071246405526891488	-1	
0.041599759345845498	-0.058424616679958088	-0.071287644603741707	-1	
0.044564279864378969	-0.057094603839274678	-0.071328537039555218	-1	
-0.014893772272025575	-0.06516630632887771	0.028481950778028634	-1	
-0.01875927423594731	-0.056746295645847829	0.035781222797537426	-1	
0.0037192076009455893	-0.016776261352469873	-0.0027953318921170927	-1	
0.0052232884056076789	-0.016566154358469375	-0.0036715516036353443	-1	
0.0023557527505246455	-0.017893718643361225	-0.0024340797016425796	-1	
0.00075767291705270648	-0.017353562854571229	-0.0014257831240247782	-1	
-0.00078724806120794631	-0.018030945022363694	-0.00065249987246889071	-1	
0.0054197858080937567	-0.014890739126018243	-0.0022405146308802793	-1	
0.0066969753154056209	-0.014361709910369058	-0.0025357912997038281	-1	
-0.0034032113429581477	-0.018335879883265269	0.0012756848187014706	-1	
-0.0048081699323839445	-0.019083111412753376	0.0028117627568776007	-1	
0.035274306832987483	-0.065061481389211931	-0.071176766807007866	-1	
0.035274306832987483	-0.069308408376738045	-0.071162347830685174	-1	
0.030299809769829808	-0.07355533536426416	-0.061216795243798	-1	
0.016990324931354803	-0.078195488420240433	-0.03457686010497673	-1	
0.023247670735182423	-0.081444430818278485	-0.046760244948973635	-1	
0.0020790443283643101	-0.080330097134852119	-0.0052239408923468664	-1	
0.011004211060807264	-0.082936246864181051	-0.0225171170471225	-1	
-0.014643123111701541	-0.075151004292232676	0.027962323855401729	-1	
-0.0099325963658556619	-0.084683191963625865	0.018128420616542962	-1	
0.038684899465495838	-0.063770052463121368	-0.071249641605027628	-1	
0.050249098528626052	-0.050249098528626031	-0.071168115984649935	-1	
0.049218921173848289	-0.050588741917401307	-0.071103542792516405	-1	
0.048478067098426475	-0.051303997484643447	-0.071166760729546738	-1	
0.050990454316832447	-0.050226517403480851	-0.071234553544681389	-1	
0.051705136017159641	-0.050207914767858249	-0.071298965573850182	-1	
0.047007539528222002	-0.052320700426633573	-0.071349017207408189	-1	
0.046354084079016256	-0.054416427621051013	-0.071344372073448431	-1	
0.052320700426633462	-0.050267575426633473	-0.071354147806185028	-1	
0.053430300026575124	-0.05108077029269506	-0.071350347710734396	-1	
0.053826822681262702	-0.051531316270770809	-0.071347024249215976	-1	
0.052925208912980581	-0.050932306247973583	-0.071351711340720866	-1	
0.055738669176633462	-0.053506234558897407	-0.071321033032711451	-1	
0.054029684801633462	-0.05194721110411489	-0.071343614727164523	-1	
0.054273825426633462	-0.05222070042663348	-0.071340582291024829	-1	
0.054590745635217791	-0.052749076631262215	-0.071334681040203504	-1	
0.059915160553585645	-0.058735196942697659	-0.07122437744057683	-1	
0.057443135513279495	-0.056893498760617979	-0.07127130935277623	-1	
0.055386596949432224	-0.055279656243543786	-0.071307033281018922	-1	
-0.0053834476158988818	-0.0095289472515111464	-0.00043558604777440223	-1	
-0.0032336905948171222	-0.010241550947955902	-0.00070666101653990955	-1	
-0.0015270267097954179	-0.011147416305731244	-0.00093269652049503683	-1	
0.0041479931351841521	-0.010183136810676664	-0.0017606933724539087	-1	
0.0024718000313743629	-0.011903772387137031	-0.0015624301689847614	-1	
0.00072660474126035209	-0.011860873968560835	-0.0012796223854345103	-1	
0.0053030563504311038	-0.011155068062791634	-0.0020115454277938312	-1	
0.007916233189138035	-0.012425997062088783	-0.0026792268822089611	-1	
0.0090891179664595138	-0.012980605706843111	-0.0031035401890882179	-1	
0.0066916545220636258	-0.012854548736750021	-0.0024265596447474126	-1	
-0.0080829762794093398	-0.010038344194397242	3.9017870095135816e-005	-1	
-0.0073150654320145638	-0.011482352704303972	4.4691610794867147e-005	-1	
-0.0079231967968230142	-0.013723379410464425	0.00041423973513137993	-1	
-4.3368086899420177e-017	-0.17665408482108302	-0.0011280764674931421	-1	
-0.011285213600378334	-0.15282195036149682	0.019994944109313059	-1	
-1.9081958235744878e-017	-0.15915430428932273	-0.0011178201875139534	-1	
-0.011285213600378333	-0.1432462964747008	0.020119455860964693	-1	
-0.017054139356431706	-0.1357240781512386	0.020278005157942598	-1	
-0.023695828801047834	-0.13203675410014054	0.020393640903127327	-1	
-0.02709796850282176	-0.12456156050917827	0.029641658570186222	-1	
-0.039489791559979975	-0.12036968974795909	0.052567441042558692	-1	
-0.043018825749423159	-0.11694572629162318	0.059874001330429173	-1	
-0.032162801422371941	-0.11985912192430033	0.040251598871037346	-1	
-0.036605912891905311	-0.11800224285384031	0.0485303323873763	-1	
-0.045566237205759315	-0.11568769160948232	0.059837778259771775	-1	
-0.04693875343554603	-0.11320009124199683	0.059627134014781619	-1	
-0.050984402057953772	-0.10267405320826661	0.060927152072776512	-1	
-0.049889813882625075	-0.10481376667726887	0.059969804065161364	-1	
-0.051702257144318226	-0.098236275274365237	0.062076207444800531	-1	
-0.055463119266460262	-0.096064940515761463	0.064037323372926683	-1	
-0.062869757504192311	-0.094074937160946573	0.06755417486611176	-1	
-0.059223981388602291	-0.093893605757157689	0.065831219970606467	-1	
-0.06494162918837236	-0.092437398294778553	0.068845253960608685	-1	
-0.048683342477944598	-0.10689244985483282	0.058959821777478348	-1	
-0.047590500307897424	-0.10929720718926167	0.05918269790369355	-1	
-0.045996392140013616	-0.11097408975960942	0.059294836816194733	-1	
-0.067633181048079027	-0.091141253850113624	0.070238930779400938	-1	
-0.065996591070736868	-0.086814863162508804	0.068766810763529237	-1	
-0.066383181048079026	-0.088976190340652503	0.068999007865820444	-1	
-0.064709247029095501	-0.085036231019536432	0.068568883930279989	-1	
-0.061788951504113052	-0.083351133370728719	0.068474379975005023	-1	
-0.057009390581897336	-0.072533304401685705	0.068942376788359211	-1	
-0.057564586370416192	-0.082441511993422326	0.068589183047606181	-1	
-0.055915531308522767	-0.065992575426633435	0.069059229631856206	-1	
-0.056265689615670453	-0.054579377188570775	0.069175021571157805	-1	
-0.054273825426633546	-0.052220700426633522	0.069208638416819512	-1	
-0.054618240315496613	-0.052757649573723538	0.069202662953595548	-1	
-0.054899223198173287	-0.054205213836532477	0.069189347046072963	-1	
-0.054249802491085707	-0.053685926988747863	0.069198035568703575	-1	
-0.054029684801633546	-0.051907665325486269	0.069211888923273318	-1	
-0.053520854281058995	-0.051263126226606753	0.069216969935260539	-1	
-0.053198069343098571	-0.050856274500081601	0.069219164060080746	-1	
-0.05355777193869421	-0.051560607112769358	0.06921549612688202	-1	
-0.052825180176247162	-0.049535153551633522	0.069221898388616129	-1	
-0.052792960891467962	-0.050130626602578561	0.069221285159932699	-1	
-0.052917187392411809	-0.050695615211592181	0.069219989886216568	-1	
-0.054429703778528966	-0.062086325426633442	0.069125666146882064	-1	
-0.052220700426633494	-0.058180075426633462	0.069188689679402074	-1	
-0.052220700426633494	-0.060133200426633462	0.069174440021329123	-1	
-0.053280853184540768	-0.056871696259228104	0.06918515115770292	-1	
-0.054956264025404759	-0.055120333108876117	0.069181547708886584	-1	
-0.054358584681755355	-0.055815657738643269	0.069181715925493562	-1	
-0.0069067175946912092	-0.016674291288584372	0.0026028894547927024	-1	
-0.0066969753154056408	-0.01436170991036906	0.00013696675193647473	-1	
-0.0059781645863986729	-0.017972085876105867	0.0029890900447243972	-1	
-0.039387967265353839	-0.058976051166526738	0.069125792047090615	-1	
-0.035274306832987518	-0.060814554401685816	0.069048173756441289	-1	
-0.030512178265931552	-0.065061481389211959	0.059552763712073693	-1	
-0.022731008461770161	-0.069290703192021075	0.044073587043240534	-1	
-0.044254300732767995	-0.056160520227802685	0.069199051566178726	-1	
-0.048714184683421966	-0.050285446986847851	0.068796530414950624	-1	
-0.049558564562623524	-0.049558564562623558	0.068791421381213538	-1	
-0.045657123480349761	-0.05444128208891625	0.069212590078528216	-1	
-0.048314450426633473	-0.052320700426633476	0.069226980055851525	-1	
-0.048802731676633473	-0.051396075128504547	0.069049565355061931	-1	
-0.047697763789817979	-0.053506235167483679	0.069224959875757427	-1	
-0.05109782146698235	-0.049476669531188379	0.069060878371748388	-1	
-0.050249098528626017	-0.050249098528626045	0.069023906453270181	-1	
-0.051769807926952079	-0.049779294176633522	0.069158452056792177	-1	
-0.05232070042663356	-0.049779294176633522	0.069221868289582891	-1	
0.011285213600378296	-0.15282195036149682	-0.022235374838516824	-1	
0.011285213600378298	-0.1432462964747008	-0.022356858396391691	-1	
0.018983095063414022	-0.13825625048970799	-0.02252675408049426	-1	
0.023695828801047748	-0.13203675410014054	-0.022632657166875507	-1	
0.043018825749423083	-0.1169457262916232	-0.062191138730447917	-1	
0.03979793320066715	-0.11533040025375697	-0.057240255083297317	-1	
0.034668539144939829	-0.11753885887995155	-0.047720936046913714	-1	
0.022456648003441361	-0.12741206840370978	-0.022668804443311312	-1	
0.026215617727207909	-0.12392649390664071	-0.030678969960727841	-1	
0.030416501976704556	-0.11766420430320748	-0.040479825838317558	-1	
0.04685384129343409	-0.11323526300286986	-0.061949877338398247	-1	
0.065250432086471924	-0.091815221655280027	-0.07106573163967192	-1	
0.062803581218340676	-0.091434898048905103	-0.069682356398740736	-1	
0.052698968975300214	-0.095125004109450448	-0.065482201460360823	-1	
0.053585295369278668	-0.091137788094689351	-0.066829575103177608	-1	
0.056491411986226071	-0.088765995088998947	-0.068449915997925909	-1	
0.047363372228670396	-0.10903666162087569	-0.061452818116386893	-1	
0.047486385742095114	-0.10481925997387967	-0.060942833029103506	-1	
0.04758232058883239	-0.10245979978766874	-0.061575985556159556	-1	
0.047783153893621699	-0.10010694580817482	-0.062221487005782457	-1	
0.04795014995996949	-0.09773278541721736	-0.062851030593960897	-1	
0.049885202980212234	-0.095903931708727616	-0.064148684381068036	-1	
0.045051704545105521	-0.10629058375553262	-0.060833560966686635	-1	
0.057197247910696934	-0.072884939591750728	-0.071051007319944307	-1	
0.059517711370416275	-0.086296116326842795	-0.070064127875318211	-1	
0.057822330898525044	-0.081834896052519562	-0.07071338682523752	-1	
0.052220700426633515	-0.078483616326842545	-0.071033781859269132	-1	
0.057218960899205203	-0.06022960900685366	-0.071238460531803771	-1	
0.055909837872374253	-0.065992575426633573	-0.071186224637905998	-1	
0.0079231967968229934	-0.013723379410464425	-0.0028428466923019874	-1	
0.04169540309507927	-0.061711703932787243	-0.071295084653077406	-1	
0.044710050777172147	-0.059364512032327059	-0.071328538459262056	-1	
0.047597617256948589	-0.056010679835743454	-0.071349220218485304	-1	
0.046678430175118656	-0.058224680944120283	-0.071340969966061249	-1	
0.0041013484582261527	-0.015306440825644314	-0.0019490425623259269	-1	
0.0027516973701295394	-0.015605651268305569	-0.0016803042427982319	-1	
0.0013811042035259411	-0.01578609328186515	-0.0014097497700452457	-1	
-8.6736173798840355e-018	-0.015846393593646008	-0.0011597755170671496	-1	
-0.0022672524027639537	-0.017221491762880212	-3.8238656101848797e-005	-1	
-0.0013811042035259589	-0.015786093281865157	-0.0008999604548999918	-1	
0.0043578242909400773	-0.013821252870757727	-0.0019665704031818854	-1	
0.0052100435288081901	-0.01257815774780293	-0.0020848198143496805	-1	
-0.0037192076009456097	-0.016776261352469877	0.00052335805072981957	-1	
-0.0052232884056076997	-0.016566154358469379	0.0013348700691227509	-1	
0.038028158899004273	-0.067184944882974995	-0.071228844982982389	-1	
0.040056361858064819	-0.072662679795159404	-0.071218371859993135	-1	
0.035274306832987476	-0.077802262351790274	-0.071070587785100198	-1	
0.030270240467266007	-0.080096064339316389	-0.060928616510763665	-1	
0.01749605052174566	-0.085227859630697983	-0.034818181411838234	-1	
0.029147471655550043	-0.085485090034742375	-0.057908940210367556	-1	
0.023503274086008514	-0.088590705703182629	-0.045907582832378828	-1	
0.00037973484480302751	-0.093242642249630983	-0.0016758569038866908	-1	
0.0094634209237130715	-0.094327870878415265	-0.018278959967653018	-1	
0.016210915649311014	-0.093184825265905769	-0.030817170026292466	-1	
-0.023900296720163351	-0.078900904984756964	0.046120394072793065	-1	
-0.019679018757187645	-0.088378287754460022	0.036582907762237313	-1	
-0.0080438167526553101	-0.09681123475114671	0.013257857758059446	-1	
-0.01585170306251333	-0.09326285735612691	0.028088911988812436	-1	
0.043846506873299343	-0.065872912038895767	-0.071304378163554921	-1	
0.050939632494628552	-0.050939632494628517	-0.07127538608819213	-1	
0.05022651740348491	-0.05099045431683371	-0.071236164786650111	-1	
0.049507539737733607	-0.051329322816980723	-0.071229058887310903	-1	
0.048314450426633515	-0.052320700426633573	-0.071353709942287749	-1	
0.049291012926633515	-0.052320700426633573	-0.071355158478336247	-1	
0.051452239442001731	-0.050772292530256585	-0.071298537447627972	-1	
0.051991229197090691	-0.050756211793942914	-0.071331081776529415	-1	
0.048802731676633515	-0.053689461264172171	-0.071354883007324385	-1	
0.052320700426633462	-0.051244137926633473	-0.07135079647541058	-1	
0.053288515690641101	-0.05152556265313131	-0.071348401792476687	-1	
0.053060843520927367	-0.051366155877918367	-0.071349630131751121	-1	
0.053441335873962187	-0.051787287897481417	-0.071346543620939881	-1	
0.053663473864133462	-0.051964258202473086	-0.071344765702178931	-1	
0.052790228133319496	-0.051366359743983223	-0.071349981379241811	-1	
0.054344829891411942	-0.053801921246474212	-0.071327535555282762	-1	
0.053785544176633462	-0.052220700426633473	-0.071342532066935721	-1	
0.054029684801633449	-0.052494458145592671	-0.071339459112635603	-1	
0.053763748127996516	-0.052934367260036613	-0.071337513082034357	-1	
0.05483381487165509	-0.056734488309074065	-0.071299567908860578	-1	
0.054052161427554785	-0.059156637926633573	-0.071286838002517186	-1	
0.053637801234662545	-0.055738669176633573	-0.071318809987454851	-1	
-0.0052100435288082066	-0.012578157747802932	-0.00027461788151039122	-1	
-0.003169109686040894	-0.012847839797971572	-0.0006275364819341787	-1	
-0.0017770488231308532	-0.013498025906809499	-0.00085708334907062128	-1	
0.003978303706235223	-0.011683145773235683	-0.0018066270187808559	-1	
0.0032528736178688948	-0.013021794574088121	-0.0017276476169443887	-1	
0.0019701538499134774	-0.013086081089549152	-0.0014989758911245934	-1	
0.00059385614231799249	-0.013601541853147468	-0.0012629380690037889	-1	
-0.0066916545220636449	-0.012854548736750021	3.9018751396783652e-005	-1	
0.0028346562190483941	-0.14652816171159036	-0.006440024321180059	-1	
-0.011285213600378333	-0.13367064258790479	0.020206762662615632	-1	
-0.0028326063802884011	-0.13945252081352241	0.0042181041034148508	-1	
-0.014742853658335907	-0.13005353493092911	0.020306764431263662	-1	
-0.018380330019767327	-0.12974592456370829	0.020359398549650506	-1	
-0.022456648003441444	-0.12741206840370975	0.02042869672477755	-1	
-0.02774226991711428	-0.11919982296647907	0.033063123169628499	-1	
-0.021217467205835047	-0.12278738270727896	0.02049070424683061	-1	
-0.023267931015498497	-0.1197596009901576	0.025310227090249035	-1	
-0.039332413716299974	-0.11545513582365413	0.054092083489586114	-1	
-0.041779644951816762	-0.11232104059519238	0.059262515210823846	-1	
-0.044293231291537651	-0.11314772855233	0.059482935182075314	-1	
-0.0305664018320841	-0.11568452227249076	0.039202160800688723	-1	
-0.035775908549102862	-0.11436457137890228	0.048458264293270409	-1	
-0.047783153893621685	-0.10010694580817481	0.059933973361515361	-1	
-0.046889098364335663	-0.10241614262243597	0.059000030070229907	-1	
-0.047486385742095093	-0.10481925997387968	0.058613536230094937	-1	
-0.050423057206977526	-0.093296279717192038	0.062764026414196539	-1	
-0.047260819044676466	-0.095454771339695071	0.060853218764573225	-1	
-0.057569803339326792	-0.091483222475773437	0.065829510848477255	-1	
-0.053585295369278606	-0.091137788094689032	0.064530273348240311	-1	
-0.062803581218340662	-0.091434898048905089	0.067400633711001121	-1	
-0.059567599052613766	-0.089348962681405894	0.066962576400639337	-1	
-0.064773248289034219	-0.090081999445778424	0.068233186875098176	-1	
-0.045372499058767127	-0.10863873436179922	0.058908530196043314	-1	
-0.044944121602413907	-0.10604302806581067	0.058450435981022002	-1	
-0.043609601147308746	-0.11059152451281956	0.059102834029388839	-1	
-0.06380496890538824	-0.086947449986577496	0.06832740836369039	-1	
-0.062606363613383134	-0.085256136010191469	0.068336427630800403	-1	
-0.059517711370416206	-0.086296116326842476	0.067974496339553991	-1	
-0.052220700426633536	-0.067945700426633449	0.069099466182197145	-1	
-0.052220700426633557	-0.077120908376737976	0.068942429146788387	-1	
-0.055611461370416206	-0.08629611632684249	0.06855961313444664	-1	
-0.052220700426633578	-0.082389866326842504	0.068830649637710559	-1	
-0.052220700426633515	-0.064039450426633449	0.069140917666918725	-1	
-0.054029684801633546	-0.052511604030515295	0.069207676445138866	-1	
-0.053785544176633546	-0.052220700426633522	0.069210803873138438	-1	
-0.053793706241667169	-0.053079381539019928	0.069205133876145547	-1	
-0.054069751573383222	-0.054147051058535338	0.069196175242564342	-1	
-0.054104637219419757	-0.054780585081782823	0.06919148948848125	-1	
-0.053605961236775274	-0.053526564899249507	0.069203545180551093	-1	
-0.053629485289715506	-0.053920734156452689	0.06920094614488019	-1	
-0.053638562163854007	-0.051975626355069637	0.0692129401205578	-1	
-0.053310573656942431	-0.051476761079096961	0.069216527954803181	-1	
-0.053227460198797212	-0.051201663200557496	0.069217835259364688	-1	
-0.052940082406999857	-0.051200829843822133	0.069218325107769541	-1	
-0.052789972815683678	-0.050993142569439175	0.069219215859616934	-1	
-0.053153825613418811	-0.051685488649664775	0.069215972951669508	-1	
-0.053312290230894767	-0.051904855225468227	0.069214454088107585	-1	
-0.052482226666004099	-0.050511716051633522	0.06922066868942077	-1	
-0.05232070042663356	-0.050267575426633522	0.069221192098964532	-1	
-0.052604220940480916	-0.050777822736584231	0.069219962801997256	-1	
-0.052220700426633487	-0.057203512926633462	0.069195150935959709	-1	
-0.051192170262264435	-0.058955459784138319	0.069195539916055801	-1	
-0.051441658605257977	-0.057691794176633462	0.06920074774817285	-1	
-0.049669283244688521	-0.060492295470418789	0.069201618163993853	-1	
-0.052775016561851545	-0.055738669176633462	0.069197793758788081	-1	
-0.052220700426633487	-0.056226950426633462	0.069200850398190836	-1	
-0.053561355318415431	-0.055108345883210709	0.06919412255163622	-1	
-0.0054197858080937758	-0.014890739126018246	-0.00012766278526711464	-1	
-0.039346783395111516	-0.064405321836764159	0.069137831957869086	-1	
-0.044478245021512174	-0.060589987336268421	0.069201598808057208	-1	
-0.035274306832987545	-0.069308408376738073	0.069046987767375737	-1	
-0.030561320961721549	-0.073896012351790344	0.059584141938392156	-1	
-0.046659529879757154	-0.058809749855443488	0.069215249948623117	-1	
-0.046414219713868367	-0.05666889158263775	0.069216460295913523	-1	
-0.049476669531188386	-0.051097821466981996	0.069057139111994736	-1	
-0.047867568857537263	-0.054831739323933745	0.069224449453355194	-1	
-0.049291012926633473	-0.052320700426633469	0.069227192832372691	-1	
-0.049012452377790533	-0.053266675265905207	0.069227117531575982	-1	
-0.049779294176633473	-0.05176980792695194	0.069159499691705276	-1	
-0.051148486431607812	-0.050211911355197959	0.069113141096330516	-1	
-0.050211911355198112	-0.051148486431607992	0.069112811780165539	-1	
-0.050939632494628496	-0.050939632494628538	0.069139622270147943	-1	
-0.051843695154050982	-0.050511716051633522	0.069183005310486947	-1	
0.011285213600378298	-0.13367064258790479	-0.022446680852220253	-1	
0.0060018069457120401	-0.13803394510481329	-0.012439227622293008	-1	
0.018308003891135738	-0.13048217520509789	-0.022588752284761569	-1	
0.041779644951816686	-0.11232104059519241	-0.061582704616312635	-1	
0.038580257703692673	-0.11193913302699528	-0.056344991808149877	-1	
0.035130415287683958	-0.11197337208081998	-0.050600185379781719	-1	
0.030880166086399582	-0.11343566470323135	-0.042904123799642424	-1	
0.019976550596869282	-0.12559824690573851	-0.022673516563881418	-1	
0.021217467205834967	-0.122787382707279	-0.02272612621886546	-1	
0.023206973620041437	-0.11977593447504303	-0.027450056679300141	-1	
0.026827793486852589	-0.11538019402957694	-0.035389650204596994	-1	
0.044886795358671613	-0.10949112015979075	-0.06133681971043347	-1	
0.050423057206977588	-0.093296279717192357	-0.065061709403302179	-1	
0.05417382542663346	-0.08784615420980442	-0.069444239225054744	-1	
0.050184108874760082	-0.089550594725677127	-0.068161422638708141	-1	
0.056126950426633515	-0.086296116326842684	-0.070598193943093107	-1	
0.045114050642925167	-0.1041426798514455	-0.060486115815043984	-1	
0.045626675799222742	-0.10113627822682977	-0.060933752128104902	-1	
0.045915086764628826	-0.098966901716087421	-0.061590759009366287	-1	
0.047260819044676508	-0.095454771339695363	-0.063139423474617415	-1	
0.043438860192312204	-0.10487068541030901	-0.060287778690173315	-1	
0.043203451083350393	-0.10676403740242985	-0.060731351597158791	-1	
0.052220700426633515	-0.067945700426633573	-0.07122586836732997	-1	
0.052220700426633515	-0.082389866326842545	-0.070947196507809271	-1	
0.046361325426633536	-0.080436741326842545	-0.071130013622446878	-1	
0.047243023030944589	-0.072888563383584987	-0.071230001267448689	-1	
0.054438225390539635	-0.062086325426633573	-0.071253991370817837	-1	
0.052220700426633515	-0.064039450426633573	-0.071268577544405617	-1	
0.045509842584625447	-0.061493846536023807	-0.071330045968240857	-1	
0.048963854573367022	-0.057501119530563728	-0.07134468642028384	-1	
0.049525426289901198	-0.055401116696161858	-0.071350843686324245	-1	
0.048329374769125667	-0.059468191361886795	-0.071337077083296493	-1	
0.0031888846161135663	-0.014384128955100611	-0.001747635628518546	-1	
0.001891583773901806	-0.01436800523017887	-0.001501236592638422	-1	
-0.00063213155891889735	-0.014478193021242503	-0.001047783954775312	-1	
-0.0027516973701295581	-0.015605651268305576	-0.0006496164763865925	-1	
-0.0041013484582261717	-0.015306440825644318	-0.0003939765163679331	-1	
0.043008267515572116	-0.076712382951346747	-0.071193038651540946	-1	
0.041133681832987497	-0.081359938349909094	-0.071120059896381024	-1	
0.035274306832987476	-0.082389866326842504	-0.070966289225757193	-1	
0.035274306832987476	-0.086296116326842504	-0.070802573804462463	-1	
0.029912321470639932	-0.08924333615422618	-0.057346018543669525	-1	
0.022423890774587334	-0.094012126082175185	-0.041121556632115933	-1	
0.027679751118426469	-0.095724667849487577	-0.049003374090822067	-1	
0.0042352235407235456	-0.097543199295883523	-0.0085266644371493755	-1	
-0.0044454852155084478	-0.10101492153736151	0.0065255674021043163	-1	
0.013682043933072454	-0.099716605261287838	-0.024155752437687663	-1	
0.0087582779795230686	-0.10113507381152283	-0.015615419002011056	-1	
0.017842541607003465	-0.099996369789686609	-0.030900794870498023	-1	
-0.031252125224577661	-0.080436741326842587	0.060791787860090388	-1	
-0.029076383260521289	-0.084342991326842615	0.056168244816306973	-1	
-0.022797670180497401	-0.093743115703249863	0.040106452276205996	-1	
-0.025696657219189047	-0.089893343186076322	0.047249727630759707	-1	
-0.012733559664380101	-0.099748118111062406	0.020570753596265472	-1	
-0.0090260252091031203	-0.10225680533611804	0.013880106130817459	-1	
-0.017193128010634572	-0.10013744251988936	0.027830834829505661	-1	
-0.02086258853591277	-0.098156768760897059	0.034704926988711526	-1	
0.048529303157641757	-0.065992575426633573	-0.071294152518687731	-1	
0.051284899477629799	-0.051284899477629757	-0.071307714953996071	-1	
0.050772292530256433	-0.05145223944200189	-0.071298387358269433	-1	
0.050207914767852871	-0.051705136017156733	-0.071298102626949175	-1	
0.050267575426633515	-0.052320700426633573	-0.071353663410532731	-1	
0.050235576088380765	-0.053446805744544863	-0.071353227753543941	-1	
0.051985000012678334	-0.051344925985482702	-0.071337584730565756	-1	
0.052320700426633462	-0.051488278551633473	-0.071349690163668336	-1	
0.052587656781499695	-0.051565080881546474	-0.071349255938281481	-1	
0.05301064724956004	-0.051531416395278813	-0.071348903435252631	-1	
0.053139478525269776	-0.051760153915082874	-0.071347467398696046	-1	
0.052838300848853187	-0.05152012824127495	-0.071349213102599188	-1	
0.053216879404949936	-0.051990938101210672	-0.071345960378674592	-1	
0.053541403551633462	-0.052220700426633473	-0.071343425467183696	-1	
0.053373648485523548	-0.053418368626858087	-0.071336468582583495	-1	
0.053149871672481842	-0.0543214472386266	-0.071332521155598974	-1	
0.053663473864133462	-0.052473542057992359	-0.071341191835372644	-1	
0.053419333239133462	-0.052612197771782603	-0.071341266725327646	-1	
0.053349860602639423	-0.057203512926633573	-0.071311158301993929	-1	
0.052220700426633515	-0.060133200426633573	-0.07130285894592045	-1	
0.052220700426633515	-0.058180075426633573	-0.071317223363241214	-1	
0.052220700426633515	-0.055250387926633573	-0.071335151487937093	-1	
0.052220700426633515	-0.056226950426633573	-0.071329652928361201	-1	
-0.0043578242909400947	-0.013821252870757729	-0.00038311040175175218	-1	
-0.0031888846161135837	-0.014384128955100616	-0.00058789640074341629	-1	
-0.011285213600378329	-0.12888281564450677	0.02026695438180864	-1	
-0.0036075829832952237	-0.13127672911620578	0.005707918281769286	-1	
0.0017656246934538555	-0.1326480789109421	-0.0044549316002727201	-1	
-0.013955928174111096	-0.12648890217280778	0.02034949687740184	-1	
-0.018071710273214348	-0.12505892053857393	0.020426794254246199	-1	
-0.02472758494491227	-0.11584650601744412	0.029332622989506674	-1	
-0.019978286408228654	-0.11816269701084817	0.020595512178188804	-1	
-0.017966216449561877	-0.12118019112660065	0.020505985658465637	-1	
-0.021671066828472751	-0.11646993706667416	0.024106689520277433	-1	
-0.038285835498234361	-0.11161897007454652	0.053629517189479795	-1	
-0.041160054553013567	-0.110008697746977	0.058895996199441893	-1	
-0.028953878333978854	-0.11292828403315662	0.03761429393473633	-1	
-0.033743927338931341	-0.11124862655044872	0.04626613729436195	-1	
-0.043864050642925145	-0.10197761634198441	0.057576266899323041	-1	
-0.045114050642925146	-0.10414267985144551	0.058162088845150395	-1	
-0.050267575426633612	-0.089459729571259819	0.066056666299798547	-1	
-0.046361325426633605	-0.089686628835756843	0.065789628220596988	-1	
-0.041132715170997231	-0.094414807377053864	0.060463364545681499	-1	
-0.040590555841898857	-0.09921548057118143	0.05642538768814772	-1	
-0.056491411986226002	-0.088765995088998628	0.066165935402204348	-1	
-0.052220700426633598	-0.086296116326842504	0.068780880185804222	-1	
-0.062604673654494541	-0.08903505583532427	0.06779734056036997	-1	
-0.061593992111983603	-0.087065086411914946	0.067971620695660206	-1	
-0.043302426761956857	-0.1070151583376707	0.058462265924855275	-1	
-0.043438860192312238	-0.10487068541030901	0.057953571012040614	-1	
-0.049278098047679332	-0.063464845506429918	0.069184183411540603	-1	
-0.047017814747379358	-0.070752113719763032	0.069134302751705012	-1	
-0.046361325426633571	-0.080436741326842545	0.069009314982790171	-1	
-0.048314450426633598	-0.086296116326842517	0.068926093704301084	-1	
-0.053663473864133546	-0.052612197771782651	0.069208823745736642	-1	
-0.053541403551633546	-0.052220700426633522	0.069211818739621858	-1	
-0.053360129123684624	-0.052862052232919662	0.069208922044520449	-1	
-0.053625248963305602	-0.054364929855890781	0.06919823966273872	-1	
-0.05310595331947713	-0.053161785353984997	0.069208784825699324	-1	
-0.053291494669377541	-0.053716564802840538	0.069204620432190334	-1	
-0.053274102702366904	-0.054092856209078916	0.069202645102016361	-1	
-0.053419333239133546	-0.052122049628654882	0.069212879397877444	-1	
-0.053053668146642134	-0.051430536554859602	0.069217271469559291	-1	
-0.052781246938184069	-0.051401922327997458	0.069217812877736873	-1	
-0.052517982442913225	-0.051048801169488574	0.069219207075790545	-1	
-0.052550462752056361	-0.051324521448317027	0.069218291345570074	-1	
-0.053057230476539458	-0.051814427070119656	0.069215618221547134	-1	
-0.052874154263721634	-0.051637434729417696	0.069216764641660738	-1	
-0.053148890894318825	-0.051960813791067713	0.069214657407411395	-1	
-0.053274599917030499	-0.052061342078805757	0.069213731145007451	-1	
-0.05232070042663356	-0.050755856676633522	0.069220112606702452	-1	
-0.051547646127449637	-0.056432250119511224	0.069206588899467777	-1	
-0.050048830629290449	-0.058362273738659168	0.069209170221815164	-1	
-0.050823476144564658	-0.057011224427199372	0.069209798268997411	-1	
-0.04877229410135777	-0.05923363494087764	0.06921205872335362	-1	
-0.047202434473432808	-0.061301352889965736	0.06920641811067689	-1	
-0.05267887523938234	-0.055006247301633462	0.069202845486349432	-1	
-0.052220700426633487	-0.055250387926633462	0.069206026983634192	-1	
-0.051666370721457654	-0.055738669176633462	0.06920892153206859	-1	
-0.053191404597253251	-0.054460359578228056	0.06920127449343802	-1	
-0.041209681744021689	-0.069651402141487462	0.069133739936606195	-1	
-0.044699613062992832	-0.06531410710761644	0.069185014889364391	-1	
-0.035274306832987573	-0.078483616326842587	0.068930046363288255	-1	
-0.041567080190679312	-0.075206941284748419	0.069085227630520871	-1	
-0.048512648164828864	-0.057710020869164574	0.069218465439248256	-1	
-0.048673177124830456	-0.0560488403182057	0.06922272847049446	-1	
-0.049699069231339404	-0.054194722713912589	0.069225140044364614	-1	
-0.049779294176633473	-0.052646660724580414	0.069226325664349289	-1	
-0.050267575426633473	-0.052320700426633462	0.069225226953697469	-1	
-0.050225845287836128	-0.053402001049889194	0.069224706722172749	-1	
-0.050511716051633473	-0.0518436951540511	0.069184768777287908	-1	
-0.051284899477629736	-0.051284899477629785	0.06917591691808872	-1	
-0.051654472716278071	-0.051087212620070543	0.069186913602930319	-1	
-0.051087212620072736	-0.051654472716278724	0.069187908317497437	-1	
-0.052064421445519413	-0.050999997301633522	0.069205820492601086	-1	
0.0071388323702029329	-0.13127672911620578	-0.014629693853335566	-1	
0.011285213600378298	-0.12888281564450677	-0.022505437012711908	-1	
0.015155887128945299	-0.12556829449153445	-0.022616879373358646	-1	
0.041160054553013491	-0.11000869774697702	-0.061220804202512413	-1	
0.038135694058663586	-0.10874784875265946	-0.056728933327079976	-1	
0.032895040640700285	-0.10941780476079824	-0.048198810125298544	-1	
0.035769885855954774	-0.10761140249998564	-0.053202609211473927	-1	
0.025374945437967721	-0.11151070806525398	-0.035305789018458392	-1	
0.02870982313390489	-0.10714651861204955	-0.043342644568278889	-1	
0.01838232682968588	-0.12297159844187129	-0.022704361924878767	-1	
0.018214800761993555	-0.12013542295259252	-0.022768009372521276	-1	
0.019978286408228574	-0.11816269701084819	-0.022827360088309753	-1	
0.022629332773099829	-0.11621317048067709	-0.028099622931897206	-1	
0.023433182886416576	-0.11302216350546399	-0.031205706107663888	-1	
0.047102201539653492	-0.091826772793990402	-0.066082810480847853	-1	
0.052220700426633515	-0.086296116326842545	-0.070888307444403692	-1	
0.048314450426633515	-0.086296116326842517	-0.071043955753319357	-1	
0.043864050642925173	-0.10197761634198441	-0.059878001359231943	-1	
0.043837816643294975	-0.099655613682979802	-0.060392600840896704	-1	
0.043925687443287689	-0.097335125955438528	-0.061060105580048867	-1	
0.043645884064527768	-0.09294095521697042	-0.064639213850291727	-1	
0.041092496384734695	-0.10312563170457979	-0.058637965280753872	-1	
0.041739543997490997	-0.10554044627030247	-0.060299253001359902	-1	
0.040540464154210296	-0.10769635489876164	-0.060841301364252365	-1	
0.043086806832987469	-0.086296116326842517	-0.071098813278560311	-1	
0.050006571583028563	-0.062086325426633573	-0.071313407656876354	-1	
0.051117178749287631	-0.057203512926633573	-0.071334675482314744	-1	
0.050372624795078619	-0.059156637926633573	-0.071328993304998506	-1	
0.051277388601870005	-0.055738669176633573	-0.0713404350126393	-1	
0.051158764684032396	-0.054683119962263591	-0.071345919404401742	-1	
0.039180556832987476	-0.086296116326842504	-0.071023169672159422	-1	
0.033727597675804757	-0.089634586218202264	-0.063643862797039291	-1	
0.037406952857334565	-0.089628596178282074	-0.06638301820189503	-1	
0.031755288592982198	-0.09260679885213495	-0.057650283822024702	-1	
0.022999721233936961	-0.099509878945010635	-0.039315285205233926	-1	
0.026966922234644242	-0.10082124133965867	-0.043961279851971569	-1	
0.030700036750249723	-0.099891328510073082	-0.04939005545444615	-1	
0.032817909283534896	-0.096011925623270308	-0.055074228101128039	-1	
0.0035207428987950162	-0.10327461285666875	-0.0067290291201758893	-1	
-0.0054741528826526675	-0.10564800526562569	0.0080134638128862689	-1	
-0.0019143429864792493	-0.10502951255251602	0.0021756518272683517	-1	
0.012805367295701973	-0.10476506663747234	-0.021515589300747883	-1	
0.016551938052201148	-0.10396151184899133	-0.027560201466431681	-1	
0.0093557725284534148	-0.10610124910205679	-0.016118013962458034	-1	
0.0064273555910307903	-0.10556075992456078	-0.011409762681154484	-1	
0.020090829077338515	-0.10350823717568938	-0.033099396847599154	-1	
-0.035274306832987587	-0.082389866326842587	0.068830936809013768	-1	
-0.035274306832987601	-0.086296116326842587	0.068659550191095556	-1	
-0.032218279547665325	-0.090853936468617502	0.058414647047267648	-1	
-0.02593109675601463	-0.097404606134799454	0.043120249535878417	-1	
-0.030158587334648289	-0.09594026079970773	0.050700909005789226	-1	
-0.012711965227255879	-0.10422459630385066	0.019476851442599769	-1	
-0.016604485774639743	-0.10426557883112457	0.025436422291861802	-1	
-0.0076433655300648454	-0.10853752014244689	0.011571381991165695	-1	
-0.011458045087171192	-0.10821032577189033	0.017681714667388722	-1	
-0.020012488432662144	-0.10320977321446638	0.030862497382512469	-1	
-0.023754779113622736	-0.10238651554475348	0.036757814074816833	-1	
0.051630166460631038	-0.051630166460631004	-0.07133097737124619	-1	
0.051344925985482084	-0.051985000012676696	-0.071337358238898058	-1	
0.050756211793939826	-0.051991229197091003	-0.071330690631731086	-1	
0.050932306247973534	-0.052925208912980699	-0.0713512739759979	-1	
0.051244137926633515	-0.052320700426633573	-0.071350410018721597	-1	
0.051105286148580092	-0.053413630736300476	-0.071349752115544146	-1	
0.051918568669527661	-0.051687031234735621	-0.071339152013038087	-1	
0.052124777222431966	-0.051664161723696166	-0.07134408622259146	-1	
0.052320700426633462	-0.051732419176633473	-0.071348599895383946	-1	
0.052736498700528905	-0.051644996409094854	-0.071348738599780859	-1	
0.052597305751459066	-0.051740734235124465	-0.071348433733842864	-1	
0.052903966123849247	-0.051667246589545412	-0.071348401370044015	-1	
0.052893756345631308	-0.051821133196770258	-0.071347635254540701	-1	
0.052976319971720448	-0.051953744071767248	-0.071346767194728558	-1	
0.053053122301633462	-0.052220700426633473	-0.071345046773130999	-1	
0.053297262926633462	-0.052220700426633473	-0.071344246865160985	-1	
0.052960856920173743	-0.052953569554442213	-0.071341363696125384	-1	
0.052754975321527592	-0.05347901984526153	-0.071339868593775807	-1	
0.052220700426633515	-0.054273825426633573	-0.071340014459717008	-1	
0.052963261360395947	-0.052481085805750227	-0.071343842643364963	-1	
-0.011285213600378329	-0.12409498870110877	0.020346874156921817	-1	
-0.0063267517506439856	-0.12648890217280778	0.010891004548216626	-1	
-0.00038545016826643038	-0.1275368326894934	-0.0003911933592032731	-1	
0.0071353429569506813	-0.12648890217280778	-0.014661708727889343	-1	
-0.014783431610814557	-0.12299909184750719	0.020426734545634616	-1	
-0.025854341622747527	-0.11295886298453787	0.032609143545045099	-1	
-0.02106206069297337	-0.11415475817365403	0.024158239296358974	-1	
-0.022673150277514157	-0.11237125393940525	0.028273558485321038	-1	
-0.017528739813933464	-0.11757987024500557	0.020604086993165072	-1	
-0.019358696009425459	-0.11585035416263277	0.020688353892909201	-1	
-0.016104744636589546	-0.11957963998351034	0.020527439610843527	-1	
-0.036172698282378214	-0.10909136977965103	0.051000970245288123	-1	
-0.038354961068097118	-0.10832513738307854	0.054811668698446572	-1	
-0.040540464154210379	-0.1076963548987616	0.058518094942790366	-1	
-0.02728210043798358	-0.11020757825516979	0.036889364030124008	-1	
-0.030659677791606846	-0.11022877862025866	0.041812639321247042	-1	
-0.032389689717110669	-0.10829587774052098	0.045319771514147844	-1	
-0.034556522861229406	-0.10743687288948613	0.048924681414068812	-1	
-0.041092496384734771	-0.10312563170457975	0.056258692445551386	-1	
-0.042124727028222099	-0.089869335749801285	0.065204049634249445	-1	
-0.044408200426633598	-0.086296116326842545	0.068977966801973573	-1	
-0.037958164922784622	-0.098056596851545302	0.055469181928189615	-1	
-0.037146732971905162	-0.091454660655640119	0.062274468916464126	-1	
-0.03943952078119526	-0.10138145276385274	0.05494793353324362	-1	
-0.037106932510238624	-0.10080394044245342	0.053067903275316117	-1	
-0.041739543997491066	-0.10554044627030242	0.057960669911665166	-1	
-0.042124727028222085	-0.082279750194038728	0.06899247287016716	-1	
-0.053419333239133546	-0.052473542057992401	0.069210801149552151	-1	
-0.053297262926633546	-0.052220700426633522	0.069212760665302187	-1	
-0.052967574352304064	-0.05248492986519137	0.069212725523171287	-1	
-0.052917585709890386	-0.052787075195295283	0.06921158148865432	-1	
-0.052866575909466723	-0.053162454516897391	0.069210236360998323	-1	
-0.052987238793097836	-0.053510609596242639	0.069207814707588938	-1	
-0.052962807312905251	-0.05388074094931368	0.069206199952781308	-1	
-0.052673890923229265	-0.054113381091007232	0.069207362666259944	-1	
-0.05272026765649681	-0.051647644507635711	0.069216957554341596	-1	
-0.052587656781499792	-0.051565080881546523	0.069217412693998753	-1	
-0.05232070042663356	-0.051244137926633522	0.069218627709472666	-1	
-0.05232070042663356	-0.051488278551633522	0.069217794959787055	-1	
-0.052896404444172145	-0.051804902152738058	0.069216021486320847	-1	
-0.052976319971720545	-0.05195374407176729	0.069215186614977664	-1	
-0.052740920531018351	-0.051800480322248731	0.069216335090510436	-1	
-0.053053122301633546	-0.052220700426633522	0.069213683181812535	-1	
-0.050932540382180751	-0.056090497320425696	0.06921328070408686	-1	
-0.049918327356156408	-0.056810378506360365	0.069216616551709922	-1	
-0.05250249433136997	-0.054517966051633449	0.069206900222485462	-1	
-0.052220700426633487	-0.054762106676633462	0.06920834497174666	-1	
-0.05176259025254866	-0.055006247301633462	0.069211360538835892	-1	
-0.051030503546931429	-0.055282603003104697	0.069215833705876015	-1	
-0.038669006715964849	-0.080436741326842573	0.068965397902187045	-1	
-0.050053346724891944	-0.055574002045048344	0.069220333427012309	-1	
-0.050529910635336538	-0.054672538958856938	0.069220772115776832	-1	
-0.05058303761172999	-0.053841876355308876	0.069222562190433115	-1	
-0.050313953685098091	-0.052889164136819516	0.06922480477009485	-1	
-0.050721149376042357	-0.052658837232938273	0.069223449895984029	-1	
-0.050755856676633473	-0.052320700426633462	0.069223383054981436	-1	
-0.050532930893582115	-0.053361195673095912	0.069223560815887208	-1	
-0.050999997301633473	-0.052064421445519066	0.069207970434202071	-1	
-0.05163016646063099	-0.051630166460631025	0.069200104478832652	-1	
-0.05198500001267712	-0.051344925985482189	0.069205655220458698	-1	
-0.051344925985482709	-0.051985000012678431	0.069207008792013067	-1	
0.011285213600378298	-0.12409498870110877	-0.022580329963654416	-1	
0.01594989272384139	-0.12150353144405864	-0.022707931153843921	-1	
0.03872165200457639	-0.10618948759308047	-0.05719993611573982	-1	
0.032904519775613927	-0.10602255303441006	-0.048713850379276537	-1	
0.036998508080174311	-0.10457409236949494	-0.053636247934444777	-1	
0.022065394143435405	-0.11097665786897191	-0.031090623166898392	-1	
0.024515126492195841	-0.10827048418968904	-0.037520508035332904	-1	
0.026410055371289459	-0.10496228642593911	-0.041207736954318237	-1	
0.030016682274933915	-0.10367734336983236	-0.046251648663974264	-1	
0.017528739813933377	-0.11757987024500562	-0.022834287782519325	-1	
0.019358696009425382	-0.11585035416263281	-0.022916006556634842	-1	
0.020972622442053127	-0.11299804600184592	-0.027250798257663199	-1	
0.044453132064148561	-0.089527096737453654	-0.067971962828485222	-1	
0.042024199231502871	-0.10083725346855481	-0.059159820502449278	-1	
0.040590555841898877	-0.09921548057118168	-0.058712624960626798	-1	
0.039242835513943621	-0.092927175856547334	-0.063285158047961351	-1	
0.041133681832987469	-0.089026446558393826	-0.068049208135773614	-1	
0.03987229713842768	-0.10129497468365836	-0.057545601610995929	-1	
0.039045502232454503	-0.10384986203703736	-0.056001071057781501	-1	
0.051799887387751375	-0.053742805537676561	-0.071345075343994452	-1	
0.035304969105416181	-0.09295867854626326	-0.060674877107241891	-1	
0.022706813017639285	-0.10593431129684544	-0.03581030533449147	-1	
0.033623309178578378	-0.1023924003137256	-0.050931550398399347	-1	
0.037307874035516865	-0.096630455374368596	-0.05856944600732255	-1	
0.037106932510238624	-0.10080394044245362	-0.055223929415464737	-1	
0.0046129281841848111	-0.10680759984519211	-0.0085877158798503966	-1	
0.0019143429864792152	-0.10695685447030848	-0.0041788544644290508	-1	
-0.0038286859729584994	-0.10886471451300343	0.0052968196625174041	-1	
-2.7755575615628914e-017	-0.10886471451300345	-0.0011113287441356519	-1	
0.01145804508717114	-0.10821032577189041	-0.019897866003229969	-1	
0.01523080787558013	-0.10755833096982112	-0.024465640267314698	-1	
0.019003570663989122	-0.10690633616775182	-0.030113139252372623	-1	
0.0076433655300647907	-0.10853752014244694	-0.013800913516762194	-1	
0.0057360257515116191	-0.10870111732772519	-0.010703063576467702	-1	
-0.0398412536298106	-0.086296116326842559	0.068916119632010164	-1	
-0.034629752913667398	-0.095783218710330409	0.055319228191683584	-1	
-0.027447837552344468	-0.10217109269295319	0.041923629664978007	-1	
-0.029888088924411412	-0.10046436261719444	0.046342760948621935	-1	
-0.03322060923105663	-0.099202162968497765	0.050786391096954035	-1	
-0.015230807875580177	-0.10755833096982101	0.022199517805635099	-1	
-0.019003570663989163	-0.10690633616775172	0.02785625758205559	-1	
-0.0065073586382386438	-0.11075648682244144	0.0094614169562248392	-1	
-0.0086720477592697257	-0.11058673511196236	0.01294551060309708	-1	
-0.011054278781051361	-0.11039992408825695	0.01673737358870267	-1	
-0.013001426001331893	-0.11024723169100419	0.019765981814958505	-1	
-0.022706813017639323	-0.10593431129684533	0.033572373616185619	-1	
-0.026410055371289487	-0.10496228642593892	0.03898196246671095	-1	
0.051687031234735857	-0.051918568669527418	-0.071339058821904527	-1	
0.051975433443632285	-0.051975433443632243	-0.071344123074511268	-1	
0.051488278551633515	-0.052320700426633573	-0.071349349173105717	-1	
0.051664161723695451	-0.052124777222431973	-0.071343890364597484	-1	
0.05136635974398323	-0.052790228133319614	-0.071349591759340719	-1	
0.051366155877918367	-0.05306084352092752	-0.071349198145704534	-1	
0.051565080881546516	-0.052587656781499813	-0.071348921143112781	-1	
0.051520433193265804	-0.053271628038071339	-0.071347992579848418	-1	
0.052148411799471647	-0.051870283989825336	-0.071345453537354345	-1	
0.052463115791216798	-0.051854489489133473	-0.071347995445880663	-1	
0.052320700426633462	-0.051976559801633473	-0.071347492400050866	-1	
0.052740920531018282	-0.051800480322248668	-0.071347982577706928	-1	
0.052627329425889414	-0.051914071427377521	-0.071347578788233598	-1	
0.052800666618142457	-0.051944095101807891	-0.071347175300860557	-1	
0.052808981676633462	-0.052220700426633473	-0.071345710024156017	-1	
0.052489175000178523	-0.052981189121065107	-0.071343601394545264	-1	
0.052676055654102605	-0.052576561712408279	-0.071344404954520657	-1	
0.052220700426633515	-0.053297262926633573	-0.071344033966639991	-1	
0.052686911364133462	-0.052357661958600039	-0.071345337075890289	-1	
-0.011285213600378329	-0.11930716175771075	0.020445788013606407	-1	
-0.0061133279211781277	-0.11817244500858544	0.010569521300290144	-1	
-0.0017119675324819708	-0.12278190715457109	0.0021454082818524694	-1	
0.0030009606806309435	-0.12394501048861935	-0.0068270120414929509	-1	
0.007305522941779676	-0.12170107522940976	-0.015043787348886549	-1	
-0.024515126492195914	-0.108270484189689	0.035285155156641906	-1	
-0.01873910561062226	-0.11353801131441738	0.020828932132869227	-1	
-0.018784142844897916	-0.11106218885229102	0.024529481983808474	-1	
-0.020245398285192673	-0.10906307460977019	0.029029721691029953	-1	
-0.015025630362821805	-0.11677015332169115	0.020591728865231643	-1	
-0.016006577547465636	-0.11432905909141537	0.020736831071575958	-1	
-0.0366439845697474	-0.10682702170860969	0.052062405173066983	-1	
-0.038804237675920929	-0.10609580078183219	0.055014263404212733	-1	
-0.028709823133904962	-0.10714651861204953	0.041117506419856981	-1	
-0.030807171454759488	-0.10658453582322977	0.043906999192675857	-1	
-0.032904519775614011	-0.10602255303441004	0.046509172210854072	-1	
-0.034951513927894202	-0.10529832270195247	0.04899771222021105	-1	
-0.039251216297530207	-0.10377708001879121	0.054035879310183201	-1	
-0.035413490925232861	-0.099397166757539276	0.05252231742400057	-1	
-0.037604525578170303	-0.10270488557370787	0.052758603204222078	-1	
-0.035365120844408501	-0.10159817037808941	0.050971630930289211	-1	
-0.0527869909515742	-0.052510063148672216	0.069213349261829968	-1	
-0.052808981676633546	-0.052220700426633522	0.069214467263290586	-1	
-0.05273800006571476	-0.052960538087140498	0.069211855008743689	-1	
-0.052718556614055584	-0.052711615748591185	0.069212881654780289	-1	
-0.052627932680425087	-0.053143708812459334	0.06921181509999054	-1	
-0.052646702975966478	-0.053369872792204932	0.069210805875924861	-1	
-0.052612206656028816	-0.053759607571797756	0.069209426633096122	-1	
-0.052432480055844222	-0.054151755114133449	0.069209182267303659	-1	
-0.0524220703117299	-0.0538573595463318	0.069210503997466921	-1	
-0.052597305751459163	-0.051740734235124514	0.069216760537427688	-1	
-0.05232070042663356	-0.051732419176633522	0.069216942791028926	-1	
-0.052124777222431987	-0.05166416172369561	0.069212597843504878	-1	
-0.052800666618142554	-0.05194409510180794	0.069215652657198742	-1	
-0.052627329425889519	-0.051914071427377563	0.069216079642650072	-1	
-0.05222070042663348	-0.054273825426633462	0.069210475669592181	-1	
-0.051938803184179309	-0.054517966051633462	0.06921189573066705	-1	
-0.051432254509263607	-0.054611097543303871	0.069215491628897244	-1	
-0.051045730990702823	-0.05401927622645615	0.069219765734957889	-1	
-0.050769741845238435	-0.053560913527098124	0.069222188307072621	-1	
-0.051064560683669748	-0.053724866063376654	0.069220368468701152	-1	
-0.050618713685716292	-0.052982948364866445	0.069223605359607004	-1	
-0.050999997301633473	-0.052516609328206371	0.069222281392901847	-1	
-0.050932306247973583	-0.052925208912980581	0.069222337187022392	-1	
-0.051244137926633473	-0.052320700426633462	0.069221173548543513	-1	
-0.050815373447057936	-0.053233944535506984	0.069222480571560246	-1	
-0.051687031234735586	-0.051918568669527668	0.06920855326727049	-1	
-0.05191856866952748	-0.051687031234735767	0.069208000100973777	-1	
-0.05197543344363223	-0.051975433443632264	0.069213307413599851	-1	
-0.051664161723696186	-0.052124777222431966	0.069213765867682756	-1	
-0.051488278551633473	-0.052320700426633462	0.069219886330505437	-1	
0.011285213600378301	-0.11930716175771075	-0.022676234420710945	-1	
0.015018927729330746	-0.11737785822410508	-0.022800639472681954	-1	
0.020245398285192596	-0.1090630746097702	-0.031277413176694781	-1	
0.019442444789079343	-0.11128377754988004	-0.027291579528822399	-1	
0.016006577547465557	-0.11432905909141536	-0.022958329019982283	-1	
0.018739105610622184	-0.11353801131441742	-0.023035598298005361	-1	
0.051837750777533546	-0.053196299136374608	-0.071346533487893646	-1	
0.0038286859729584444	-0.10886471451300346	-0.0075198741980586166	-1	
-0.0043426695172075602	-0.11092623853292052	0.0059883701379273074	-1	
-0.0021713347586037883	-0.11092623853292052	0.0024907954621456677	-1	
-1.6479873021779667e-017	-0.11092623853292052	-0.0011103616603987932	-1	
0.0021713347586037549	-0.11092623853292052	-0.0047199715043588731	-1	
0.0086720477592696962	-0.11058673511196235	-0.015178350369066042	-1	
0.013001426001331867	-0.11024723169100419	-0.022000267934463968	-1	
0.015975670078189352	-0.10985566502985139	-0.024403184084242812	-1	
0.017895989566296663	-0.10949919577560879	-0.027613486492952873	-1	
0.0065073586382386108	-0.11075648682244144	-0.01170016261207117	-1	
0.0043426695172075263	-0.11092623853292052	-0.0082328324914183217	-1	
-0.030016682274933936	-0.10367734336983217	0.044056293867666137	-1	
-0.032098429158433542	-0.10096434929863857	0.048271192095398874	-1	
-0.031819995726756159	-0.10303487184177879	0.046416260371853535	-1	
-0.033623309178578385	-0.1023924003137254	0.048738810346202588	-1	
-0.015975670078189425	-0.10985566502985136	0.022186877666359087	-1	
-0.0055960827210190089	-0.11302284544475928	0.0090742483072305136	-1	
-0.007848251830111173	-0.11396864643138911	0.013580633893615896	-1	
-0.010022401492890213	-0.11252394977720476	0.016421648008648589	-1	
-0.013001426001331893	-0.11274723169100419	0.02056432553204994	-1	
-0.014816186267171532	-0.11254010777376981	0.020784213411366884	-1	
0.051870283989824968	-0.052148411799471689	-0.071345320581408647	-1	
0.05206175018938259	-0.052061750189382555	-0.071345386611121345	-1	
0.051732419176633515	-0.052320700426633573	-0.071348320779521884	-1	
0.051520128241274971	-0.052838300848853305	-0.071348842681275795	-1	
0.051531416395278813	-0.053010647249560172	-0.071348504157777617	-1	
0.051644996409094902	-0.05273649870052903	-0.071348407399595359	-1	
0.051740734235124507	-0.05259730575145917	-0.071348146230586634	-1	
0.051690446333898826	-0.053073317335610624	-0.071347593948334134	-1	
0.052216505424030127	-0.052060917610992415	-0.071346455665897812	-1	
0.052503805895383462	-0.052037594957883473	-0.071347136901130356	-1	
0.052320700426633462	-0.052098630114133473	-0.071346970284104735	-1	
0.052686911364133462	-0.052078285062050152	-0.071346693715318779	-1	
0.052564841051633462	-0.052220700426633473	-0.071346233460951786	-1	
0.052366152228574409	-0.052686911364133573	-0.071345213258468015	-1	
0.052220700426633515	-0.052808981676633573	-0.071345551655593073	-1	
0.052503805895383462	-0.052369151508039419	-0.071345756165952512	-1	
0.052416449099208083	-0.052503805895383573	-0.071345563723411887	-1	
0.051953744071767283	-0.052976319971720566	-0.071346488826385848	-1	
-0.009139049987188605	-0.11691324828601174	0.016327503224470734	-1	
-0.011285213600378329	-0.11451933481431274	0.020514627918606514	-1	
-0.0027135509276184889	-0.11648778725985626	0.00403399330644589	-1	
-0.004273516699849907	-0.11485406437849409	0.0068873456406442777	-1	
0.0041488200994565568	-0.11727343946038161	-0.0090415612334887839	-1	
0.0086206959725103442	-0.11724696708665458	-0.01758705448802015	-1	
-0.016622717690945726	-0.11227047959557405	0.020961437453519263	-1	
-0.014098762974437936	-0.11430801700042524	0.02063402929984914	-1	
-0.036998508080174394	-0.10457409236949487	0.05143629186533704	-1	
-0.031450092647790473	-0.10484865390976018	0.045282035223900806	-1	
-0.033507694404574087	-0.10420174543060706	0.047851659111457008	-1	
-0.035156650153985738	-0.10344806017505678	0.049946031230112729	-1	
-0.052686911364133546	-0.052357661958600088	0.069214301943960346	-1	
-0.052605876909797872	-0.052531033375879721	0.069214023463054553	-1	
-0.052686911364133546	-0.052078285062050193	0.069215355841283119	-1	
-0.052564841051633546	-0.052220700426633522	0.069215120283539752	-1	
-0.052489175000178481	-0.052981189121064996	0.06921324039714094	-1	
-0.05236615222857436	-0.052686911364133462	0.06921477505166998	-1	
-0.052420451336256557	-0.053194873602504356	0.069212988363948805	-1	
-0.052419083449128739	-0.053419333239133462	0.069212215265419152	-1	
-0.052420316738094733	-0.053643574133059133	0.069211355855406761	-1	
-0.052220700426633473	-0.054029684801633462	0.069211460748828571	-1	
-0.052220700426633473	-0.053785544176633462	0.069212395223485351	-1	
-0.052463115791216895	-0.051854489489133522	0.069216462776905671	-1	
-0.05232070042663356	-0.051976559801633522	0.069216119429356043	-1	
-0.052148411799471682	-0.051870283989825051	0.069214233952295368	-1	
-0.05250380589538356	-0.052037594957883522	0.06921581566135919	-1	
-0.052009232221756366	-0.054151755114133462	0.069212726750058434	-1	
-0.05166332704974886	-0.05415080359827168	0.069215395900917756	-1	
-0.051519558538734744	-0.053836189694184841	0.069217323694398744	-1	
-0.05108077029269506	-0.053430300026575124	0.069220884802592433	-1	
-0.051331532160717688	-0.053599334665294103	0.069219099023091216	-1	
-0.051366359743983223	-0.052790228133319496	0.06922031070379886	-1	
-0.051366155877918367	-0.053060843520927367	0.06921996708043697	-1	
-0.051565080881546474	-0.052587656781499695	0.069219405918782922	-1	
-0.05187028398982535	-0.052148411799471633	0.069215017534918155	-1	
-0.052061750189382548	-0.052061750189382569	0.069214618783900408	-1	
-0.051732419176633473	-0.052320700426633462	0.069218593834590753	-1	
0.011285213600378301	-0.11451933481431274	-0.022740928434991942	-1	
0.014098762974437896	-0.1143080170004252	-0.022860687126390028	-1	
0.01662271769094565	-0.11227047959557405	-0.023183425882097358	-1	
0.014816186267171483	-0.11254010777376981	-0.02300890734224174	-1	
0.051808162971954452	-0.052949378422480257	-0.071347283817848495	-1	
-0.003257002137905674	-0.11283682819773209	0.0047663923056043564	-1	
-0.0010856673793019024	-0.11317495819025587	0.00085030970985586023	-1	
0.0010856673793018692	-0.1144081325987828	-0.003133335893456777	-1	
0.0032570021379056415	-0.11317495819025587	-0.0070280790896177165	-1	
0.010600920967155895	-0.11213953045080757	-0.019229740749549484	-1	
0.0078482518301111626	-0.11396864643138908	-0.015811465228629449	-1	
0.013001426001331867	-0.11274723169100419	-0.022791721030763656	-1	
0.0055875222757296363	-0.11291368187440871	-0.011238558576912203	-1	
0.052060917610992338	-0.052216505424030141	-0.071346365448561933	-1	
0.051976559801633515	-0.052320700426633573	-0.071347295461879623	-1	
0.052148066935132895	-0.052148066935132874	-0.071346223610425558	-1	
0.051854489489133515	-0.052463115791216902	-0.071347750208647309	-1	
0.05166724658954544	-0.052903966123849407	-0.07134805201202396	-1	
0.051787201245241964	-0.052802816798200869	-0.071347660943361257	-1	
0.051914071427377563	-0.052627329425889526	-0.071347338685094561	-1	
0.052266781971499698	-0.052159665270383473	-0.071346586553456021	-1	
0.052442770739133462	-0.052220700426633473	-0.071346400563674195	-1	
0.052320700426633462	-0.052220700426633473	-0.071346485700963219	-1	
0.052220700426633515	-0.052564841051633573	-0.071346112457281965	-1	
0.052078285062050172	-0.052686911364133573	-0.071346503261533425	-1	
0.051944095101807919	-0.052800666618142582	-0.071346923230664161	-1	
0.052320700426633525	-0.052320700426633483	-0.07134620156550911	-1	
0.052220700426633515	-0.052442770739133573	-0.071346306345154514	-1	
0.0058028645993259938	-0.1154020056712951	-0.012052301335628596	-1	
-0.052503805895383546	-0.052369151508039426	0.069214867127146432	-1	
-0.052416449099208041	-0.052503805895383462	0.069214922549138511	-1	
-0.052442770739133546	-0.052220700426633522	0.06921535871981456	-1	
-0.052220700426633473	-0.053053122301633462	0.069214749980482604	-1	
-0.052220700426633473	-0.052808981676633462	0.069215346163006813	-1	
-0.052220700426633473	-0.052564841051633462	0.069215779825697279	-1	
-0.052220700426633473	-0.053297262926633462	0.069214036290288966	-1	
-0.052220700426633473	-0.053541403551633462	0.069213265976990901	-1	
-0.052005318388290249	-0.053907614489133462	0.069213647133673464	-1	
-0.051964258202473086	-0.053663473864133462	0.069214778637705685	-1	
-0.052216505424030155	-0.05206091761099238	0.069215417536050025	-1	
-0.05232070042663356	-0.052098630114133522	0.069215770929527118	-1	
-0.05176982033080875	-0.05382169803087259	0.069215664799659446	-1	
-0.051632869818345223	-0.053624826617682947	0.069217174309598048	-1	
-0.05152556265313131	-0.053288515690641101	0.069218653926006402	-1	
-0.05152012824127495	-0.052838300848853187	0.069219422309920134	-1	
-0.051531416395278813	-0.05301064724956004	0.069219117918715142	-1	
-0.051644996409094854	-0.052736498700528905	0.069218836609737336	-1	
-0.051740734235124465	-0.052597305751459066	0.069218436142142264	-1	
-0.052060917610992415	-0.052216505424030127	0.069215938396046492	-1	
-0.051976559801633473	-0.052320700426633462	0.069217254319245552	-1	
-0.052148066935132853	-0.052148066935132888	0.069215486215608871	-1	
-0.051854489489133473	-0.052463115791216798	0.069217884479818539	-1	
0.052159665270383515	-0.052266781971499768	-0.071346515547347084	-1	
0.052098630114133515	-0.052320700426633573	-0.071346826397725591	-1	
0.052037594957883515	-0.052503805895383573	-0.071346954063982337	-1	
0.052234383680883213	-0.052234383680883179	-0.071346468410953462	-1	
0.052220700426633515	-0.052320700426633573	-0.071346407676628656	-1	
-0.052320700426633476	-0.052320700426633511	0.069215477528867114	-1	
-0.052220700426633473	-0.052442770739133462	0.069215900877718145	-1	
-0.052320700426633546	-0.052220700426633522	0.069215500976339356	-1	
-0.051953744071767248	-0.052976319971720448	0.069216657981495122	-1	
-0.051990938101210672	-0.053216879404949936	0.069215878317484839	-1	
-0.052078285062050152	-0.052686911364133462	0.069216413311651806	-1	
-0.051944095101807891	-0.052800666618142457	0.069217035527122772	-1	
-0.052037594957883473	-0.052503805895383462	0.069216853303821158	-1	
-0.051787287897481417	-0.053441335873962187	0.069216638548269066	-1	
-0.052266781971499768	-0.052159665270383522	0.069215623619783229	-1	
-0.051760153915082874	-0.053139478525269776	0.069217532990363526	-1	
-0.051667246589545412	-0.052903966123849247	0.069218501428157789	-1	
-0.051800480322248668	-0.052740920531018282	0.069217952951085099	-1	
-0.051914071427377521	-0.052627329425889414	0.069217433248523405	-1	
-0.052159665270383473	-0.052266781971499705	0.069216031505887107	-1	
-0.052098630114133473	-0.052320700426633462	0.069216596188179255	-1	
-0.052234383680883158	-0.052234383680883199	0.069215744441909463	-1	
-0.052220700426633473	-0.052320700426633462	0.069215949255901105	-1	
-0.051821133196770258	-0.052893756345631308	0.06921761321287441	-1	
9254
1	3	0	26	-1	-1	-1	0
0	4	2	26	-1	-1	-1	0
3	4	0	26	-1	-1	-1	0
1	6	3	26	-1	-1	-1	0
6	1	5	26	-1	-1	-1	0
4	8	2	26	-1	-1	-1	0
2	8	7	26	-1	-1	-1	0
3	10	4	0	-1	-1	-1	0
6	9	3	0	-1	-1	-1	0
3	9	10	0	-1	-1	-1	0
8	4	11	0	-1	-1	-1	0
13	6	5	26	-1	-1	-1	0
10	11	4	0	-1	-1	-1	0
15	9	6	0	-1	-1	-1	0
12	13	5	26	-1	-1	-1	0
7	8	17	26	-1	-1	-1	0
14	6	13	0	-1	-1	-1	0
15	6	14	0	-1	-1	-1	0
11	19	8	0	-1	-1	-1	0
21	10	9	0	-1	-1	-1	0
7	17	16	26	-1	-1	-1	0
18	17	8	0	-1	-1	-1	0
15	20	9	0	-1	-1	-1	0
18	8	19	0	-1	-1	-1	0
10	23	11	0	-1	-1	-1	0
21	9	20	0	-1	-1	-1	0
12	25	13	26	-1	-1	-1	0
25	14	13	0	-1	-1	-1	0
10	21	22	0	-1	-1	-1	0
19	11	23	0	-1	-1	-1	0
23	10	22	0	-1	-1	-1	0
15	14	27	0	-1	-1	-1	0
24	25	12	26	-1	-1	-1	0
29	20	15	0	-1	-1	-1	0
31	16	17	26	-1	-1	-1	0
25	26	14	0	-1	-1	-1	0
31	17	18	0	-1	-1	-1	0
26	27	14	0	-1	-1	-1	0
27	28	15	0	-1	-1	-1	0
19	33	18	0	-1	-1	-1	0
28	29	15	0	-1	-1	-1	0
20	35	21	0	-1	-1	-1	0
34	19	23	0	-1	-1	-1	0
31	30	16	26	-1	-1	-1	0
36	22	21	0	-1	-1	-1	0
18	32	31	0	-1	-1	-1	0
22	38	23	0	-1	-1	-1	0
18	33	32	0	-1	-1	-1	0
20	29	35	0	-1	-1	-1	0
19	34	33	0	-1	-1	-1	0
41	25	24	26	-1	-1	-1	0
21	35	36	0	-1	-1	-1	0
25	41	26	0	-1	-1	-1	0
27	26	42	0	-1	-1	-1	0
22	36	37	0	-1	-1	-1	0
39	34	23	0	-1	-1	-1	0
22	37	38	0	-1	-1	-1	0
38	39	23	0	-1	-1	-1	0
27	45	28	0	-1	-1	-1	0
28	47	29	3	-1	-1	-1	0
24	40	41	26	-1	-1	-1	0
41	43	26	0	-1	-1	-1	0
43	42	26	0	-1	-1	-1	0
31	51	30	26	-1	-1	-1	0
49	35	29	3	-1	-1	-1	0
44	27	42	0	-1	-1	-1	0
31	32	52	0	-1	-1	-1	0
27	44	46	0	-1	-1	-1	0
46	45	27	0	-1	-1	-1	0
32	33	54	0	-1	-1	-1	0
28	45	48	0	-1	-1	-1	0
47	28	48	3	-1	-1	-1	0
56	33	34	0	-1	-1	-1	0
47	49	29	3	-1	-1	-1	0
35	57	36	0	-1	-1	-1	0
34	39	56	0	-1	-1	-1	0
30	51	50	26	-1	-1	-1	0
58	37	36	0	-1	-1	-1	0
31	52	51	0	-1	-1	-1	0
60	38	37	0	-1	-1	-1	0
39	38	60	1	-1	-1	-1	0
53	52	32	0	-1	-1	-1	0
53	32	54	0	-1	-1	-1	0
35	49	57	3	-1	-1	-1	0
55	54	33	0	-1	-1	-1	0
55	33	56	0	-1	-1	-1	0
41	40	64	26	-1	-1	-1	0
64	43	41	0	-1	-1	-1	0
43	65	42	0	-1	-1	-1	0
42	65	44	0	-1	-1	-1	0
59	36	57	0	-1	-1	-1	0
59	58	36	0	-1	-1	-1	0
37	58	60	0	-1	-1	-1	0
56	39	61	1	-1	-1	-1	0
46	44	68	0	-1	-1	-1	0
46	69	45	0	-1	-1	-1	0
62	39	60	1	-1	-1	-1	0
39	62	61	1	-1	-1	-1	0
69	48	45	0	-1	-1	-1	0
48	71	47	3	-1	-1	-1	0
49	47	71	3	-1	-1	-1	0
40	63	64	26	-1	-1	-1	0
66	65	43	0	-1	-1	-1	0
67	43	64	0	-1	-1	-1	0
66	43	67	0	-1	-1	-1	0
50	51	75	26	-1	-1	-1	0
44	65	68	9	-1	-1	-1	-3.295380109164932
51	52	76	0	-1	-1	-1	0
73	57	49	3	-1	-1	-1	0
52	53	76	0	-1	-1	-1	0
68	70	46	0	-1	-1	-1	0
54	77	53	0	-1	-1	-1	0
70	69	46	0	-1	-1	-1	0
79	54	55	0	-1	-1	-1	0
69	72	48	0	-1	-1	-1	0
56	80	55	0	-1	-1	-1	0
48	72	71	3	-1	-1	-1	0
73	49	71	3	-1	-1	-1	0
80	56	61	0	-1	-1	-1	0
59	57	81	0	-1	-1	-1	0
50	75	74	26	-1	-1	-1	0
84	58	59	0	-1	-1	-1	0
58	83	60	0	-1	-1	-1	0
76	75	51	0	-1	-1	-1	0
83	62	60	1	-1	-1	-1	0
78	76	53	0	-1	-1	-1	0
53	77	78	0	-1	-1	-1	0
77	54	79	0	-1	-1	-1	0
87	61	62	1	-1	-1	-1	0
73	81	57	3	-1	-1	-1	0
80	79	55	0	-1	-1	-1	0
63	91	64	26	-1	-1	-1	0
64	91	67	0	-1	-1	-1	0
65	66	92	9	-1	-1	-1	-3.295380109164932
82	83	58	0	-1	-1	-1	0
58	84	82	0	-1	-1	-1	0
85	59	81	0	-1	-1	-1	0
65	93	68	9	-1	-1	-1	-3.295380109164932
66	67	94	0	-1	-1	-1	0
88	80	61	0	-1	-1	-1	0
86	84	59	0	-1	-1	-1	0
85	86	59	0	-1	-1	-1	0
89	62	83	1	-1	-1	-1	0
97	70	68	0	-1	-1	-1	0
87	88	61	0	-1	-1	-1	0
98	69	70	0	-1	-1	-1	0
89	87	62	1	-1	-1	-1	0
72	69	99	0	-1	-1	-1	0
91	63	90	26	-1	-1	-1	0
71	72	102	3	-1	-1	-1	0
71	103	73	3	-1	-1	-1	0
93	65	92	9	-1	-1	-1	-3.295380109164932
92	66	94	0	-1	-1	-1	0
96	67	91	0	-1	-1	-1	0
106	74	75	26	-1	-1	-1	0
94	67	95	0	-1	-1	-1	0
81	73	103	3	-1	-1	-1	0
95	67	96	0	-1	-1	-1	0
97	68	93	9	-1	-1	-1	-3.295380109164932
76	107	75	0	-1	-1	-1	0
78	108	76	0	-1	-1	-1	0
78	77	110	24	-1	-1	-1	3.2953801091649071
69	98	99	0	-1	-1	-1	0
79	110	77	0	-1	-1	-1	0
70	97	100	0	-1	-1	-1	0
103	85	81	3	-1	-1	-1	0
101	98	70	0	-1	-1	-1	0
70	100	101	0	-1	-1	-1	0
79	80	113	0	-1	-1	-1	0
99	104	72	0	-1	-1	-1	0
71	102	103	3	-1	-1	-1	0
102	72	104	3	-1	-1	-1	0
115	83	82	0	-1	-1	-1	0
114	82	84	0	-1	-1	-1	0
88	113	80	0	-1	-1	-1	0
105	74	106	26	-1	-1	-1	0
84	86	117	0	-1	-1	-1	0
115	89	83	1	-1	-1	-1	0
106	75	107	0	-1	-1	-1	0
86	85	118	0	-1	-1	-1	0
76	109	107	0	-1	-1	-1	0
108	109	76	0	-1	-1	-1	0
108	78	111	24	-1	-1	-1	3.2953801091649071
89	122	87	1	-1	-1	-1	0
88	87	123	0	-1	-1	-1	0
78	110	112	24	-1	-1	-1	3.2953801091649071
78	112	111	24	-1	-1	-1	3.2953801091649071
113	110	79	0	-1	-1	-1	0
103	119	85	3	-1	-1	-1	0
114	115	82	0	-1	-1	-1	0
91	90	131	26	-1	-1	-1	0
114	84	116	0	-1	-1	-1	0
117	116	84	0	-1	-1	-1	0
93	92	133	9	-1	-1	-1	-3.295380109164932
92	94	132	0	-1	-1	-1	0
91	131	96	0	-1	-1	-1	0
119	118	85	3	-1	-1	-1	0
119	103	102	3	-1	-1	-1	0
86	121	117	0	-1	-1	-1	0
120	86	118	0	-1	-1	-1	0
93	134	97	9	-1	-1	-1	-3.295380109164932
94	95	136	0	-1	-1	-1	0
88	125	113	0	-1	-1	-1	0
120	121	86	0	-1	-1	-1	0
95	96	137	0	-1	-1	-1	0
115	127	89	1	-1	-1	-1	0
87	122	123	0	-1	-1	-1	0
97	140	100	0	-1	-1	-1	0
88	123	126	0	-1	-1	-1	0
124	125	88	0	-1	-1	-1	0
141	99	98	0	-1	-1	-1	0
126	124	88	0	-1	-1	-1	0
141	98	101	0	-1	-1	-1	0
89	129	122	1	-1	-1	-1	0
89	127	128	1	-1	-1	-1	0
143	101	100	0	-1	-1	-1	0
142	104	99	0	-1	-1	-1	0
128	129	89	1	-1	-1	-1	0
125	110	113	0	-1	-1	-1	0
90	130	131	26	-1	-1	-1	0
104	146	102	3	-1	-1	-1	0
132	133	92	0	-1	-1	-1	0
93	133	134	9	-1	-1	-1	-3.295380109164932
149	105	106	26	-1	-1	-1	0
135	132	94	0	-1	-1	-1	0
107	150	106	0	-1	-1	-1	0
135	94	136	0	-1	-1	-1	0
131	139	96	0	-1	-1	-1	0
109	150	107	0	-1	-1	-1	0
146	119	102	3	-1	-1	-1	0
109	108	151	0	-1	-1	-1	0
136	95	137	11	-1	-1	-1	-3.2953801091649284
111	151	108	0	-1	-1	-1	0
134	140	97	9	-1	-1	-1	-3.295380109164932
137	96	138	0	-1	-1	-1	0
96	139	138	0	-1	-1	-1	0
110	154	112	24	-1	-1	-1	3.2953801091649071
112	155	111	24	-1	-1	-1	3.2953801091649071
142	99	141	0	-1	-1	-1	0
140	143	100	0	-1	-1	-1	0
101	144	141	0	-1	-1	-1	0
114	158	115	0	-1	-1	-1	0
154	110	125	0	-1	-1	-1	0
145	101	143	0	-1	-1	-1	0
159	114	116	0	-1	-1	-1	0
145	144	101	0	-1	-1	-1	0
160	116	117	0	-1	-1	-1	0
104	142	147	0	-1	-1	-1	0
146	104	147	3	-1	-1	-1	0
117	121	161	0	-1	-1	-1	0
115	158	127	1	-1	-1	-1	0
118	162	120	0	-1	-1	-1	0
118	119	163	3	-1	-1	-1	0
149	148	105	26	-1	-1	-1	0
149	106	150	0	-1	-1	-1	0
120	164	121	0	-1	-1	-1	0
122	165	123	0	-1	-1	-1	0
109	151	152	0	-1	-1	-1	0
109	153	150	0	-1	-1	-1	0
152	153	109	0	-1	-1	-1	0
165	126	123	0	-1	-1	-1	0
125	124	166	0	-1	-1	-1	0
129	165	122	0	-1	-1	-1	0
111	156	151	0	-1	-1	-1	0
167	124	126	0	-1	-1	-1	0
156	111	155	0	-1	-1	-1	0
154	157	112	24	-1	-1	-1	3.2953801091649071
155	112	157	24	-1	-1	-1	3.2953801091649071
127	171	128	1	-1	-1	-1	0
163	119	146	3	-1	-1	-1	0
128	173	129	1	-1	-1	-1	0
158	114	159	0	-1	-1	-1	0
160	159	116	0	-1	-1	-1	0
131	130	175	26	-1	-1	-1	0
160	117	161	0	-1	-1	-1	0
132	176	133	0	-1	-1	-1	0
162	118	163	3	-1	-1	-1	0
132	135	176	0	-1	-1	-1	0
131	175	139	0	-1	-1	-1	0
133	178	134	9	-1	-1	-1	-3.295380109164932
166	154	125	0	-1	-1	-1	0
162	164	120	0	-1	-1	-1	0
161	121	164	0	-1	-1	-1	0
182	135	136	0	-1	-1	-1	0
134	180	140	9	-1	-1	-1	-3.295380109164932
170	127	158	1	-1	-1	-1	0
166	124	167	0	-1	-1	-1	0
137	185	136	11	-1	-1	-1	-3.2953801091649284
169	126	165	0	-1	-1	-1	0
126	168	167	0	-1	-1	-1	0
137	138	186	0	-1	-1	-1	0
169	165	129	0	-1	-1	-1	0
169	168	126	0	-1	-1	-1	0
180	143	140	0	-1	-1	-1	0
139	187	138	0	-1	-1	-1	0
180	145	143	0	-1	-1	-1	0
171	127	170	1	-1	-1	-1	0
129	173	169	0	-1	-1	-1	0
172	128	171	1	-1	-1	-1	0
141	189	142	0	-1	-1	-1	0
128	172	173	1	-1	-1	-1	0
141	144	189	0	-1	-1	-1	0
175	130	174	26	-1	-1	-1	0
191	147	142	0	-1	-1	-1	0
145	192	144	0	-1	-1	-1	0
176	177	133	0	-1	-1	-1	0
146	147	195	3	-1	-1	-1	0
133	177	178	9	-1	-1	-1	-3.295380109164932
134	178	179	9	-1	-1	-1	-3.295380109164932
176	135	181	0	-1	-1	-1	0
179	180	134	9	-1	-1	-1	-3.295380109164932
148	149	197	26	-1	-1	-1	0
149	150	198	0	-1	-1	-1	0
183	181	135	0	-1	-1	-1	0
135	182	183	0	-1	-1	-1	0
198	150	153	0	-1	-1	-1	0
184	182	136	11	-1	-1	-1	-3.2953801091649284
139	175	188	0	-1	-1	-1	0
152	151	200	0	-1	-1	-1	0
146	195	163	3	-1	-1	-1	0
184	136	185	11	-1	-1	-1	-3.2953801091649284
199	151	156	0	-1	-1	-1	0
152	201	153	0	-1	-1	-1	0
137	186	185	11	-1	-1	-1	-3.2953801091649284
186	138	187	0	-1	-1	-1	0
157	154	202	24	-1	-1	-1	3.2953801091649071
139	188	187	0	-1	-1	-1	0
155	157	203	24	-1	-1	-1	3.2953801091649071
156	155	204	0	-1	-1	-1	0
180	194	145	0	-1	-1	-1	0
189	190	142	0	-1	-1	-1	0
202	154	166	0	-1	-1	-1	0
142	190	191	0	-1	-1	-1	0
193	189	144	0	-1	-1	-1	0
159	209	158	0	-1	-1	-1	0
159	160	210	0	-1	-1	-1	0
144	192	193	0	-1	-1	-1	0
194	192	145	0	-1	-1	-1	0
161	212	160	0	-1	-1	-1	0
147	191	195	3	-1	-1	-1	0
158	209	170	1	-1	-1	-1	0
164	213	161	0	-1	-1	-1	0
214	164	162	0	-1	-1	-1	0
215	162	163	3	-1	-1	-1	0
148	197	196	26	-1	-1	-1	0
198	197	149	0	-1	-1	-1	0
151	199	200	0	-1	-1	-1	0
167	217	166	0	-1	-1	-1	0
153	201	198	0	-1	-1	-1	0
179	194	180	9	-1	-1	-1	-3.295380109164932
201	152	200	22	-1	-1	-1	3.2953801091649408
219	167	168	0	-1	-1	-1	0
169	221	168	0	-1	-1	-1	0
156	205	199	0	-1	-1	-1	0
203	204	155	0	-1	-1	-1	0
222	171	170	1	-1	-1	-1	0
173	221	169	0	-1	-1	-1	0
206	156	204	0	-1	-1	-1	0
207	157	202	24	-1	-1	-1	3.2953801091649071
172	171	223	1	-1	-1	-1	0
205	156	206	0	-1	-1	-1	0
203	157	208	24	-1	-1	-1	3.2953801091649071
173	172	224	1	-1	-1	-1	0
207	208	157	24	-1	-1	-1	3.2953801091649071
163	195	215	3	-1	-1	-1	0
226	175	174	26	-1	-1	-1	0
159	210	209	0	-1	-1	-1	0
227	177	176	0	-1	-1	-1	0
160	211	210	0	-1	-1	-1	0
160	212	211	0	-1	-1	-1	0
228	178	177	9	-1	-1	-1	-3.295380109164932
227	176	181	0	-1	-1	-1	0
178	230	179	9	-1	-1	-1	-3.295380109164932
217	202	166	0	-1	-1	-1	0
175	226	188	0	-1	-1	-1	0
212	161	213	0	-1	-1	-1	0
214	162	215	3	-1	-1	-1	0
164	216	213	0	-1	-1	-1	0
164	214	216	0	-1	-1	-1	0
232	181	183	0	-1	-1	-1	0
183	182	234	0	-1	-1	-1	0
182	184	235	11	-1	-1	-1	-3.2953801091649284
170	209	222	1	-1	-1	-1	0
218	217	167	0	-1	-1	-1	0
179	231	194	9	-1	-1	-1	-3.295380109164932
167	219	218	0	-1	-1	-1	0
168	220	219	0	-1	-1	-1	0
185	239	184	11	-1	-1	-1	-3.2953801091649284
168	221	220	0	-1	-1	-1	0
186	241	185	0	-1	-1	-1	0
187	241	186	0	-1	-1	-1	0
222	223	171	1	-1	-1	-1	0
173	224	221	0	-1	-1	-1	0
223	224	172	1	-1	-1	-1	0
187	188	244	0	-1	-1	-1	0
226	174	225	26	-1	-1	-1	0
190	189	246	0	-1	-1	-1	0
245	189	193	0	-1	-1	-1	0
190	247	191	0	-1	-1	-1	0
229	177	227	0	-1	-1	-1	0
177	229	228	9	-1	-1	-1	-3.295380109164932
191	249	195	3	-1	-1	-1	0
192	250	193	0	-1	-1	-1	0
230	178	228	9	-1	-1	-1	-3.295380109164932
194	251	192	0	-1	-1	-1	0
231	179	230	9	-1	-1	-1	-3.295380109164932
233	227	181	0	-1	-1	-1	0
197	254	196	26	-1	-1	-1	0
233	181	232	0	-1	-1	-1	0
198	255	197	0	-1	-1	-1	0
183	236	232	0	-1	-1	-1	0
235	234	182	11	-1	-1	-1	-3.2953801091649284
237	183	234	0	-1	-1	-1	0
201	256	198	0	-1	-1	-1	0
237	236	183	0	-1	-1	-1	0
199	258	200	0	-1	-1	-1	0
184	238	235	11	-1	-1	-1	-3.2953801091649284
188	226	244	0	-1	-1	-1	0
195	249	215	3	-1	-1	-1	0
200	259	201	22	-1	-1	-1	3.2953801091649408
184	239	238	11	-1	-1	-1	-3.2953801091649284
258	199	205	0	-1	-1	-1	0
239	185	240	0	-1	-1	-1	0
185	241	240	0	-1	-1	-1	0
262	204	203	0	-1	-1	-1	0
241	187	242	0	-1	-1	-1	0
202	261	207	24	-1	-1	-1	3.2953801091649071
187	243	242	0	-1	-1	-1	0
208	262	203	24	-1	-1	-1	3.2953801091649071
187	244	243	0	-1	-1	-1	0
264	206	204	0	-1	-1	-1	0
194	231	251	9	-1	-1	-1	-3.295380109164932
266	205	206	0	-1	-1	-1	0
189	245	246	0	-1	-1	-1	0
217	261	202	0	-1	-1	-1	0
268	208	207	24	-1	-1	-1	3.2953801091649071
246	248	190	0	-1	-1	-1	0
247	190	248	0	-1	-1	-1	0
191	247	249	3	-1	-1	-1	0
233	229	227	0	-1	-1	-1	0
193	252	245	0	-1	-1	-1	0
271	209	210	0	-1	-1	-1	0
251	250	192	0	-1	-1	-1	0
211	273	210	0	-1	-1	-1	0
252	193	250	0	-1	-1	-1	0
274	211	212	0	-1	-1	-1	0
212	213	276	0	-1	-1	-1	0
222	209	271	1	-1	-1	-1	0
253	196	254	26	-1	-1	-1	0
254	197	255	0	-1	-1	-1	0
216	278	213	0	-1	-1	-1	0
279	214	215	3	-1	-1	-1	0
214	280	216	0	-1	-1	-1	0
255	198	257	0	-1	-1	-1	0
257	198	256	0	-1	-1	-1	0
200	258	259	22	-1	-1	-1	3.2953801091649408
256	201	260	22	-1	-1	-1	3.2953801091649408
218	282	217	0	-1	-1	-1	0
201	259	260	22	-1	-1	-1	3.2953801091649408
219	283	218	0	-1	-1	-1	0
286	219	220	0	-1	-1	-1	0
205	265	258	0	-1	-1	-1	0
221	287	220	0	-1	-1	-1	0
204	262	263	0	-1	-1	-1	0
263	264	204	0	-1	-1	-1	0
224	287	221	0	-1	-1	-1	0
222	288	223	1	-1	-1	-1	0
205	266	265	0	-1	-1	-1	0
268	207	261	24	-1	-1	-1	3.2953801091649071
267	206	264	0	-1	-1	-1	0
223	290	224	1	-1	-1	-1	0
206	267	266	0	-1	-1	-1	0
208	270	262	24	-1	-1	-1	3.2953801091649071
225	292	226	26	-1	-1	-1	0
215	249	281	3	-1	-1	-1	0
268	269	208	24	-1	-1	-1	3.2953801091649071
208	269	270	24	-1	-1	-1	3.2953801091649071
228	229	293	9	-1	-1	-1	-3.295380109164932
293	230	228	9	-1	-1	-1	-3.295380109164932
210	272	271	0	-1	-1	-1	0
273	272	210	0	-1	-1	-1	0
233	294	229	0	-1	-1	-1	0
231	230	295	9	-1	-1	-1	-3.295380109164932
275	273	211	0	-1	-1	-1	0
275	211	274	0	-1	-1	-1	0
217	282	261	0	-1	-1	-1	0
274	212	276	0	-1	-1	-1	0
292	244	226	0	-1	-1	-1	0
233	232	297	0	-1	-1	-1	0
232	236	296	0	-1	-1	-1	0
276	213	277	0	-1	-1	-1	0
278	277	213	0	-1	-1	-1	0
300	234	235	11	-1	-1	-1	-3.2953801091649284
300	237	234	11	-1	-1	-1	-3.2953801091649284
214	279	280	3	-1	-1	-1	0
278	216	280	0	-1	-1	-1	0
235	238	301	11	-1	-1	-1	-3.2953801091649284
215	281	279	3	-1	-1	-1	0
237	303	236	0	-1	-1	-1	0
295	251	231	9	-1	-1	-1	-3.295380109164932
222	271	288	1	-1	-1	-1	0
239	305	238	11	-1	-1	-1	-3.2953801091649284
218	283	282	0	-1	-1	-1	0
240	306	239	0	-1	-1	-1	0
219	285	283	0	-1	-1	-1	0
240	241	307	0	-1	-1	-1	0
284	285	219	0	-1	-1	-1	0
286	284	219	0	-1	-1	-1	0
308	241	242	0	-1	-1	-1	0
286	220	287	0	-1	-1	-1	0
243	309	242	0	-1	-1	-1	0
310	243	244	0	-1	-1	-1	0
289	223	288	1	-1	-1	-1	0
224	290	287	0	-1	-1	-1	0
290	223	289	1	-1	-1	-1	0
245	312	246	0	-1	-1	-1	0
246	313	248	0	-1	-1	-1	0
311	245	252	0	-1	-1	-1	0
291	292	225	26	-1	-1	-1	0
247	248	314	0	-1	-1	-1	0
249	247	315	3	-1	-1	-1	0
293	229	294	9	-1	-1	-1	-3.295380109164932
293	295	230	9	-1	-1	-1	-3.295380109164932
250	317	252	0	-1	-1	-1	0
251	318	250	0	-1	-1	-1	0
297	232	296	0	-1	-1	-1	0
298	294	233	0	-1	-1	-1	0
233	297	299	0	-1	-1	-1	0
253	254	322	26	-1	-1	-1	0
233	299	298	0	-1	-1	-1	0
255	323	254	0	-1	-1	-1	0
302	296	236	0	-1	-1	-1	0
257	323	255	0	-1	-1	-1	0
235	301	300	11	-1	-1	-1	-3.2953801091649284
257	256	324	0	-1	-1	-1	0
324	256	260	0	-1	-1	-1	0
237	300	304	11	-1	-1	-1	-3.2953801091649284
302	236	303	0	-1	-1	-1	0
238	305	301	11	-1	-1	-1	-3.2953801091649284
304	303	237	11	-1	-1	-1	-3.2953801091649284
259	258	327	22	-1	-1	-1	3.2953801091649408
281	249	315	3	-1	-1	-1	0
310	244	292	0	-1	-1	-1	0
259	328	260	22	-1	-1	-1	3.2953801091649408
239	306	305	0	-1	-1	-1	0
327	258	265	22	-1	-1	-1	3.2953801091649408
307	306	240	0	-1	-1	-1	0
308	307	241	0	-1	-1	-1	0
262	332	263	0	-1	-1	-1	0
308	242	309	17	-1	-1	-1	-3.2953801091649271
261	331	268	24	-1	-1	-1	3.2953801091649071
263	334	264	0	-1	-1	-1	0
309	243	310	0	-1	-1	-1	0
295	318	251	9	-1	-1	-1	-3.295380109164932
332	262	270	24	-1	-1	-1	3.2953801091649071
264	335	267	0	-1	-1	-1	0
311	312	245	0	-1	-1	-1	0
266	337	265	0	-1	-1	-1	0
268	331	269	24	-1	-1	-1	3.2953801091649071
313	246	312	0	-1	-1	-1	0
267	338	266	0	-1	-1	-1	0
330	261	282	0	-1	-1	-1	0
247	314	315	3	-1	-1	-1	0
248	313	316	0	-1	-1	-1	0
316	314	248	0	-1	-1	-1	0
342	270	269	24	-1	-1	-1	3.2953801091649071
311	252	319	0	-1	-1	-1	0
250	318	317	0	-1	-1	-1	0
272	345	271	0	-1	-1	-1	0
317	320	252	0	-1	-1	-1	0
346	272	273	0	-1	-1	-1	0
252	320	319	0	-1	-1	-1	0
347	273	275	0	-1	-1	-1	0
253	322	321	26	-1	-1	-1	0
274	348	275	0	-1	-1	-1	0
349	274	276	0	-1	-1	-1	0
322	254	323	0	-1	-1	-1	0
288	271	344	1	-1	-1	-1	0
277	352	276	0	-1	-1	-1	0
257	324	325	0	-1	-1	-1	0
257	326	323	0	-1	-1	-1	0
278	353	277	0	-1	-1	-1	0
325	326	257	0	-1	-1	-1	0
324	260	329	0	-1	-1	-1	0
278	280	355	0	-1	-1	-1	0
328	259	327	22	-1	-1	-1	3.2953801091649408
356	280	279	3	-1	-1	-1	0
356	279	281	3	-1	-1	-1	0
260	328	329	0	-1	-1	-1	0
344	289	288	1	-1	-1	-1	0
261	330	331	24	-1	-1	-1	3.2953801091649071
357	282	283	0	-1	-1	-1	0
357	283	285	0	-1	-1	-1	0
333	263	332	0	-1	-1	-1	0
336	327	265	22	-1	-1	-1	3.2953801091649408
285	284	359	0	-1	-1	-1	0
358	284	286	0	-1	-1	-1	0
333	334	263	0	-1	-1	-1	0
335	264	334	0	-1	-1	-1	0
363	286	287	0	-1	-1	-1	0
265	337	336	22	-1	-1	-1	3.2953801091649408
363	287	290	0	-1	-1	-1	0
266	338	337	0	-1	-1	-1	0
269	331	342	24	-1	-1	-1	3.2953801091649071
340	267	335	0	-1	-1	-1	0
289	366	290	1	-1	-1	-1	0
343	332	270	24	-1	-1	-1	3.2953801091649071
339	267	340	0	-1	-1	-1	0
267	341	338	0	-1	-1	-1	0
267	339	341	0	-1	-1	-1	0
292	291	369	26	-1	-1	-1	0
281	315	356	3	-1	-1	-1	0
270	342	343	24	-1	-1	-1	3.2953801091649071
293	294	370	9	-1	-1	-1	-3.295380109164932
293	370	295	9	-1	-1	-1	-3.295380109164932
345	344	271	1	-1	-1	-1	0
345	272	346	0	-1	-1	-1	0
371	294	298	0	-1	-1	-1	0
273	347	346	0	-1	-1	-1	0
296	374	297	0	-1	-1	-1	0
282	357	330	0	-1	-1	-1	0
369	310	292	0	-1	-1	-1	0
349	348	274	0	-1	-1	-1	0
275	350	347	0	-1	-1	-1	0
377	299	297	0	-1	-1	-1	0
375	296	302	0	-1	-1	-1	0
275	348	351	0	-1	-1	-1	0
299	378	298	0	-1	-1	-1	0
350	275	351	0	-1	-1	-1	0
349	276	352	0	-1	-1	-1	0
381	300	301	11	-1	-1	-1	-3.2953801091649284
277	354	352	0	-1	-1	-1	0
353	354	277	0	-1	-1	-1	0
304	300	381	11	-1	-1	-1	-3.2953801091649284
355	353	278	0	-1	-1	-1	0
318	295	373	9	-1	-1	-1	-3.295380109164932
305	382	301	11	-1	-1	-1	-3.2953801091649284
303	383	302	0	-1	-1	-1	0
303	304	384	11	-1	-1	-1	-3.2953801091649284
355	280	356	3	-1	-1	-1	0
305	306	386	0	-1	-1	-1	0
387	306	307	0	-1	-1	-1	0
367	289	344	1	-1	-1	-1	0
284	358	359	0	-1	-1	-1	0
361	357	285	0	-1	-1	-1	0
388	307	308	0	-1	-1	-1	0
360	285	359	0	-1	-1	-1	0
285	360	362	0	-1	-1	-1	0
364	358	286	0	-1	-1	-1	0
361	285	362	0	-1	-1	-1	0
309	391	308	17	-1	-1	-1	-3.2953801091649271
392	309	310	0	-1	-1	-1	0
363	365	286	0	-1	-1	-1	0
365	364	286	0	-1	-1	-1	0
290	366	363	0	-1	-1	-1	0
312	311	396	0	-1	-1	-1	0
366	289	367	1	-1	-1	-1	0
312	398	313	0	-1	-1	-1	0
311	319	395	0	-1	-1	-1	0
313	398	316	0	-1	-1	-1	0
368	369	291	26	-1	-1	-1	0
314	400	315	3	-1	-1	-1	0
316	399	314	0	-1	-1	-1	0
370	294	372	9	-1	-1	-1	-3.295380109164932
371	372	294	9	-1	-1	-1	-3.295380109164932
318	402	317	0	-1	-1	-1	0
373	295	370	9	-1	-1	-1	-3.295380109164932
402	320	317	0	-1	-1	-1	0
319	320	403	0	-1	-1	-1	0
296	375	374	0	-1	-1	-1	0
374	376	297	0	-1	-1	-1	0
379	371	298	0	-1	-1	-1	0
407	321	322	26	-1	-1	-1	0
297	376	377	0	-1	-1	-1	0
322	323	408	0	-1	-1	-1	0
379	298	378	0	-1	-1	-1	0
377	380	299	0	-1	-1	-1	0
408	323	326	0	-1	-1	-1	0
299	380	378	0	-1	-1	-1	0
410	325	324	0	-1	-1	-1	0
383	375	302	0	-1	-1	-1	0
411	326	325	0	-1	-1	-1	0
409	324	329	0	-1	-1	-1	0
301	382	381	11	-1	-1	-1	-3.2953801091649284
328	327	412	22	-1	-1	-1	3.2953801091649408
384	383	303	11	-1	-1	-1	-3.2953801091649284
381	385	304	11	-1	-1	-1	-3.2953801091649284
315	400	356	3	-1	-1	-1	0
328	414	329	0	-1	-1	-1	0
393	310	369	0	-1	-1	-1	0
305	386	382	0	-1	-1	-1	0
384	304	385	11	-1	-1	-1	-3.2953801091649284
336	413	327	22	-1	-1	-1	3.2953801091649408
387	386	306	0	-1	-1	-1	0
418	331	330	24	-1	-1	-1	3.2953801091649071
387	307	389	0	-1	-1	-1	0
419	333	332	0	-1	-1	-1	0
307	388	389	0	-1	-1	-1	0
390	388	308	17	-1	-1	-1	-3.2953801091649271
420	334	333	0	-1	-1	-1	0
390	308	391	17	-1	-1	-1	-3.2953801091649271
335	334	421	0	-1	-1	-1	0
418	342	331	24	-1	-1	-1	3.2953801091649071
309	392	391	17	-1	-1	-1	-3.2953801091649271
373	402	318	9	-1	-1	-1	-3.295380109164932
332	343	419	24	-1	-1	-1	3.2953801091649071
366	365	363	0	-1	-1	-1	0
392	310	394	0	-1	-1	-1	0
424	336	337	22	-1	-1	-1	3.2953801091649408
310	393	394	0	-1	-1	-1	0
423	340	335	0	-1	-1	-1	0
338	425	337	0	-1	-1	-1	0
311	395	396	0	-1	-1	-1	0
330	357	417	0	-1	-1	-1	0
425	338	341	0	-1	-1	-1	0
397	312	396	0	-1	-1	-1	0
341	339	427	0	-1	-1	-1	0
340	428	339	0	-1	-1	-1	0
312	397	398	0	-1	-1	-1	0
399	400	314	3	-1	-1	-1	0
372	373	370	9	-1	-1	-1	-3.295380109164932
316	398	401	0	-1	-1	-1	0
343	342	431	24	-1	-1	-1	3.2953801091649071
316	401	399	0	-1	-1	-1	0
319	404	395	0	-1	-1	-1	0
345	432	344	1	-1	-1	-1	0
346	433	345	0	-1	-1	-1	0
404	319	403	0	-1	-1	-1	0
405	320	402	0	-1	-1	-1	0
320	405	403	0	-1	-1	-1	0
346	347	436	0	-1	-1	-1	0
436	347	350	0	-1	-1	-1	0
348	349	437	0	-1	-1	-1	0
321	407	406	26	-1	-1	-1	0
408	407	322	0	-1	-1	-1	0
438	351	348	0	-1	-1	-1	0
349	352	439	0	-1	-1	-1	0
351	441	350	25	-1	-1	-1	0
344	432	367	1	-1	-1	-1	0
410	324	409	0	-1	-1	-1	0
439	352	354	0	-1	-1	-1	0
326	411	408	0	-1	-1	-1	0
411	325	410	16	-1	-1	-1	3.29538010916494
354	353	443	0	-1	-1	-1	0
412	327	413	22	-1	-1	-1	3.2953801091649408
353	355	444	0	-1	-1	-1	0
412	414	328	0	-1	-1	-1	0
329	416	409	0	-1	-1	-1	0
415	329	414	0	-1	-1	-1	0
447	355	356	3	-1	-1	-1	0
415	416	329	0	-1	-1	-1	0
330	417	418	24	-1	-1	-1	3.2953801091649071
357	361	448	0	-1	-1	-1	0
449	359	358	0	-1	-1	-1	0
359	451	360	0	-1	-1	-1	0
419	420	333	0	-1	-1	-1	0
450	358	364	0	-1	-1	-1	0
424	413	336	22	-1	-1	-1	3.2953801091649408
452	362	360	0	-1	-1	-1	0
334	420	421	0	-1	-1	-1	0
362	453	361	0	-1	-1	-1	0
421	422	335	0	-1	-1	-1	0
423	335	422	0	-1	-1	-1	0
455	364	365	0	-1	-1	-1	0
337	426	424	22	-1	-1	-1	3.2953801091649408
337	425	426	22	-1	-1	-1	3.2953801091649408
457	365	366	0	-1	-1	-1	0
366	367	457	1	-1	-1	-1	0
418	431	342	24	-1	-1	-1	3.2953801091649071
429	340	423	0	-1	-1	-1	0
431	419	343	24	-1	-1	-1	3.2953801091649071
428	427	339	0	-1	-1	-1	0
425	341	430	0	-1	-1	-1	0
340	429	428	0	-1	-1	-1	0
427	430	341	0	-1	-1	-1	0
369	368	461	26	-1	-1	-1	0
400	447	356	3	-1	-1	-1	0
371	462	372	9	-1	-1	-1	-3.295380109164932
464	373	372	9	-1	-1	-1	-3.295380109164932
345	434	432	1	-1	-1	-1	0
433	434	345	0	-1	-1	-1	0
379	463	371	0	-1	-1	-1	0
346	435	433	0	-1	-1	-1	0
375	465	374	0	-1	-1	-1	0
374	466	376	0	-1	-1	-1	0
436	435	346	0	-1	-1	-1	0
469	377	376	25	-1	-1	-1	0
448	417	357	0	-1	-1	-1	0
393	369	461	0	-1	-1	-1	0
437	438	348	0	-1	-1	-1	0
437	349	439	0	-1	-1	-1	0
467	375	383	0	-1	-1	-1	0
440	436	350	25	-1	-1	-1	0
470	380	377	25	-1	-1	-1	0
378	471	379	0	-1	-1	-1	0
380	471	378	0	-1	-1	-1	0
351	438	442	25	-1	-1	-1	0
350	441	440	25	-1	-1	-1	0
441	351	442	25	-1	-1	-1	0
381	382	475	11	-1	-1	-1	-3.2953801091649284
402	373	464	9	-1	-1	-1	-3.295380109164932
354	446	439	0	-1	-1	-1	0
444	443	353	0	-1	-1	-1	0
381	475	385	11	-1	-1	-1	-3.2953801091649284
443	445	354	0	-1	-1	-1	0
384	477	383	11	-1	-1	-1	-3.2953801091649284
476	382	386	0	-1	-1	-1	0
354	445	446	0	-1	-1	-1	0
444	355	447	3	-1	-1	-1	0
478	384	385	11	-1	-1	-1	-3.2953801091649284
476	386	387	0	-1	-1	-1	0
389	479	387	0	-1	-1	-1	0
358	450	449	0	-1	-1	-1	0
389	388	480	0	-1	-1	-1	0
367	432	458	1	-1	-1	-1	0
388	390	481	17	-1	-1	-1	-3.2953801091649271
451	359	449	0	-1	-1	-1	0
361	453	448	0	-1	-1	-1	0
451	452	360	0	-1	-1	-1	0
391	485	390	17	-1	-1	-1	-3.2953801091649271
452	454	362	0	-1	-1	-1	0
453	362	454	0	-1	-1	-1	0
364	456	450	0	-1	-1	-1	0
391	392	487	0	-1	-1	-1	0
402	464	405	9	-1	-1	-1	-3.295380109164932
394	487	392	0	-1	-1	-1	0
456	364	455	0	-1	-1	-1	0
394	393	488	0	-1	-1	-1	0
457	455	365	0	-1	-1	-1	0
395	491	396	25	-1	-1	-1	0
459	457	367	1	-1	-1	-1	0
367	458	459	1	-1	-1	-1	0
492	397	396	25	-1	-1	-1	0
397	493	398	0	-1	-1	-1	0
490	395	404	25	-1	-1	-1	0
460	461	368	26	-1	-1	-1	0
401	398	493	0	-1	-1	-1	0
399	495	400	3	-1	-1	-1	0
401	495	399	0	-1	-1	-1	0
371	463	462	9	-1	-1	-1	-3.295380109164932
372	462	464	9	-1	-1	-1	-3.295380109164932
374	465	466	0	-1	-1	-1	0
498	403	405	0	-1	-1	-1	0
403	499	404	0	-1	-1	-1	0
375	467	465	0	-1	-1	-1	0
376	466	468	25	-1	-1	-1	0
469	376	468	25	-1	-1	-1	0
472	463	379	0	-1	-1	-1	0
407	502	406	26	-1	-1	-1	0
469	470	377	25	-1	-1	-1	0
408	503	407	0	-1	-1	-1	0
471	472	379	0	-1	-1	-1	0
411	504	408	0	-1	-1	-1	0
471	380	473	25	-1	-1	-1	0
380	470	474	25	-1	-1	-1	0
458	432	434	1	-1	-1	-1	0
506	410	409	0	-1	-1	-1	0
473	380	474	25	-1	-1	-1	0
477	467	383	11	-1	-1	-1	-3.2953801091649284
411	410	508	16	-1	-1	-1	3.29538010916494
409	416	506	0	-1	-1	-1	0
476	475	382	0	-1	-1	-1	0
413	509	412	22	-1	-1	-1	3.2953801091649408
509	414	412	0	-1	-1	-1	0
385	475	478	11	-1	-1	-1	-3.2953801091649284
477	384	478	11	-1	-1	-1	-3.2953801091649284
414	513	415	0	-1	-1	-1	0
488	393	461	0	-1	-1	-1	0
476	387	479	0	-1	-1	-1	0
496	447	400	3	-1	-1	-1	0
415	514	416	0	-1	-1	-1	0
424	510	413	22	-1	-1	-1	3.2953801091649408
481	480	388	17	-1	-1	-1	-3.2953801091649271
389	482	479	0	-1	-1	-1	0
483	389	480	0	-1	-1	-1	0
518	418	417	24	-1	-1	-1	3.2953801091649071
483	482	389	0	-1	-1	-1	0
390	484	481	17	-1	-1	-1	-3.2953801091649271
419	519	420	0	-1	-1	-1	0
390	485	484	17	-1	-1	-1	-3.2953801091649271
424	426	510	22	-1	-1	-1	3.2953801091649408
486	485	391	0	-1	-1	-1	0
420	521	421	0	-1	-1	-1	0
391	487	486	0	-1	-1	-1	0
421	522	422	0	-1	-1	-1	0
498	405	464	9	-1	-1	-1	-3.295380109164932
418	518	431	24	-1	-1	-1	3.2953801091649071
523	423	422	25	-1	-1	-1	0
520	419	431	24	-1	-1	-1	3.2953801091649071
394	489	487	0	-1	-1	-1	0
394	488	489	0	-1	-1	-1	0
459	455	457	0	-1	-1	-1	0
491	395	490	25	-1	-1	-1	0
423	525	429	25	-1	-1	-1	0
527	426	425	22	-1	-1	-1	3.2953801091649408
396	491	492	25	-1	-1	-1	0
448	517	417	0	-1	-1	-1	0
425	430	527	22	-1	-1	-1	3.2953801091649408
397	492	494	25	-1	-1	-1	0
494	493	397	25	-1	-1	-1	0
427	428	530	0	-1	-1	-1	0
427	529	430	0	-1	-1	-1	0
429	531	428	0	-1	-1	-1	0
496	400	495	3	-1	-1	-1	0
493	497	401	0	-1	-1	-1	0
401	497	495	0	-1	-1	-1	0
490	404	500	25	-1	-1	-1	0
403	498	499	0	-1	-1	-1	0
534	434	433	0	-1	-1	-1	0
435	534	433	0	-1	-1	-1	0
499	500	404	25	-1	-1	-1	0
536	435	436	25	-1	-1	-1	0
406	502	501	26	-1	-1	-1	0
536	436	440	25	-1	-1	-1	0
407	503	502	0	-1	-1	-1	0
438	437	538	0	-1	-1	-1	0
439	538	437	0	-1	-1	-1	0
505	503	408	0	-1	-1	-1	0
408	504	505	0	-1	-1	-1	0
438	539	442	25	-1	-1	-1	0
441	540	440	32	-1	-1	-1	0
410	506	507	16	-1	-1	-1	3.29538010916494
538	439	446	0	-1	-1	-1	0
508	504	411	16	-1	-1	-1	3.29538010916494
507	508	410	16	-1	-1	-1	3.29538010916494
441	442	542	32	-1	-1	-1	0
434	535	458	25	-1	-1	-1	0
544	443	444	0	-1	-1	-1	0
413	511	509	22	-1	-1	-1	3.2953801091649408
445	443	545	0	-1	-1	-1	0
413	510	511	22	-1	-1	-1	3.2953801091649408
414	509	512	0	-1	-1	-1	0
546	444	447	3	-1	-1	-1	0
516	506	416	0	-1	-1	-1	0
414	512	513	0	-1	-1	-1	0
548	446	445	25	-1	-1	-1	0
515	415	513	0	-1	-1	-1	0
515	514	415	0	-1	-1	-1	0
514	516	416	0	-1	-1	-1	0
449	450	551	25	-1	-1	-1	0
550	448	453	0	-1	-1	-1	0
451	449	552	25	-1	-1	-1	0
517	518	417	24	-1	-1	-1	3.2953801091649071
452	451	554	25	-1	-1	-1	0
419	520	519	24	-1	-1	-1	3.2953801091649071
456	553	450	25	-1	-1	-1	0
420	519	521	0	-1	-1	-1	0
454	452	555	25	-1	-1	-1	0
556	453	454	0	-1	-1	-1	0
510	426	528	22	-1	-1	-1	3.2953801091649408
421	521	522	0	-1	-1	-1	0
524	422	522	25	-1	-1	-1	0
523	422	524	25	-1	-1	-1	0
455	558	456	0	-1	-1	-1	0
520	431	518	24	-1	-1	-1	3.2953801091649071
423	523	526	25	-1	-1	-1	0
459	558	455	0	-1	-1	-1	0
525	423	526	25	-1	-1	-1	0
459	458	560	25	-1	-1	-1	0
527	528	426	22	-1	-1	-1	3.2953801091649408
562	461	460	26	-1	-1	-1	0
427	530	529	0	-1	-1	-1	0
525	532	429	25	-1	-1	-1	0
463	563	462	9	-1	-1	-1	-3.295380109164932
464	462	563	9	-1	-1	-1	-3.295380109164932
447	496	546	3	-1	-1	-1	0
428	531	530	0	-1	-1	-1	0
527	430	533	22	-1	-1	-1	3.2953801091649408
429	532	531	25	-1	-1	-1	0
529	533	430	22	-1	-1	-1	3.2953801091649408
565	465	467	0	-1	-1	-1	0
465	566	466	0	-1	-1	-1	0
564	463	472	0	-1	-1	-1	0
468	466	567	25	-1	-1	-1	0
434	534	535	0	-1	-1	-1	0
469	468	568	32	-1	-1	-1	0
435	537	534	25	-1	-1	-1	0
537	435	536	25	-1	-1	-1	0
565	467	477	11	-1	-1	-1	-3.2953801091649284
470	469	571	25	-1	-1	-1	0
461	562	488	0	-1	-1	-1	0
517	448	550	0	-1	-1	-1	0
438	538	539	25	-1	-1	-1	0
571	474	470	25	-1	-1	-1	0
572	472	471	25	-1	-1	-1	0
572	471	473	25	-1	-1	-1	0
440	541	536	32	-1	-1	-1	0
474	574	473	25	-1	-1	-1	0
440	540	541	32	-1	-1	-1	0
542	540	441	32	-1	-1	-1	0
543	442	539	32	-1	-1	-1	0
464	563	498	9	-1	-1	-1	-3.295380109164932
475	476	576	0	-1	-1	-1	0
543	542	442	32	-1	-1	-1	0
575	478	475	11	-1	-1	-1	-3.2953801091649284
443	544	545	0	-1	-1	-1	0
549	538	446	25	-1	-1	-1	0
476	479	578	0	-1	-1	-1	0
579	477	478	11	-1	-1	-1	-3.2953801091649284
546	544	444	0	-1	-1	-1	0
547	445	545	25	-1	-1	-1	0
445	547	548	25	-1	-1	-1	0
479	482	581	0	-1	-1	-1	0
548	549	446	25	-1	-1	-1	0
582	480	481	17	-1	-1	-1	-3.2953801091649271
582	483	480	17	-1	-1	-1	-3.2953801091649271
583	481	484	17	-1	-1	-1	-3.2953801091649271
528	511	510	22	-1	-1	-1	3.2953801091649408
483	585	482	0	-1	-1	-1	0
449	551	552	25	-1	-1	-1	0
535	560	458	25	-1	-1	-1	0
553	551	450	25	-1	-1	-1	0
485	587	484	17	-1	-1	-1	-3.2953801091649271
554	451	552	25	-1	-1	-1	0
486	588	485	0	-1	-1	-1	0
550	453	556	0	-1	-1	-1	0
452	554	555	25	-1	-1	-1	0
486	487	589	0	-1	-1	-1	0
555	557	454	25	-1	-1	-1	0
487	489	590	0	-1	-1	-1	0
557	556	454	25	-1	-1	-1	0
553	456	559	25	-1	-1	-1	0
593	489	488	0	-1	-1	-1	0
456	558	559	25	-1	-1	-1	0
490	594	491	32	-1	-1	-1	0
459	560	558	0	-1	-1	-1	0
492	491	596	32	-1	-1	-1	0
562	460	561	26	-1	-1	-1	0
492	597	494	32	-1	-1	-1	0
493	494	598	25	-1	-1	-1	0
490	500	595	32	-1	-1	-1	0
493	598	497	25	-1	-1	-1	0
564	563	463	25	-1	-1	-1	0
495	600	496	25	-1	-1	-1	0
495	497	600	0	-1	-1	-1	0
566	465	565	0	-1	-1	-1	0
566	567	466	25	-1	-1	-1	0
498	603	499	0	-1	-1	-1	0
500	499	604	25	-1	-1	-1	0
567	569	468	32	-1	-1	-1	0
468	569	568	32	-1	-1	-1	0
535	534	537	25	-1	-1	-1	0
568	570	469	32	-1	-1	-1	0
564	472	573	25	-1	-1	-1	0
570	571	469	32	-1	-1	-1	0
502	608	501	26	-1	-1	-1	0
503	609	502	0	-1	-1	-1	0
609	503	505	0	-1	-1	-1	0
573	472	572	25	-1	-1	-1	0
574	474	571	25	-1	-1	-1	0
574	572	473	25	-1	-1	-1	0
504	610	505	0	-1	-1	-1	0
565	477	580	11	-1	-1	-1	-3.2953801091649284
508	610	504	0	-1	-1	-1	0
507	506	612	16	-1	-1	-1	3.29538010916494
575	475	576	0	-1	-1	-1	0
539	538	549	25	-1	-1	-1	0
476	577	576	0	-1	-1	-1	0
507	614	508	16	-1	-1	-1	3.29538010916494
476	578	577	0	-1	-1	-1	0
579	478	575	11	-1	-1	-1	-3.2953801091649284
506	516	612	16	-1	-1	-1	3.29538010916494
580	477	579	11	-1	-1	-1	-3.2953801091649284
616	509	511	22	-1	-1	-1	3.2953801091649408
512	509	616	0	-1	-1	-1	0
578	479	581	0	-1	-1	-1	0
562	591	488	0	-1	-1	-1	0
546	496	601	25	-1	-1	-1	0
513	512	619	0	-1	-1	-1	0
481	583	582	17	-1	-1	-1	-3.2953801091649271
584	581	482	0	-1	-1	-1	0
513	620	515	0	-1	-1	-1	0
515	621	514	0	-1	-1	-1	0
482	585	584	0	-1	-1	-1	0
621	516	514	0	-1	-1	-1	0
483	582	586	17	-1	-1	-1	-3.2953801091649271
484	587	583	17	-1	-1	-1	-3.2953801091649271
586	585	483	17	-1	-1	-1	-3.2953801091649271
511	528	617	22	-1	-1	-1	3.2953801091649408
587	485	588	0	-1	-1	-1	0
517	626	518	24	-1	-1	-1	3.2953801091649071
589	588	486	0	-1	-1	-1	0
563	603	498	25	-1	-1	-1	0
520	518	627	24	-1	-1	-1	3.2953801091649071
487	590	589	0	-1	-1	-1	0
628	519	520	24	-1	-1	-1	3.2953801091649071
628	521	519	0	-1	-1	-1	0
591	592	488	0	-1	-1	-1	0
489	593	590	19	-1	-1	-1	-3.2953801091649222
522	521	629	0	-1	-1	-1	0
593	488	592	0	-1	-1	-1	0
629	524	522	25	-1	-1	-1	0
524	631	523	32	-1	-1	-1	0
630	526	523	32	-1	-1	-1	0
490	595	594	32	-1	-1	-1	0
596	491	594	32	-1	-1	-1	0
596	597	492	32	-1	-1	-1	0
526	634	525	25	-1	-1	-1	0
494	597	599	32	-1	-1	-1	0
545	544	601	0	-1	-1	-1	0
527	636	528	22	-1	-1	-1	3.2953801091649408
599	598	494	32	-1	-1	-1	0
525	634	532	25	-1	-1	-1	0
601	544	546	0	-1	-1	-1	0
550	626	517	0	-1	-1	-1	0
530	637	529	0	-1	-1	-1	0
527	533	636	22	-1	-1	-1	3.2953801091649408
602	497	598	25	-1	-1	-1	0
496	600	601	25	-1	-1	-1	0
497	602	600	25	-1	-1	-1	0
531	638	530	0	-1	-1	-1	0
529	637	533	22	-1	-1	-1	3.2953801091649408
595	500	605	32	-1	-1	-1	0
531	532	639	25	-1	-1	-1	0
604	499	603	25	-1	-1	-1	0
606	500	604	25	-1	-1	-1	0
566	565	580	25	-1	-1	-1	0
500	606	605	32	-1	-1	-1	0
644	535	537	25	-1	-1	-1	0
501	608	607	26	-1	-1	-1	0
536	645	537	32	-1	-1	-1	0
502	609	608	0	-1	-1	-1	0
541	645	536	32	-1	-1	-1	0
609	505	611	0	-1	-1	-1	0
505	610	611	0	-1	-1	-1	0
543	539	647	32	-1	-1	-1	0
540	648	541	32	-1	-1	-1	0
563	564	603	25	-1	-1	-1	0
542	648	540	32	-1	-1	-1	0
507	612	613	16	-1	-1	-1	3.29538010916494
610	508	615	0	-1	-1	-1	0
614	507	613	16	-1	-1	-1	3.29538010916494
647	539	549	32	-1	-1	-1	0
542	543	650	32	-1	-1	-1	0
614	615	508	0	-1	-1	-1	0
535	644	560	25	-1	-1	-1	0
617	616	511	22	-1	-1	-1	3.2953801091649408
547	545	653	25	-1	-1	-1	0
618	512	616	0	-1	-1	-1	0
618	619	512	0	-1	-1	-1	0
548	547	655	32	-1	-1	-1	0
620	513	619	0	-1	-1	-1	0
548	656	549	32	-1	-1	-1	0
612	516	625	16	-1	-1	-1	3.29538010916494
515	620	622	0	-1	-1	-1	0
515	622	623	0	-1	-1	-1	0
515	624	621	0	-1	-1	-1	0
558	644	559	25	-1	-1	-1	0
552	551	658	32	-1	-1	-1	0
516	621	625	16	-1	-1	-1	3.29538010916494
515	623	624	0	-1	-1	-1	0
644	558	560	25	-1	-1	-1	0
659	551	553	32	-1	-1	-1	0
556	657	550	0	-1	-1	-1	0
554	552	660	25	-1	-1	-1	0
555	554	660	25	-1	-1	-1	0
518	626	627	24	-1	-1	-1	3.2953801091649071
559	662	553	32	-1	-1	-1	0
555	663	557	25	-1	-1	-1	0
628	520	627	24	-1	-1	-1	3.2953801091649071
557	664	556	25	-1	-1	-1	0
629	521	628	0	-1	-1	-1	0
617	528	636	22	-1	-1	-1	3.2953801091649408
523	631	630	32	-1	-1	-1	0
633	524	629	25	-1	-1	-1	0
632	631	524	32	-1	-1	-1	0
524	633	632	32	-1	-1	-1	0
561	668	562	26	-1	-1	-1	0
526	630	635	32	-1	-1	-1	0
526	635	634	32	-1	-1	-1	0
653	545	601	25	-1	-1	-1	0
601	600	602	25	-1	-1	-1	0
638	637	530	0	-1	-1	-1	0
672	567	566	25	-1	-1	-1	0
564	573	669	25	-1	-1	-1	0
634	641	532	25	-1	-1	-1	0
638	531	639	25	-1	-1	-1	0
567	673	569	25	-1	-1	-1	0
568	569	674	32	-1	-1	-1	0
532	640	639	25	-1	-1	-1	0
642	636	533	22	-1	-1	-1	3.2953801091649408
570	568	674	32	-1	-1	-1	0
643	533	637	22	-1	-1	-1	3.2953801091649408
532	641	640	25	-1	-1	-1	0
580	670	566	25	-1	-1	-1	0
676	571	570	32	-1	-1	-1	0
643	642	533	22	-1	-1	-1	3.2953801091649408
668	591	562	0	-1	-1	-1	0
574	571	676	32	-1	-1	-1	0
678	573	572	25	-1	-1	-1	0
678	572	574	25	-1	-1	-1	0
646	644	537	32	-1	-1	-1	0
537	645	646	32	-1	-1	-1	0
681	575	576	0	-1	-1	-1	0
626	550	657	0	-1	-1	-1	0
575	680	579	11	-1	-1	-1	-3.2953801091649284
645	541	649	32	-1	-1	-1	0
577	682	576	0	-1	-1	-1	0
603	564	669	25	-1	-1	-1	0
648	649	541	32	-1	-1	-1	0
683	577	578	0	-1	-1	-1	0
580	579	680	11	-1	-1	-1	-3.2953801091649284
648	542	650	32	-1	-1	-1	0
652	543	647	32	-1	-1	-1	0
651	650	543	32	-1	-1	-1	0
578	581	686	0	-1	-1	-1	0
543	652	651	32	-1	-1	-1	0
669	573	606	25	-1	-1	-1	0
613	612	625	16	-1	-1	-1	3.29538010916494
687	581	584	0	-1	-1	-1	0
549	656	647	32	-1	-1	-1	0
688	582	583	17	-1	-1	-1	-3.2953801091649271
547	653	654	32	-1	-1	-1	0
688	586	582	17	-1	-1	-1	-3.2953801091649271
547	654	655	32	-1	-1	-1	0
601	602	653	25	-1	-1	-1	0
678	606	573	25	-1	-1	-1	0
585	690	584	0	-1	-1	-1	0
656	548	655	32	-1	-1	-1	0
587	689	583	17	-1	-1	-1	-3.2953801091649271
585	586	691	17	-1	-1	-1	-3.2953801091649271
693	587	588	0	-1	-1	-1	0
659	658	551	32	-1	-1	-1	0
644	666	559	32	-1	-1	-1	0
694	588	589	0	-1	-1	-1	0
661	552	658	32	-1	-1	-1	0
661	660	552	32	-1	-1	-1	0
659	553	662	32	-1	-1	-1	0
590	695	589	0	-1	-1	-1	0
603	669	604	25	-1	-1	-1	0
556	664	657	25	-1	-1	-1	0
663	555	660	25	-1	-1	-1	0
604	669	606	25	-1	-1	-1	0
593	697	590	19	-1	-1	-1	-3.2953801091649222
698	592	591	0	-1	-1	-1	0
629	628	627	25	-1	-1	-1	0
593	592	699	0	-1	-1	-1	0
663	665	557	25	-1	-1	-1	0
557	665	664	25	-1	-1	-1	0
559	666	662	32	-1	-1	-1	0
702	594	595	32	-1	-1	-1	0
594	702	596	32	-1	-1	-1	0
596	702	597	32	-1	-1	-1	0
667	668	561	26	-1	-1	-1	0
599	597	705	32	-1	-1	-1	0
598	599	707	32	-1	-1	-1	0
704	595	605	32	-1	-1	-1	0
602	598	707	32	-1	-1	-1	0
670	671	566	25	-1	-1	-1	0
671	672	566	25	-1	-1	-1	0
672	673	567	25	-1	-1	-1	0
673	675	569	25	-1	-1	-1	0
675	674	569	25	-1	-1	-1	0
605	606	709	32	-1	-1	-1	0
677	570	674	32	-1	-1	-1	0
677	676	570	32	-1	-1	-1	0
711	607	608	26	-1	-1	-1	0
574	676	679	32	-1	-1	-1	0
609	712	608	0	-1	-1	-1	0
680	670	580	25	-1	-1	-1	0
678	574	679	32	-1	-1	-1	0
611	714	609	0	-1	-1	-1	0
681	680	575	0	-1	-1	-1	0
611	610	716	0	-1	-1	-1	0
681	576	682	0	-1	-1	-1	0
715	610	615	0	-1	-1	-1	0
577	684	682	0	-1	-1	-1	0
683	684	577	0	-1	-1	-1	0
613	717	614	16	-1	-1	-1	3.29538010916494
683	578	685	0	-1	-1	-1	0
614	719	615	0	-1	-1	-1	0
578	686	685	0	-1	-1	-1	0
581	687	686	0	-1	-1	-1	0
616	617	722	22	-1	-1	-1	3.2953801091649408
647	656	652	32	-1	-1	-1	0
666	644	646	32	-1	-1	-1	0
722	618	616	0	-1	-1	-1	0
613	625	718	16	-1	-1	-1	3.29538010916494
668	698	591	0	-1	-1	-1	0
723	619	618	0	-1	-1	-1	0
583	689	688	17	-1	-1	-1	-3.2953801091649271
690	687	584	0	-1	-1	-1	0
652	656	655	32	-1	-1	-1	0
602	708	653	32	-1	-1	-1	0
724	620	619	0	-1	-1	-1	0
691	690	585	17	-1	-1	-1	-3.2953801091649271
688	692	586	17	-1	-1	-1	-3.2953801091649271
725	622	620	0	-1	-1	-1	0
691	586	692	17	-1	-1	-1	-3.2953801091649271
689	587	693	0	-1	-1	-1	0
727	621	624	16	-1	-1	-1	3.29538010916494
622	728	623	0	-1	-1	-1	0
625	621	727	16	-1	-1	-1	3.29538010916494
636	722	617	22	-1	-1	-1	3.2953801091649408
694	693	588	0	-1	-1	-1	0
731	624	623	0	-1	-1	-1	0
694	589	696	0	-1	-1	-1	0
589	695	696	0	-1	-1	-1	0
697	695	590	19	-1	-1	-1	-3.2953801091649222
626	734	627	25	-1	-1	-1	0
627	734	629	25	-1	-1	-1	0
592	698	700	0	-1	-1	-1	0
701	697	593	19	-1	-1	-1	-3.2953801091649222
700	699	592	0	-1	-1	-1	0
606	678	709	32	-1	-1	-1	0
593	699	701	19	-1	-1	-1	-3.2953801091649222
633	629	734	25	-1	-1	-1	0
630	631	735	32	-1	-1	-1	0
631	632	736	32	-1	-1	-1	0
635	630	735	32	-1	-1	-1	0
702	595	703	32	-1	-1	-1	0
642	722	636	22	-1	-1	-1	3.2953801091649408
703	595	704	32	-1	-1	-1	0
738	632	633	32	-1	-1	-1	0
706	597	702	32	-1	-1	-1	0
706	705	597	32	-1	-1	-1	0
705	707	599	32	-1	-1	-1	0
634	635	742	32	-1	-1	-1	0
653	708	654	32	-1	-1	-1	0
734	626	657	0	-1	-1	-1	0
602	707	708	32	-1	-1	-1	0
742	641	634	32	-1	-1	-1	0
704	605	709	32	-1	-1	-1	0
637	638	744	0	-1	-1	-1	0
745	638	639	25	-1	-1	-1	0
637	744	643	25	-1	-1	-1	0
745	639	640	25	-1	-1	-1	0
674	675	677	40	-1	-1	-1	-2.7562836541080595
641	746	640	25	-1	-1	-1	0
607	711	710	26	-1	-1	-1	0
608	712	711	0	-1	-1	-1	0
642	643	749	22	-1	-1	-1	3.2953801091649408
609	713	712	0	-1	-1	-1	0
609	714	713	0	-1	-1	-1	0
714	611	716	14	-1	-1	-1	3.2953801091649355
716	610	715	0	-1	-1	-1	0
646	645	752	32	-1	-1	-1	0
752	645	649	32	-1	-1	-1	0
718	717	613	16	-1	-1	-1	3.29538010916494
614	717	719	0	-1	-1	-1	0
615	721	715	0	-1	-1	-1	0
649	648	755	32	-1	-1	-1	0
648	650	755	32	-1	-1	-1	0
720	615	719	0	-1	-1	-1	0
720	721	615	0	-1	-1	-1	0
651	756	650	32	-1	-1	-1	0
757	651	652	32	-1	-1	-1	0
664	740	657	25	-1	-1	-1	0
722	723	618	0	-1	-1	-1	0
646	753	666	32	-1	-1	-1	0
655	758	652	32	-1	-1	-1	0
619	723	724	0	-1	-1	-1	0
678	679	709	32	-1	-1	-1	0
654	758	655	32	-1	-1	-1	0
741	664	665	25	-1	-1	-1	0
727	718	625	16	-1	-1	-1	3.29538010916494
724	726	620	0	-1	-1	-1	0
620	726	725	0	-1	-1	-1	0
659	759	658	32	-1	-1	-1	0
725	729	622	0	-1	-1	-1	0
661	658	759	32	-1	-1	-1	0
729	728	622	0	-1	-1	-1	0
730	623	728	0	-1	-1	-1	0
760	659	662	32	-1	-1	-1	0
660	661	761	32	-1	-1	-1	0
727	624	732	16	-1	-1	-1	3.29538010916494
660	761	663	32	-1	-1	-1	0
730	731	623	0	-1	-1	-1	0
731	733	624	16	-1	-1	-1	3.29538010916494
763	665	663	32	-1	-1	-1	0
732	624	733	16	-1	-1	-1	3.29538010916494
662	666	764	32	-1	-1	-1	0
667	767	668	26	-1	-1	-1	0
735	631	737	32	-1	-1	-1	0
736	737	631	32	-1	-1	-1	0
739	736	632	32	-1	-1	-1	0
633	734	740	25	-1	-1	-1	0
739	632	738	32	-1	-1	-1	0
671	670	769	25	-1	-1	-1	0
633	741	738	32	-1	-1	-1	0
743	635	735	39	-1	-1	-1	2.7562836541080586
672	671	771	25	-1	-1	-1	0
722	642	750	22	-1	-1	-1	3.2953801091649408
741	633	740	25	-1	-1	-1	0
772	673	672	25	-1	-1	-1	0
680	769	670	0	-1	-1	-1	0
742	635	743	25	-1	-1	-1	0
654	708	758	32	-1	-1	-1	0
775	675	673	25	-1	-1	-1	0
744	638	745	25	-1	-1	-1	0
677	675	776	40	-1	-1	-1	-2.7562836541080595
681	769	680	0	-1	-1	-1	0
676	677	777	32	-1	-1	-1	0
748	641	742	25	-1	-1	-1	0
734	657	740	25	-1	-1	-1	0
746	745	640	25	-1	-1	-1	0
679	676	777	32	-1	-1	-1	0
768	698	668	0	-1	-1	-1	0
746	641	747	25	-1	-1	-1	0
641	748	747	25	-1	-1	-1	0
744	751	643	25	-1	-1	-1	0
749	750	642	22	-1	-1	-1	3.2953801091649408
751	749	643	25	-1	-1	-1	0
780	681	682	0	-1	-1	-1	0
740	664	741	25	-1	-1	-1	0
684	780	682	0	-1	-1	-1	0
781	684	683	25	-1	-1	-1	0
685	781	683	25	-1	-1	-1	0
754	646	752	32	-1	-1	-1	0
754	753	646	32	-1	-1	-1	0
783	685	686	0	-1	-1	-1	0
752	649	755	32	-1	-1	-1	0
686	687	785	0	-1	-1	-1	0
755	650	756	32	-1	-1	-1	0
786	687	690	0	-1	-1	-1	0
651	757	756	32	-1	-1	-1	0
688	689	787	17	-1	-1	-1	-3.2953801091649271
757	652	758	32	-1	-1	-1	0
688	787	692	17	-1	-1	-1	-3.2953801091649271
779	709	679	32	-1	-1	-1	0
788	689	693	0	-1	-1	-1	0
691	789	690	17	-1	-1	-1	-3.2953801091649271
665	765	741	32	-1	-1	-1	0
790	691	692	17	-1	-1	-1	-3.2953801091649271
788	693	694	0	-1	-1	-1	0
759	659	760	32	-1	-1	-1	0
696	791	694	0	-1	-1	-1	0
661	759	762	32	-1	-1	-1	0
764	666	753	32	-1	-1	-1	0
792	696	695	0	-1	-1	-1	0
661	763	761	32	-1	-1	-1	0
695	697	793	19	-1	-1	-1	-3.2953801091649222
762	763	661	32	-1	-1	-1	0
662	764	760	32	-1	-1	-1	0
663	761	763	32	-1	-1	-1	0
765	665	763	32	-1	-1	-1	0
701	796	697	19	-1	-1	-1	-3.2953801091649222
698	797	700	0	-1	-1	-1	0
722	750	723	0	-1	-1	-1	0
699	700	798	0	-1	-1	-1	0
798	701	699	0	-1	-1	-1	0
766	767	667	26	-1	-1	-1	0
668	767	768	0	-1	-1	-1	0
802	702	703	32	-1	-1	-1	0
671	769	770	25	-1	-1	-1	0
802	706	702	32	-1	-1	-1	0
704	803	703	32	-1	-1	-1	0
770	771	671	25	-1	-1	-1	0
773	672	771	25	-1	-1	-1	0
672	773	772	25	-1	-1	-1	0
704	709	805	32	-1	-1	-1	0
707	705	806	32	-1	-1	-1	0
705	706	807	32	-1	-1	-1	0
673	772	774	25	-1	-1	-1	0
806	708	707	32	-1	-1	-1	0
775	673	774	25	-1	-1	-1	0
675	775	776	40	-1	-1	-1	-2.7562836541080595
780	769	681	0	-1	-1	-1	0
776	778	677	40	-1	-1	-1	-2.7562836541080595
710	711	810	26	-1	-1	-1	0
777	677	778	32	-1	-1	-1	0
748	742	743	25	-1	-1	-1	0
711	712	811	0	-1	-1	-1	0
679	777	779	32	-1	-1	-1	0
812	712	713	0	-1	-1	-1	0
713	714	813	0	-1	-1	-1	0
714	716	814	14	-1	-1	-1	3.2953801091649355
741	765	738	32	-1	-1	-1	0
815	716	715	0	-1	-1	-1	0
684	782	780	25	-1	-1	-1	0
684	781	782	25	-1	-1	-1	0
685	784	781	25	-1	-1	-1	0
715	721	815	0	-1	-1	-1	0
718	817	717	16	-1	-1	-1	3.29538010916494
685	783	784	25	-1	-1	-1	0
817	719	717	0	-1	-1	-1	0
686	785	783	0	-1	-1	-1	0
719	819	720	0	-1	-1	-1	0
687	786	785	0	-1	-1	-1	0
754	752	755	32	-1	-1	-1	0
720	821	721	0	-1	-1	-1	0
768	797	698	0	-1	-1	-1	0
818	718	727	16	-1	-1	-1	3.29538010916494
788	787	689	0	-1	-1	-1	0
756	754	755	32	-1	-1	-1	0
789	786	690	17	-1	-1	-1	-3.2953801091649271
692	787	790	17	-1	-1	-1	-3.2953801091649271
789	691	790	17	-1	-1	-1	-3.2953801091649271
723	824	724	0	-1	-1	-1	0
708	806	758	32	-1	-1	-1	0
788	694	791	0	-1	-1	-1	0
724	825	726	0	-1	-1	-1	0
726	826	725	25	-1	-1	-1	0
727	732	818	16	-1	-1	-1	3.29538010916494
695	793	792	19	-1	-1	-1	-3.2953801091649222
826	729	725	25	-1	-1	-1	0
696	794	791	0	-1	-1	-1	0
795	696	792	0	-1	-1	-1	0
729	828	728	0	-1	-1	-1	0
794	696	795	0	-1	-1	-1	0
728	828	730	0	-1	-1	-1	0
697	796	793	19	-1	-1	-1	-3.2953801091649222
730	830	731	0	-1	-1	-1	0
709	779	805	32	-1	-1	-1	0
799	700	797	0	-1	-1	-1	0
832	733	731	16	-1	-1	-1	3.29538010916494
798	700	799	0	-1	-1	-1	0
723	750	824	0	-1	-1	-1	0
733	833	732	16	-1	-1	-1	3.29538010916494
796	701	801	0	-1	-1	-1	0
800	701	798	0	-1	-1	-1	0
801	701	800	0	-1	-1	-1	0
735	737	835	39	-1	-1	-1	2.7562836541080586
737	736	836	32	-1	-1	-1	0
804	802	703	32	-1	-1	-1	0
703	803	804	32	-1	-1	-1	0
739	836	736	32	-1	-1	-1	0
805	803	704	32	-1	-1	-1	0
735	835	743	39	-1	-1	-1	2.7562836541080586
739	738	838	32	-1	-1	-1	0
808	706	802	32	-1	-1	-1	0
806	705	807	32	-1	-1	-1	0
769	780	770	25	-1	-1	-1	0
706	808	807	32	-1	-1	-1	0
770	782	771	25	-1	-1	-1	0
749	824	750	0	-1	-1	-1	0
751	824	749	0	-1	-1	-1	0
810	809	710	26	-1	-1	-1	0
842	744	745	25	-1	-1	-1	0
770	780	782	25	-1	-1	-1	0
743	841	748	25	-1	-1	-1	0
711	811	810	0	-1	-1	-1	0
843	745	746	25	-1	-1	-1	0
778	779	777	32	-1	-1	-1	0
712	812	811	0	-1	-1	-1	0
747	843	746	25	-1	-1	-1	0
842	751	744	25	-1	-1	-1	0
713	813	812	0	-1	-1	-1	0
748	845	747	25	-1	-1	-1	0
814	813	714	14	-1	-1	-1	3.2953801091649355
765	838	738	32	-1	-1	-1	0
816	814	716	14	-1	-1	-1	3.2953801091649355
716	815	816	14	-1	-1	-1	3.2953801091649355
817	718	818	16	-1	-1	-1	3.29538010916494
847	753	754	32	-1	-1	-1	0
817	820	719	0	-1	-1	-1	0
847	754	756	32	-1	-1	-1	0
719	820	819	0	-1	-1	-1	0
815	721	823	0	-1	-1	-1	0
822	720	819	0	-1	-1	-1	0
756	757	848	32	-1	-1	-1	0
762	838	763	32	-1	-1	-1	0
822	821	720	0	-1	-1	-1	0
847	764	753	32	-1	-1	-1	0
823	721	821	0	-1	-1	-1	0
757	758	850	32	-1	-1	-1	0
765	763	838	32	-1	-1	-1	0
760	851	759	32	-1	-1	-1	0
852	762	759	32	-1	-1	-1	0
724	824	825	0	-1	-1	-1	0
851	760	764	32	-1	-1	-1	0
726	825	827	25	-1	-1	-1	0
726	827	826	25	-1	-1	-1	0
833	818	732	16	-1	-1	-1	3.29538010916494
829	729	826	25	-1	-1	-1	0
729	829	828	25	-1	-1	-1	0
766	855	767	26	-1	-1	-1	0
828	831	730	0	-1	-1	-1	0
768	767	855	0	-1	-1	-1	0
831	830	730	0	-1	-1	-1	0
731	830	832	16	-1	-1	-1	3.29538010916494
733	832	834	16	-1	-1	-1	3.29538010916494
834	833	733	16	-1	-1	-1	3.29538010916494
751	825	824	0	-1	-1	-1	0
771	857	773	25	-1	-1	-1	0
773	858	772	25	-1	-1	-1	0
835	737	837	39	-1	-1	-1	2.7562836541080586
774	772	859	25	-1	-1	-1	0
837	737	836	39	-1	-1	-1	2.7562836541080586
857	771	782	25	-1	-1	-1	0
775	774	862	25	-1	-1	-1	0
806	850	758	32	-1	-1	-1	0
776	775	863	40	-1	-1	-1	-2.7562836541080595
739	839	836	32	-1	-1	-1	0
739	838	840	32	-1	-1	-1	0
778	776	864	40	-1	-1	-1	-2.7562836541080595
839	739	840	32	-1	-1	-1	0
841	743	835	39	-1	-1	-1	2.7562836541080586
782	781	857	25	-1	-1	-1	0
856	797	768	0	-1	-1	-1	0
825	751	846	25	-1	-1	-1	0
778	866	779	32	-1	-1	-1	0
745	843	842	25	-1	-1	-1	0
747	844	843	25	-1	-1	-1	0
781	784	860	25	-1	-1	-1	0
845	748	841	25	-1	-1	-1	0
867	784	783	25	-1	-1	-1	0
845	844	747	25	-1	-1	-1	0
868	783	785	0	-1	-1	-1	0
751	842	846	25	-1	-1	-1	0
838	762	840	32	-1	-1	-1	0
872	785	786	0	-1	-1	-1	0
872	786	789	17	-1	-1	-1	-3.2953801091649271
788	874	787	0	-1	-1	-1	0
873	790	787	17	-1	-1	-1	-3.2953801091649271
805	779	866	32	-1	-1	-1	0
848	847	756	32	-1	-1	-1	0
849	848	757	32	-1	-1	-1	0
852	840	762	32	-1	-1	-1	0
876	788	791	0	-1	-1	-1	0
850	849	757	32	-1	-1	-1	0
877	789	790	17	-1	-1	-1	-3.2953801091649271
852	759	851	32	-1	-1	-1	0
807	850	806	32	-1	-1	-1	0
847	853	764	32	-1	-1	-1	0
791	794	879	0	-1	-1	-1	0
792	793	880	19	-1	-1	-1	-3.2953801091649222
880	795	792	19	-1	-1	-1	-3.2953801091649222
853	851	764	32	-1	-1	-1	0
793	796	882	19	-1	-1	-1	-3.2953801091649222
794	795	884	0	-1	-1	-1	0
866	803	805	32	-1	-1	-1	0
855	766	854	26	-1	-1	-1	0
768	855	856	0	-1	-1	-1	0
886	796	801	0	-1	-1	-1	0
888	799	797	0	-1	-1	-1	0
799	889	798	0	-1	-1	-1	0
798	889	800	0	-1	-1	-1	0
858	859	772	25	-1	-1	-1	0
857	860	773	25	-1	-1	-1	0
890	801	800	0	-1	-1	-1	0
773	861	858	25	-1	-1	-1	0
773	860	861	25	-1	-1	-1	0
862	774	859	25	-1	-1	-1	0
846	827	825	25	-1	-1	-1	0
860	857	781	25	-1	-1	-1	0
802	804	892	32	-1	-1	-1	0
862	863	775	40	-1	-1	-1	-2.7562836541080595
804	803	893	32	-1	-1	-1	0
892	808	802	32	-1	-1	-1	0
863	865	776	40	-1	-1	-1	-2.7562836541080595
864	776	865	40	-1	-1	-1	-2.7562836541080595
864	866	778	40	-1	-1	-1	-2.7562836541080595
808	895	807	32	-1	-1	-1	0
784	871	860	25	-1	-1	-1	0
844	845	827	25	-1	-1	-1	0
827	846	844	25	-1	-1	-1	0
809	810	898	26	-1	-1	-1	0
783	868	867	25	-1	-1	-1	0
899	810	811	0	-1	-1	-1	0
784	867	869	25	-1	-1	-1	0
899	811	812	0	-1	-1	-1	0
870	784	869	25	-1	-1	-1	0
871	784	870	25	-1	-1	-1	0
868	785	872	0	-1	-1	-1	0
813	901	812	0	-1	-1	-1	0
814	901	813	0	-1	-1	-1	0
843	846	842	25	-1	-1	-1	0
816	902	814	14	-1	-1	-1	3.2953801091649355
846	843	844	25	-1	-1	-1	0
873	787	874	0	-1	-1	-1	0
815	904	816	14	-1	-1	-1	3.2953801091649355
788	875	874	0	-1	-1	-1	0
789	878	872	17	-1	-1	-1	-3.2953801091649271
788	876	875	0	-1	-1	-1	0
856	887	797	0	-1	-1	-1	0
877	790	873	17	-1	-1	-1	-3.2953801091649271
818	906	817	16	-1	-1	-1	3.29538010916494
815	823	904	14	-1	-1	-1	3.2953801091649355
817	906	820	0	-1	-1	-1	0
877	878	789	17	-1	-1	-1	-3.2953801091649271
876	791	879	0	-1	-1	-1	0
819	820	907	0	-1	-1	-1	0
822	819	908	0	-1	-1	-1	0
850	807	895	32	-1	-1	-1	0
822	910	821	0	-1	-1	-1	0
823	821	910	0	-1	-1	-1	0
881	880	793	19	-1	-1	-1	-3.2953801091649222
882	881	793	19	-1	-1	-1	-3.2953801091649222
883	879	794	0	-1	-1	-1	0
906	818	833	16	-1	-1	-1	3.29538010916494
880	885	795	19	-1	-1	-1	-3.2953801091649222
883	794	884	0	-1	-1	-1	0
866	893	803	40	-1	-1	-1	-2.7562836541080595
882	796	886	0	-1	-1	-1	0
884	795	885	19	-1	-1	-1	-3.2953801091649222
827	916	826	25	-1	-1	-1	0
829	826	915	25	-1	-1	-1	0
888	797	887	0	-1	-1	-1	0
828	829	917	25	-1	-1	-1	0
831	828	917	25	-1	-1	-1	0
888	889	799	0	-1	-1	-1	0
801	891	886	0	-1	-1	-1	0
890	800	889	0	-1	-1	-1	0
830	831	919	0	-1	-1	-1	0
891	801	890	0	-1	-1	-1	0
830	920	832	16	-1	-1	-1	3.29538010916494
834	832	920	16	-1	-1	-1	3.29538010916494
827	845	916	25	-1	-1	-1	0
833	834	922	16	-1	-1	-1	3.29538010916494
892	804	894	32	-1	-1	-1	0
804	893	894	32	-1	-1	-1	0
860	871	861	25	-1	-1	-1	0
808	892	896	32	-1	-1	-1	0
837	926	835	39	-1	-1	-1	2.7562836541080586
808	896	895	32	-1	-1	-1	0
836	927	837	39	-1	-1	-1	2.7562836541080586
925	841	835	39	-1	-1	-1	2.7562836541080586
836	839	928	39	-1	-1	-1	2.7562836541080586
898	897	809	26	-1	-1	-1	0
810	899	898	0	-1	-1	-1	0
929	839	840	32	-1	-1	-1	0
900	899	812	0	-1	-1	-1	0
812	901	900	0	-1	-1	-1	0
841	930	845	25	-1	-1	-1	0
872	878	868	25	-1	-1	-1	0
814	903	901	0	-1	-1	-1	0
902	903	814	0	-1	-1	-1	0
840	852	929	32	-1	-1	-1	0
893	866	864	40	-1	-1	-1	-2.7562836541080595
902	816	905	14	-1	-1	-1	3.2953801091649355
816	904	905	14	-1	-1	-1	3.2953801091649355
848	849	933	32	-1	-1	-1	0
933	847	848	32	-1	-1	-1	0
849	850	934	32	-1	-1	-1	0
933	853	847	32	-1	-1	-1	0
908	819	907	0	-1	-1	-1	0
906	909	820	0	-1	-1	-1	0
909	907	820	0	-1	-1	-1	0
851	936	852	32	-1	-1	-1	0
851	853	936	32	-1	-1	-1	0
904	823	914	14	-1	-1	-1	3.2953801091649355
822	908	912	0	-1	-1	-1	0
822	912	911	0	-1	-1	-1	0
822	913	910	0	-1	-1	-1	0
911	913	822	0	-1	-1	-1	0
938	855	854	26	-1	-1	-1	0
823	910	914	14	-1	-1	-1	3.2953801091649355
939	856	855	0	-1	-1	-1	0
916	915	826	25	-1	-1	-1	0
941	859	858	25	-1	-1	-1	0
833	922	906	16	-1	-1	-1	3.29538010916494
942	858	861	25	-1	-1	-1	0
915	918	829	25	-1	-1	-1	0
829	918	917	25	-1	-1	-1	0
862	859	943	25	-1	-1	-1	0
921	831	917	25	-1	-1	-1	0
830	919	920	25	-1	-1	-1	0
862	946	863	40	-1	-1	-1	-2.7562836541080595
919	831	921	25	-1	-1	-1	0
865	863	946	40	-1	-1	-1	-2.7562836541080595
865	948	864	40	-1	-1	-1	-2.7562836541080595
945	861	871	25	-1	-1	-1	0
920	923	834	16	-1	-1	-1	3.29538010916494
850	895	934	32	-1	-1	-1	0
834	924	922	16	-1	-1	-1	3.29538010916494
923	924	834	16	-1	-1	-1	3.29538010916494
940	887	856	0	-1	-1	-1	0
835	926	925	39	-1	-1	-1	2.7562836541080586
868	952	867	25	-1	-1	-1	0
867	953	869	25	-1	-1	-1	0
927	926	837	39	-1	-1	-1	2.7562836541080586
927	836	928	39	-1	-1	-1	2.7562836541080586
845	932	916	25	-1	-1	-1	0
955	870	869	25	-1	-1	-1	0
929	928	839	32	-1	-1	-1	0
870	956	871	25	-1	-1	-1	0
925	931	841	39	-1	-1	-1	2.7562836541080586
878	954	868	25	-1	-1	-1	0
931	930	841	25	-1	-1	-1	0
948	893	864	40	-1	-1	-1	-2.7562836541080595
959	873	874	0	-1	-1	-1	0
845	930	932	25	-1	-1	-1	0
873	958	877	17	-1	-1	-1	-3.2953801091649271
875	960	874	0	-1	-1	-1	0
962	875	876	0	-1	-1	-1	0
958	878	877	17	-1	-1	-1	-3.2953801091649271
935	933	849	32	-1	-1	-1	0
936	929	852	32	-1	-1	-1	0
876	879	963	0	-1	-1	-1	0
849	934	935	32	-1	-1	-1	0
933	936	853	32	-1	-1	-1	0
914	905	904	14	-1	-1	-1	3.2953801091649355
895	896	934	32	-1	-1	-1	0
965	879	883	0	-1	-1	-1	0
967	880	881	19	-1	-1	-1	-3.2953801091649222
937	938	854	26	-1	-1	-1	0
882	968	881	19	-1	-1	-1	-3.2953801091649222
880	966	885	19	-1	-1	-1	-3.2953801091649222
855	938	939	0	-1	-1	-1	0
856	939	940	0	-1	-1	-1	0
893	948	894	32	-1	-1	-1	0
906	922	909	0	-1	-1	-1	0
970	883	884	0	-1	-1	-1	0
969	882	886	0	-1	-1	-1	0
971	884	885	19	-1	-1	-1	-3.2953801091649222
941	858	942	25	-1	-1	-1	0
859	941	943	25	-1	-1	-1	0
942	861	944	25	-1	-1	-1	0
887	974	888	0	-1	-1	-1	0
886	891	973	0	-1	-1	-1	0
944	861	945	25	-1	-1	-1	0
889	888	975	0	-1	-1	-1	0
943	947	862	25	-1	-1	-1	0
890	889	975	0	-1	-1	-1	0
947	946	862	40	-1	-1	-1	-2.7562836541080595
917	918	921	25	-1	-1	-1	0
978	891	890	0	-1	-1	-1	0
946	950	865	40	-1	-1	-1	-2.7562836541080595
951	948	865	40	-1	-1	-1	-2.7562836541080595
950	949	865	40	-1	-1	-1	-2.7562836541080595
865	949	951	40	-1	-1	-1	-2.7562836541080595
892	894	979	32	-1	-1	-1	0
896	892	979	32	-1	-1	-1	0
956	945	871	25	-1	-1	-1	0
953	867	952	25	-1	-1	-1	0
952	868	954	25	-1	-1	-1	0
955	869	953	25	-1	-1	-1	0
897	898	983	26	-1	-1	-1	0
984	898	899	0	-1	-1	-1	0
957	870	955	25	-1	-1	-1	0
957	956	870	25	-1	-1	-1	0
900	986	899	0	-1	-1	-1	0
900	901	987	0	-1	-1	-1	0
959	958	873	0	-1	-1	-1	0
954	878	958	25	-1	-1	-1	0
988	901	903	0	-1	-1	-1	0
959	874	960	0	-1	-1	-1	0
902	990	903	0	-1	-1	-1	0
905	989	902	14	-1	-1	-1	3.2953801091649355
961	960	875	0	-1	-1	-1	0
961	875	962	0	-1	-1	-1	0
974	887	940	0	-1	-1	-1	0
964	962	876	0	-1	-1	-1	0
963	964	876	0	-1	-1	-1	0
879	965	963	0	-1	-1	-1	0
907	994	908	0	-1	-1	-1	0
995	907	909	0	-1	-1	-1	0
981	934	896	32	-1	-1	-1	0
905	914	993	14	-1	-1	-1	3.2953801091649355
966	880	967	19	-1	-1	-1	-3.2953801091649222
968	967	881	19	-1	-1	-1	-3.2953801091649222
997	912	908	0	-1	-1	-1	0
970	965	883	0	-1	-1	-1	0
969	968	882	0	-1	-1	-1	0
998	910	913	14	-1	-1	-1	3.2953801091649355
912	999	911	0	-1	-1	-1	0
894	948	980	32	-1	-1	-1	0
914	910	998	14	-1	-1	-1	3.2953801091649355
972	885	966	19	-1	-1	-1	-3.2953801091649222
1001	913	911	0	-1	-1	-1	0
884	971	970	19	-1	-1	-1	-3.2953801091649222
922	995	909	0	-1	-1	-1	0
885	972	971	19	-1	-1	-1	-3.2953801091649222
973	969	886	0	-1	-1	-1	0
915	916	1005	25	-1	-1	-1	0
888	974	975	2	-1	-1	-1	0
918	915	1005	25	-1	-1	-1	0
924	995	922	0	-1	-1	-1	0
977	890	975	0	-1	-1	-1	0
973	891	978	0	-1	-1	-1	0
890	977	976	0	-1	-1	-1	0
890	976	978	0	-1	-1	-1	0
921	918	1007	25	-1	-1	-1	0
1008	920	919	25	-1	-1	-1	0
921	1008	919	25	-1	-1	-1	0
935	934	981	32	-1	-1	-1	0
923	920	1008	25	-1	-1	-1	0
980	979	894	32	-1	-1	-1	0
1006	916	932	25	-1	-1	-1	0
981	896	979	32	-1	-1	-1	0
923	1009	924	0	-1	-1	-1	0
983	982	897	26	-1	-1	-1	0
925	926	1011	39	-1	-1	-1	2.7562836541080586
898	984	983	0	-1	-1	-1	0
926	927	1013	39	-1	-1	-1	2.7562836541080586
931	925	1010	39	-1	-1	-1	2.7562836541080586
928	1013	927	39	-1	-1	-1	2.7562836541080586
899	985	984	0	-1	-1	-1	0
985	899	986	0	-1	-1	-1	0
1014	928	929	32	-1	-1	-1	0
986	900	987	8	-1	-1	-1	0
901	988	987	0	-1	-1	-1	0
930	931	1016	25	-1	-1	-1	0
932	930	1017	25	-1	-1	-1	0
951	980	948	32	-1	-1	-1	0
1015	929	936	32	-1	-1	-1	0
902	989	990	0	-1	-1	-1	0
903	991	988	0	-1	-1	-1	0
933	1015	936	32	-1	-1	-1	0
990	992	903	0	-1	-1	-1	0
991	903	992	0	-1	-1	-1	0
993	989	905	14	-1	-1	-1	3.2953801091649355
933	935	1019	32	-1	-1	-1	0
907	995	994	0	-1	-1	-1	0
937	1022	938	26	-1	-1	-1	0
994	996	908	0	-1	-1	-1	0
1023	939	938	0	-1	-1	-1	0
908	996	997	0	-1	-1	-1	0
939	1023	940	0	-1	-1	-1	0
998	993	914	14	-1	-1	-1	3.2953801091649355
941	1026	943	25	-1	-1	-1	0
1000	911	999	0	-1	-1	-1	0
1027	941	942	25	-1	-1	-1	0
997	1002	912	0	-1	-1	-1	0
1000	1001	911	0	-1	-1	-1	0
912	1002	999	0	-1	-1	-1	0
942	944	1028	25	-1	-1	-1	0
998	913	1003	14	-1	-1	-1	3.2953801091649355
947	943	1026	25	-1	-1	-1	0
1001	1004	913	14	-1	-1	-1	3.2953801091649355
1030	944	945	25	-1	-1	-1	0
1003	913	1004	14	-1	-1	-1	3.2953801091649355
1032	946	947	40	-1	-1	-1	-2.7562836541080595
916	1006	1005	25	-1	-1	-1	0
950	946	1032	40	-1	-1	-1	-2.7562836541080595
995	924	1009	0	-1	-1	-1	0
1007	918	1005	25	-1	-1	-1	0
956	1031	945	25	-1	-1	-1	0
951	949	1034	40	-1	-1	-1	-2.7562836541080595
949	950	1035	40	-1	-1	-1	-2.7562836541080595
935	981	1020	32	-1	-1	-1	0
921	1007	1008	25	-1	-1	-1	0
1024	974	940	0	-1	-1	-1	0
1008	1009	923	0	-1	-1	-1	0
1038	953	952	25	-1	-1	-1	0
952	954	1038	25	-1	-1	-1	0
925	1011	1010	39	-1	-1	-1	2.7562836541080586
955	953	1039	25	-1	-1	-1	0
1011	926	1012	39	-1	-1	-1	2.7562836541080586
1012	926	1013	39	-1	-1	-1	2.7562836541080586
958	1040	954	0	-1	-1	-1	0
957	955	1041	25	-1	-1	-1	0
1014	1013	928	32	-1	-1	-1	0
1006	932	1017	25	-1	-1	-1	0
956	957	1043	25	-1	-1	-1	0
1040	958	959	0	-1	-1	-1	0
1015	1014	929	32	-1	-1	-1	0
1010	1018	931	39	-1	-1	-1	2.7562836541080586
930	1016	1017	25	-1	-1	-1	0
959	960	1045	0	-1	-1	-1	0
1016	931	1018	25	-1	-1	-1	0
961	1045	960	0	-1	-1	-1	0
1019	1015	933	32	-1	-1	-1	0
980	951	1037	32	-1	-1	-1	0
962	1046	961	25	-1	-1	-1	0
964	1048	962	25	-1	-1	-1	0
1020	1019	935	32	-1	-1	-1	0
964	963	1050	0	-1	-1	-1	0
965	1051	963	0	-1	-1	-1	0
1021	1022	937	26	-1	-1	-1	0
1023	938	1022	0	-1	-1	-1	0
967	1054	966	19	-1	-1	-1	-3.2953801091649222
1023	1025	940	0	-1	-1	-1	0
970	1053	965	0	-1	-1	-1	0
968	1054	967	19	-1	-1	-1	-3.2953801091649222
1025	1024	940	0	-1	-1	-1	0
966	1054	972	19	-1	-1	-1	-3.2953801091649222
969	1056	968	0	-1	-1	-1	0
1026	941	1027	25	-1	-1	-1	0
980	1037	979	32	-1	-1	-1	0
1028	1027	942	25	-1	-1	-1	0
994	995	1009	0	-1	-1	-1	0
1058	970	971	19	-1	-1	-1	-3.2953801091649222
1057	969	973	0	-1	-1	-1	0
971	972	1058	19	-1	-1	-1	-3.2953801091649222
1029	1028	944	25	-1	-1	-1	0
1030	1029	944	25	-1	-1	-1	0
945	1031	1030	25	-1	-1	-1	0
947	1026	1033	25	-1	-1	-1	0
978	1061	973	0	-1	-1	-1	0
974	1063	975	2	-1	-1	-1	0
947	1033	1032	40	-1	-1	-1	-2.7562836541080595
977	975	1063	2	-1	-1	-1	0
950	1032	1036	40	-1	-1	-1	-2.7562836541080595
1034	949	1035	40	-1	-1	-1	-2.7562836541080595
976	1065	978	0	-1	-1	-1	0
977	1066	976	0	-1	-1	-1	0
1035	950	1036	40	-1	-1	-1	-2.7562836541080595
1034	1037	951	32	-1	-1	-1	0
1069	981	979	32	-1	-1	-1	0
1039	953	1038	25	-1	-1	-1	0
1043	1031	956	25	-1	-1	-1	0
1040	1038	954	25	-1	-1	-1	0
1039	1042	955	25	-1	-1	-1	0
983	1072	982	26	-1	-1	-1	0
1042	1041	955	25	-1	-1	-1	0
983	984	1073	0	-1	-1	-1	0
957	1041	1044	25	-1	-1	-1	0
1074	984	985	0	-1	-1	-1	0
957	1044	1043	25	-1	-1	-1	0
1045	1040	959	0	-1	-1	-1	0
985	986	1075	0	-1	-1	-1	0
987	1077	986	8	-1	-1	-1	0
961	1047	1045	25	-1	-1	-1	0
1078	987	988	0	-1	-1	-1	0
1046	1047	961	25	-1	-1	-1	0
1078	988	991	0	-1	-1	-1	0
1046	962	1049	25	-1	-1	-1	0
1079	990	989	0	-1	-1	-1	0
962	1048	1049	25	-1	-1	-1	0
993	1079	989	14	-1	-1	-1	3.2953801091649355
974	1024	1064	2	-1	-1	-1	0
1081	992	990	0	-1	-1	-1	0
1052	1048	964	25	-1	-1	-1	0
963	1051	1050	0	-1	-1	-1	0
1050	1052	964	25	-1	-1	-1	0
992	1083	991	0	-1	-1	-1	0
965	1053	1051	0	-1	-1	-1	0
1020	981	1070	32	-1	-1	-1	0
996	994	1086	0	-1	-1	-1	0
998	1085	993	14	-1	-1	-1	3.2953801091649355
968	1055	1054	19	-1	-1	-1	-3.2953801091649222
1055	968	1056	0	-1	-1	-1	0
996	1088	997	25	-1	-1	-1	0
970	1059	1053	19	-1	-1	-1	-3.2953801091649222
1057	1056	969	0	-1	-1	-1	0
1069	979	1037	32	-1	-1	-1	0
1060	972	1054	19	-1	-1	-1	-3.2953801091649222
998	1003	1085	14	-1	-1	-1	3.2953801091649355
1059	970	1058	19	-1	-1	-1	-3.2953801091649222
1089	1002	997	25	-1	-1	-1	0
994	1009	1086	0	-1	-1	-1	0
999	1090	1000	0	-1	-1	-1	0
1060	1058	972	19	-1	-1	-1	-3.2953801091649222
1002	1090	999	0	-1	-1	-1	0
973	1062	1057	0	-1	-1	-1	0
1000	1091	1001	0	-1	-1	-1	0
1001	1093	1004	14	-1	-1	-1	3.2953801091649355
1062	973	1061	0	-1	-1	-1	0
1063	974	1064	2	-1	-1	-1	0
1004	1096	1003	14	-1	-1	-1	3.2953801091649355
1008	1086	1009	0	-1	-1	-1	0
1067	977	1063	2	-1	-1	-1	0
1066	1065	976	0	-1	-1	-1	0
1068	1061	978	0	-1	-1	-1	0
1006	1098	1005	25	-1	-1	-1	0
1098	1007	1005	25	-1	-1	-1	0
1067	1066	977	2	-1	-1	-1	0
1068	978	1065	0	-1	-1	-1	0
1102	1008	1007	25	-1	-1	-1	0
1069	1070	981	32	-1	-1	-1	0
1017	1101	1006	25	-1	-1	-1	0
982	1072	1071	26	-1	-1	-1	0
1011	1105	1010	39	-1	-1	-1	2.7562836541080586
1072	983	1073	0	-1	-1	-1	0
1106	1011	1012	39	-1	-1	-1	2.7562836541080586
1074	1073	984	0	-1	-1	-1	0
1104	1018	1010	39	-1	-1	-1	2.7562836541080586
985	1075	1074	0	-1	-1	-1	0
1013	1109	1012	32	-1	-1	-1	0
1013	1014	1109	32	-1	-1	-1	0
1075	986	1076	8	-1	-1	-1	0
1014	1015	1109	32	-1	-1	-1	0
986	1077	1076	8	-1	-1	-1	0
987	1078	1077	8	-1	-1	-1	0
1111	1017	1016	25	-1	-1	-1	0
1019	1110	1015	32	-1	-1	-1	0
1016	1018	1112	25	-1	-1	-1	0
990	1079	1080	0	-1	-1	-1	0
990	1080	1081	0	-1	-1	-1	0
991	1082	1078	0	-1	-1	-1	0
1020	1115	1019	32	-1	-1	-1	0
1082	991	1083	0	-1	-1	-1	0
1081	1084	992	0	-1	-1	-1	0
1079	993	1085	14	-1	-1	-1	3.2953801091649355
992	1084	1083	0	-1	-1	-1	0
1022	1021	1120	26	-1	-1	-1	0
1022	1121	1023	0	-1	-1	-1	0
1060	1054	1055	19	-1	-1	-1	-3.2953801091649222
1087	996	1086	25	-1	-1	-1	0
1025	1023	1122	0	-1	-1	-1	0
1088	996	1087	25	-1	-1	-1	0
1025	1124	1024	0	-1	-1	-1	0
1088	1089	997	25	-1	-1	-1	0
1027	1126	1026	25	-1	-1	-1	0
1028	1127	1027	25	-1	-1	-1	0
1090	1092	1000	0	-1	-1	-1	0
1092	1091	1000	0	-1	-1	-1	0
1096	1085	1003	14	-1	-1	-1	3.2953801091649355
1033	1026	1126	25	-1	-1	-1	0
1128	1028	1029	25	-1	-1	-1	0
1001	1091	1093	14	-1	-1	-1	3.2953801091649355
1090	1002	1094	25	-1	-1	-1	0
1002	1089	1095	25	-1	-1	-1	0
1030	1130	1029	25	-1	-1	-1	0
1094	1002	1095	25	-1	-1	-1	0
1131	1030	1031	25	-1	-1	-1	0
1093	1097	1004	14	-1	-1	-1	3.2953801091649355
1008	1102	1086	25	-1	-1	-1	0
1097	1096	1004	14	-1	-1	-1	3.2953801091649355
1135	1032	1033	40	-1	-1	-1	-2.7562836541080595
1098	1006	1099	25	-1	-1	-1	0
1135	1036	1032	40	-1	-1	-1	-2.7562836541080595
1006	1100	1099	25	-1	-1	-1	0
1100	1006	1101	25	-1	-1	-1	0
1035	1138	1034	40	-1	-1	-1	-2.7562836541080595
1043	1134	1031	25	-1	-1	-1	0
1118	1020	1070	32	-1	-1	-1	0
1007	1098	1103	25	-1	-1	-1	0
1139	1037	1034	32	-1	-1	-1	0
1036	1140	1035	40	-1	-1	-1	-2.7562836541080595
1007	1103	1102	25	-1	-1	-1	0
1124	1064	1024	0	-1	-1	-1	0
1105	1104	1010	39	-1	-1	-1	2.7562836541080586
1039	1038	1145	25	-1	-1	-1	0
1038	1040	1144	25	-1	-1	-1	0
1105	1011	1107	39	-1	-1	-1	2.7562836541080586
1011	1106	1107	39	-1	-1	-1	2.7562836541080586
1042	1039	1145	25	-1	-1	-1	0
1106	1012	1108	32	-1	-1	-1	0
1108	1012	1109	32	-1	-1	-1	0
1045	1144	1040	25	-1	-1	-1	0
1041	1042	1146	25	-1	-1	-1	0
1101	1017	1113	25	-1	-1	-1	0
1147	1044	1041	25	-1	-1	-1	0
1145	1047	1042	25	-1	-1	-1	0
1015	1110	1109	32	-1	-1	-1	0
1018	1104	1114	39	-1	-1	-1	2.7562836541080586
1149	1043	1044	25	-1	-1	-1	0
1045	1047	1144	25	-1	-1	-1	0
1148	1042	1047	25	-1	-1	-1	0
1112	1111	1016	25	-1	-1	-1	0
1111	1113	1017	25	-1	-1	-1	0
1046	1148	1047	25	-1	-1	-1	0
1049	1148	1046	25	-1	-1	-1	0
1019	1115	1110	32	-1	-1	-1	0
1018	1114	1112	25	-1	-1	-1	0
1037	1139	1069	32	-1	-1	-1	0
1150	1049	1048	34	-1	-1	-1	0
1052	1151	1048	34	-1	-1	-1	0
1117	1115	1020	32	-1	-1	-1	0
1117	1020	1116	32	-1	-1	-1	0
1153	1050	1051	0	-1	-1	-1	0
1116	1020	1118	32	-1	-1	-1	0
1153	1052	1050	25	-1	-1	-1	0
1154	1051	1053	0	-1	-1	-1	0
1120	1021	1119	26	-1	-1	-1	0
1022	1120	1121	0	-1	-1	-1	0
1154	1053	1059	19	-1	-1	-1	-3.2953801091649222
1123	1023	1121	0	-1	-1	-1	0
1023	1123	1122	0	-1	-1	-1	0
1056	1158	1055	0	-1	-1	-1	0
1122	1125	1025	0	-1	-1	-1	0
1057	1159	1056	0	-1	-1	-1	0
1055	1157	1060	19	-1	-1	-1	-3.2953801091649222
1125	1124	1025	0	-1	-1	-1	0
1086	1102	1087	25	-1	-1	-1	0
1059	1058	1160	19	-1	-1	-1	-3.2953801091649222
1060	1160	1058	19	-1	-1	-1	-3.2953801091649222
1062	1159	1057	0	-1	-1	-1	0
1126	1027	1127	25	-1	-1	-1	0
1127	1028	1128	25	-1	-1	-1	0
1061	1162	1062	0	-1	-1	-1	0
1129	1128	1029	25	-1	-1	-1	0
1130	1129	1029	25	-1	-1	-1	0
1130	1030	1132	25	-1	-1	-1	0
1068	1163	1061	0	-1	-1	-1	0
1132	1030	1131	25	-1	-1	-1	0
1167	1063	1064	2	-1	-1	-1	0
1033	1126	1136	25	-1	-1	-1	0
1133	1131	1031	25	-1	-1	-1	0
1067	1063	1167	2	-1	-1	-1	0
1133	1031	1134	25	-1	-1	-1	0
1169	1065	1066	0	-1	-1	-1	0
1067	1169	1066	2	-1	-1	-1	0
1068	1065	1169	0	-1	-1	-1	0
1135	1033	1136	40	-1	-1	-1	-2.7562836541080595
1137	1034	1138	40	-1	-1	-1	-2.7562836541080595
1069	1174	1070	32	-1	-1	-1	0
1139	1034	1137	32	-1	-1	-1	0
1143	1036	1135	40	-1	-1	-1	-2.7562836541080595
1138	1035	1141	40	-1	-1	-1	-2.7562836541080595
1140	1141	1035	40	-1	-1	-1	-2.7562836541080595
1140	1036	1142	40	-1	-1	-1	-2.7562836541080595
1071	1072	1177	26	-1	-1	-1	0
1036	1143	1142	40	-1	-1	-1	-2.7562836541080595
1072	1073	1178	0	-1	-1	-1	0
1178	1073	1074	0	-1	-1	-1	0
1149	1134	1043	25	-1	-1	-1	0
1110	1108	1109	32	-1	-1	-1	0
1038	1144	1145	25	-1	-1	-1	0
1181	1074	1075	0	-1	-1	-1	0
1075	1076	1181	0	-1	-1	-1	0
1041	1146	1147	25	-1	-1	-1	0
1148	1146	1042	34	-1	-1	-1	0
1077	1183	1076	8	-1	-1	-1	0
1047	1145	1144	25	-1	-1	-1	0
1077	1078	1184	8	-1	-1	-1	0
1149	1044	1147	25	-1	-1	-1	0
1185	1080	1079	0	-1	-1	-1	0
1184	1078	1082	8	-1	-1	-1	0
1081	1080	1187	0	-1	-1	-1	0
1085	1185	1079	14	-1	-1	-1	3.2953801091649355
1048	1151	1150	34	-1	-1	-1	0
1049	1152	1148	34	-1	-1	-1	0
1049	1150	1152	34	-1	-1	-1	0
1081	1188	1084	0	-1	-1	-1	0
1083	1190	1082	0	-1	-1	-1	0
1124	1168	1064	0	-1	-1	-1	0
1153	1051	1154	0	-1	-1	-1	0
1191	1083	1084	0	-1	-1	-1	0
1155	1151	1052	34	-1	-1	-1	0
1156	1052	1153	25	-1	-1	-1	0
1070	1174	1118	32	-1	-1	-1	0
1052	1156	1155	34	-1	-1	-1	0
1185	1085	1096	14	-1	-1	-1	3.2953801091649355
1088	1087	1193	30	-1	-1	-1	0
1055	1158	1157	0	-1	-1	-1	0
1158	1056	1159	0	-1	-1	-1	0
1089	1088	1196	25	-1	-1	-1	0
1154	1059	1161	19	-1	-1	-1	-3.2953801091649222
1160	1060	1157	19	-1	-1	-1	-3.2953801091649222
1197	1092	1090	25	-1	-1	-1	0
1196	1095	1089	25	-1	-1	-1	0
1160	1161	1059	19	-1	-1	-1	-3.2953801091649222
1197	1090	1094	25	-1	-1	-1	0
1091	1092	1198	0	-1	-1	-1	0
1091	1199	1093	14	-1	-1	-1	3.2953801091649355
1194	1087	1102	30	-1	-1	-1	0
1175	1069	1139	32	-1	-1	-1	0
1062	1165	1159	0	-1	-1	-1	0
1061	1163	1162	0	-1	-1	-1	0
1093	1199	1097	14	-1	-1	-1	3.2953801091649355
1094	1095	1201	25	-1	-1	-1	0
1166	1062	1162	0	-1	-1	-1	0
1164	1165	1062	0	-1	-1	-1	0
1166	1164	1062	0	-1	-1	-1	0
1202	1096	1097	14	-1	-1	-1	3.2953801091649355
1168	1167	1064	0	-1	-1	-1	0
1194	1102	1103	25	-1	-1	-1	0
1206	1098	1099	25	-1	-1	-1	0
1173	1163	1068	0	-1	-1	-1	0
1172	1067	1167	2	-1	-1	-1	0
1207	1099	1100	25	-1	-1	-1	0
1205	1103	1098	25	-1	-1	-1	0
1171	1169	1067	2	-1	-1	-1	0
1067	1170	1171	2	-1	-1	-1	0
1172	1170	1067	2	-1	-1	-1	0
1101	1208	1100	25	-1	-1	-1	0
1169	1173	1068	0	-1	-1	-1	0
1135	1136	1143	40	-1	-1	-1	-2.7562836541080595
1069	1175	1174	32	-1	-1	-1	0
1212	1104	1105	39	-1	-1	-1	2.7562836541080586
1177	1176	1071	26	-1	-1	-1	0
1210	1101	1113	25	-1	-1	-1	0
1105	1107	1213	39	-1	-1	-1	2.7562836541080586
1177	1072	1178	0	-1	-1	-1	0
1107	1106	1216	39	-1	-1	-1	2.7562836541080586
1108	1215	1106	32	-1	-1	-1	0
1212	1114	1104	39	-1	-1	-1	2.7562836541080586
1178	1074	1179	0	-1	-1	-1	0
1180	1179	1074	0	-1	-1	-1	0
1074	1181	1180	0	-1	-1	-1	0
1110	1219	1108	32	-1	-1	-1	0
1181	1076	1182	0	-1	-1	-1	0
1076	1183	1182	0	-1	-1	-1	0
1220	1111	1112	25	-1	-1	-1	0
1219	1110	1115	32	-1	-1	-1	0
1111	1220	1113	25	-1	-1	-1	0
1183	1077	1184	8	-1	-1	-1	0
1146	1152	1147	25	-1	-1	-1	0
1148	1152	1146	34	-1	-1	-1	0
1114	1221	1112	25	-1	-1	-1	0
1115	1117	1219	32	-1	-1	-1	0
1080	1185	1186	0	-1	-1	-1	0
1186	1187	1080	0	-1	-1	-1	0
1082	1189	1184	8	-1	-1	-1	0
1081	1187	1188	0	-1	-1	-1	0
1117	1116	1224	32	-1	-1	-1	0
1118	1225	1116	32	-1	-1	-1	0
1082	1190	1189	8	-1	-1	-1	0
1190	1083	1191	0	-1	-1	-1	0
1084	1188	1192	0	-1	-1	-1	0
1191	1084	1192	0	-1	-1	-1	0
1153	1154	1161	25	-1	-1	-1	0
1120	1119	1231	26	-1	-1	-1	0
1232	1121	1120	0	-1	-1	-1	0
1087	1194	1193	30	-1	-1	-1	0
1121	1233	1123	0	-1	-1	-1	0
1195	1088	1193	30	-1	-1	-1	0
1234	1122	1123	0	-1	-1	-1	0
1088	1195	1196	30	-1	-1	-1	0
1122	1234	1125	0	-1	-1	-1	0
1158	1159	1165	0	-1	-1	-1	0
1096	1202	1185	14	-1	-1	-1	3.2953801091649355
1125	1236	1124	0	-1	-1	-1	0
1091	1198	1199	25	-1	-1	-1	0
1200	1092	1197	25	-1	-1	-1	0
1092	1200	1198	25	-1	-1	-1	0
1126	1127	1237	25	-1	-1	-1	0
1201	1095	1196	25	-1	-1	-1	0
1201	1197	1094	25	-1	-1	-1	0
1239	1127	1128	25	-1	-1	-1	0
1240	1128	1129	25	-1	-1	-1	0
1237	1136	1126	25	-1	-1	-1	0
1129	1130	1241	25	-1	-1	-1	0
1204	1097	1199	14	-1	-1	-1	3.2953801091649355
1202	1097	1203	14	-1	-1	-1	3.2953801091649355
1204	1203	1097	14	-1	-1	-1	3.2953801091649355
1132	1243	1130	25	-1	-1	-1	0
1244	1132	1131	25	-1	-1	-1	0
1194	1103	1211	25	-1	-1	-1	0
1244	1131	1133	25	-1	-1	-1	0
1206	1205	1098	25	-1	-1	-1	0
1207	1206	1099	25	-1	-1	-1	0
1171	1173	1169	2	-1	-1	-1	0
1133	1134	1247	41	-1	-1	-1	-2.75628365410806
1100	1209	1207	25	-1	-1	-1	0
1209	1100	1208	25	-1	-1	-1	0
1205	1211	1103	25	-1	-1	-1	0
1101	1210	1208	25	-1	-1	-1	0
1174	1228	1118	32	-1	-1	-1	0
1137	1138	1250	40	-1	-1	-1	-2.7562836541080595
1251	1139	1137	32	-1	-1	-1	0
1168	1124	1236	0	-1	-1	-1	0
1143	1136	1249	40	-1	-1	-1	-2.7562836541080595
1248	1134	1149	41	-1	-1	-1	-2.75628365410806
1214	1212	1105	39	-1	-1	-1	2.7562836541080586
1214	1105	1213	39	-1	-1	-1	2.7562836541080586
1253	1138	1141	40	-1	-1	-1	-2.7562836541080595
1254	1141	1140	40	-1	-1	-1	-2.7562836541080595
1140	1142	1255	40	-1	-1	-1	-2.7562836541080595
1215	1216	1106	32	-1	-1	-1	0
1213	1107	1218	39	-1	-1	-1	2.7562836541080586
1107	1216	1217	39	-1	-1	-1	2.7562836541080586
1215	1108	1219	32	-1	-1	-1	0
1218	1107	1217	39	-1	-1	-1	2.7562836541080586
1142	1143	1257	40	-1	-1	-1	-2.7562836541080595
1222	1210	1113	25	-1	-1	-1	0
1212	1223	1114	39	-1	-1	-1	2.7562836541080586
1112	1221	1220	25	-1	-1	-1	0
1220	1222	1113	25	-1	-1	-1	0
1149	1147	1260	41	-1	-1	-1	-2.75628365410806
1147	1152	1259	41	-1	-1	-1	-2.75628365410806
1114	1223	1221	25	-1	-1	-1	0
1150	1151	1259	34	-1	-1	-1	0
1152	1150	1259	34	-1	-1	-1	0
1117	1226	1219	32	-1	-1	-1	0
1224	1116	1225	32	-1	-1	-1	0
1175	1139	1251	32	-1	-1	-1	0
1151	1155	1261	34	-1	-1	-1	0
1224	1227	1117	32	-1	-1	-1	0
1226	1117	1227	32	-1	-1	-1	0
1153	1263	1156	25	-1	-1	-1	0
1225	1118	1229	32	-1	-1	-1	0
1185	1202	1186	0	-1	-1	-1	0
1229	1118	1228	32	-1	-1	-1	0
1156	1264	1155	34	-1	-1	-1	0
1161	1263	1153	25	-1	-1	-1	0
1174	1175	1228	32	-1	-1	-1	0
1119	1230	1231	26	-1	-1	-1	0
1120	1231	1232	0	-1	-1	-1	0
1269	1157	1158	0	-1	-1	-1	0
1268	1160	1157	19	-1	-1	-1	-3.2953801091649222
1233	1121	1232	0	-1	-1	-1	0
1235	1123	1233	0	-1	-1	-1	0
1235	1234	1123	0	-1	-1	-1	0
1161	1160	1271	19	-1	-1	-1	-3.2953801091649222
1270	1158	1165	0	-1	-1	-1	0
1234	1236	1125	0	-1	-1	-1	0
1163	1272	1162	0	-1	-1	-1	0
1166	1162	1272	0	-1	-1	-1	0
1238	1237	1127	25	-1	-1	-1	0
1165	1164	1275	0	-1	-1	-1	0
1166	1274	1164	0	-1	-1	-1	0
1127	1239	1238	25	-1	-1	-1	0
1240	1239	1128	25	-1	-1	-1	0
1173	1273	1163	0	-1	-1	-1	0
1129	1242	1240	25	-1	-1	-1	0
1241	1242	1129	25	-1	-1	-1	0
1130	1243	1241	25	-1	-1	-1	0
1281	1167	1168	0	-1	-1	-1	0
1132	1245	1243	25	-1	-1	-1	0
1172	1167	1281	0	-1	-1	-1	0
1132	1244	1245	25	-1	-1	-1	0
1237	1249	1136	25	-1	-1	-1	0
1246	1244	1133	41	-1	-1	-1	-2.75628365410806
1247	1246	1133	41	-1	-1	-1	-2.75628365410806
1170	1285	1171	2	-1	-1	-1	0
1172	1284	1170	2	-1	-1	-1	0
1134	1248	1247	41	-1	-1	-1	-2.75628365410806
1171	1286	1173	2	-1	-1	-1	0
1250	1252	1137	40	-1	-1	-1	-2.7562836541080595
1137	1252	1251	32	-1	-1	-1	0
1253	1250	1138	40	-1	-1	-1	-2.7562836541080595
1176	1177	1291	26	-1	-1	-1	0
1177	1178	1292	0	-1	-1	-1	0
1143	1249	1257	40	-1	-1	-1	-2.7562836541080595
1255	1254	1140	40	-1	-1	-1	-2.7562836541080595
1292	1178	1179	0	-1	-1	-1	0
1256	1253	1141	40	-1	-1	-1	-2.7562836541080595
1141	1254	1256	40	-1	-1	-1	-2.7562836541080595
1180	1293	1179	0	-1	-1	-1	0
1255	1142	1258	40	-1	-1	-1	-2.7562836541080595
1180	1181	1294	0	-1	-1	-1	0
1149	1260	1248	41	-1	-1	-1	-2.75628365410806
1142	1257	1258	40	-1	-1	-1	-2.7562836541080595
1181	1182	1295	0	-1	-1	-1	0
1182	1183	1296	0	-1	-1	-1	0
1183	1184	1297	8	-1	-1	-1	0
1259	1260	1147	41	-1	-1	-1	-2.75628365410806
1189	1298	1184	8	-1	-1	-1	0
1259	1151	1262	34	-1	-1	-1	0
1299	1187	1186	0	-1	-1	-1	0
1261	1262	1151	34	-1	-1	-1	0
1187	1300	1188	0	-1	-1	-1	0
1265	1261	1155	34	-1	-1	-1	0
1188	1302	1192	0	-1	-1	-1	0
1190	1304	1189	8	-1	-1	-1	0
1265	1155	1264	34	-1	-1	-1	0
1156	1263	1266	25	-1	-1	-1	0
1168	1236	1282	0	-1	-1	-1	0
1191	1306	1190	0	-1	-1	-1	0
1186	1202	1299	0	-1	-1	-1	0
1264	1156	1267	34	-1	-1	-1	0
1267	1156	1266	25	-1	-1	-1	0
1192	1307	1191	0	-1	-1	-1	0
1228	1175	1289	32	-1	-1	-1	0
1269	1268	1157	0	-1	-1	-1	0
1271	1263	1161	25	-1	-1	-1	0
1193	1194	1309	30	-1	-1	-1	0
1195	1193	1309	30	-1	-1	-1	0
1158	1270	1269	0	-1	-1	-1	0
1268	1271	1160	19	-1	-1	-1	-3.2953801091649222
1195	1310	1196	30	-1	-1	-1	0
1202	1203	1299	0	-1	-1	-1	0
1201	1196	1310	30	-1	-1	-1	0
1273	1272	1163	0	-1	-1	-1	0
1312	1200	1197	25	-1	-1	-1	0
1312	1197	1201	25	-1	-1	-1	0
1198	1200	1313	25	-1	-1	-1	0
1199	1198	1314	25	-1	-1	-1	0
1270	1165	1277	0	-1	-1	-1	0
1164	1274	1275	0	-1	-1	-1	0
1211	1309	1194	25	-1	-1	-1	0
1175	1251	1288	32	-1	-1	-1	0
1278	1166	1272	0	-1	-1	-1	0
1276	1165	1275	0	-1	-1	-1	0
1314	1204	1199	25	-1	-1	-1	0
1165	1276	1277	0	-1	-1	-1	0
1279	1274	1166	0	-1	-1	-1	0
1317	1203	1204	0	-1	-1	-1	0
1278	1280	1166	0	-1	-1	-1	0
1280	1279	1166	0	-1	-1	-1	0
1319	1205	1206	38	-1	-1	-1	2.7562836541080555
1168	1282	1281	0	-1	-1	-1	0
1173	1286	1273	2	-1	-1	-1	0
1207	1321	1206	38	-1	-1	-1	2.7562836541080555
1205	1320	1211	38	-1	-1	-1	2.7562836541080555
1283	1170	1284	2	-1	-1	-1	0
1207	1209	1322	38	-1	-1	-1	2.7562836541080555
1285	1170	1283	2	-1	-1	-1	0
1208	1323	1209	25	-1	-1	-1	0
1287	1172	1281	0	-1	-1	-1	0
1286	1171	1285	2	-1	-1	-1	0
1210	1324	1208	25	-1	-1	-1	0
1287	1284	1172	0	-1	-1	-1	0
1288	1289	1175	32	-1	-1	-1	0
1214	1329	1212	39	-1	-1	-1	2.7562836541080586
1291	1290	1176	26	-1	-1	-1	0
1213	1330	1214	39	-1	-1	-1	2.7562836541080586
1210	1222	1327	25	-1	-1	-1	0
1177	1292	1291	0	-1	-1	-1	0
1218	1330	1213	39	-1	-1	-1	2.7562836541080586
1216	1215	1332	32	-1	-1	-1	0
1223	1212	1328	39	-1	-1	-1	2.7562836541080586
1179	1293	1292	0	-1	-1	-1	0
1219	1332	1215	32	-1	-1	-1	0
1333	1217	1216	39	-1	-1	-1	2.7562836541080586
1294	1293	1180	6	-1	-1	-1	0
1217	1334	1218	39	-1	-1	-1	2.7562836541080586
1181	1295	1294	0	-1	-1	-1	0
1297	1296	1183	0	-1	-1	-1	0
1296	1295	1182	0	-1	-1	-1	0
1332	1219	1226	32	-1	-1	-1	0
1221	1336	1220	25	-1	-1	-1	0
1222	1220	1336	25	-1	-1	-1	0
1297	1184	1298	8	-1	-1	-1	0
1337	1221	1223	25	-1	-1	-1	0
1259	1262	1260	41	-1	-1	-1	-2.75628365410806
1299	1301	1187	0	-1	-1	-1	0
1301	1300	1187	0	-1	-1	-1	0
1224	1225	1342	32	-1	-1	-1	0
1252	1288	1251	32	-1	-1	-1	0
1304	1298	1189	8	-1	-1	-1	0
1300	1303	1188	0	-1	-1	-1	0
1227	1224	1341	32	-1	-1	-1	0
1188	1303	1302	0	-1	-1	-1	0
1345	1226	1227	32	-1	-1	-1	0
1344	1225	1229	32	-1	-1	-1	0
1190	1305	1304	8	-1	-1	-1	0
1190	1306	1305	8	-1	-1	-1	0
1302	1308	1192	0	-1	-1	-1	0
1229	1228	1347	32	-1	-1	-1	0
1306	1191	1307	0	-1	-1	-1	0
1192	1308	1307	0	-1	-1	-1	0
1231	1230	1351	26	-1	-1	-1	0
1195	1309	1311	30	-1	-1	-1	0
1352	1232	1231	0	-1	-1	-1	0
1310	1195	1311	30	-1	-1	-1	0
1352	1233	1232	0	-1	-1	-1	0
1203	1317	1299	0	-1	-1	-1	0
1353	1235	1233	0	-1	-1	-1	0
1235	1354	1234	4	-1	-1	-1	0
1314	1198	1313	25	-1	-1	-1	0
1236	1234	1355	0	-1	-1	-1	0
1201	1310	1316	30	-1	-1	-1	0
1312	1315	1200	25	-1	-1	-1	0
1313	1200	1315	25	-1	-1	-1	0
1312	1201	1316	30	-1	-1	-1	0
1311	1309	1211	38	-1	-1	-1	2.7562836541080555
1358	1237	1238	25	-1	-1	-1	0
1318	1204	1314	0	-1	-1	-1	0
1239	1360	1238	25	-1	-1	-1	0
1318	1317	1204	0	-1	-1	-1	0
1239	1240	1361	25	-1	-1	-1	0
1320	1311	1211	38	-1	-1	-1	2.7562836541080555
1362	1240	1242	25	-1	-1	-1	0
1249	1237	1358	25	-1	-1	-1	0
1205	1319	1320	38	-1	-1	-1	2.7562836541080555
1242	1241	1363	25	-1	-1	-1	0
1321	1319	1206	38	-1	-1	-1	2.7562836541080555
1364	1241	1243	25	-1	-1	-1	0
1287	1281	1282	0	-1	-1	-1	0
1322	1321	1207	38	-1	-1	-1	2.7562836541080555
1245	1366	1243	25	-1	-1	-1	0
1208	1324	1323	25	-1	-1	-1	0
1367	1245	1244	41	-1	-1	-1	-2.75628365410806
1209	1325	1322	38	-1	-1	-1	2.7562836541080555
1246	1367	1244	41	-1	-1	-1	-2.75628365410806
1326	1209	1323	38	-1	-1	-1	2.7562836541080555
1209	1326	1325	38	-1	-1	-1	2.7562836541080555
1210	1327	1324	25	-1	-1	-1	0
1247	1369	1246	41	-1	-1	-1	-2.75628365410806
1347	1228	1289	32	-1	-1	-1	0
1247	1248	1371	41	-1	-1	-1	-2.75628365410806
1328	1212	1329	39	-1	-1	-1	2.7562836541080586
1329	1214	1331	39	-1	-1	-1	2.7562836541080586
1331	1214	1330	39	-1	-1	-1	2.7562836541080586
1236	1357	1282	0	-1	-1	-1	0
1252	1250	1374	40	-1	-1	-1	-2.7562836541080595
1374	1250	1253	40	-1	-1	-1	-2.7562836541080595
1249	1373	1257	40	-1	-1	-1	-2.7562836541080595
1248	1260	1372	41	-1	-1	-1	-2.75628365410806
1216	1332	1333	32	-1	-1	-1	0
1335	1330	1218	39	-1	-1	-1	2.7562836541080586
1334	1217	1333	39	-1	-1	-1	2.7562836541080586
1253	1256	1376	40	-1	-1	-1	-2.7562836541080595
1255	1377	1254	40	-1	-1	-1	-2.7562836541080595
1218	1334	1335	39	-1	-1	-1	2.7562836541080586
1339	1327	1222	25	-1	-1	-1	0
1378	1256	1254	40	-1	-1	-1	-2.7562836541080595
1223	1328	1340	39	-1	-1	-1	2.7562836541080586
1258	1380	1255	40	-1	-1	-1	-2.7562836541080595
1221	1338	1336	25	-1	-1	-1	0
1221	1337	1338	25	-1	-1	-1	0
1339	1222	1336	25	-1	-1	-1	0
1257	1382	1258	40	-1	-1	-1	-2.7562836541080595
1223	1340	1337	25	-1	-1	-1	0
1332	1226	1345	32	-1	-1	-1	0
1342	1341	1224	32	-1	-1	-1	0
1385	1260	1262	41	-1	-1	-1	-2.75628365410806
1262	1261	1386	34	-1	-1	-1	0
1342	1225	1343	32	-1	-1	-1	0
1344	1343	1225	32	-1	-1	-1	0
1386	1261	1265	34	-1	-1	-1	0
1346	1227	1341	32	-1	-1	-1	0
1375	1288	1252	32	-1	-1	-1	0
1263	1387	1266	25	-1	-1	-1	0
1301	1299	1317	0	-1	-1	-1	0
1227	1346	1345	32	-1	-1	-1	0
1265	1264	1389	34	-1	-1	-1	0
1267	1388	1264	34	-1	-1	-1	0
1271	1387	1263	0	-1	-1	-1	0
1229	1348	1344	32	-1	-1	-1	0
1349	1229	1347	32	-1	-1	-1	0
1266	1392	1267	25	-1	-1	-1	0
1229	1349	1348	32	-1	-1	-1	0
1350	1351	1230	26	-1	-1	-1	0
1268	1269	1394	0	-1	-1	-1	0
1394	1271	1268	0	-1	-1	-1	0
1270	1395	1269	0	-1	-1	-1	0
1351	1352	1231	0	-1	-1	-1	0
1352	1353	1233	0	-1	-1	-1	0
1273	1396	1272	0	-1	-1	-1	0
1277	1395	1270	0	-1	-1	-1	0
1234	1354	1355	4	-1	-1	-1	0
1353	1356	1235	4	-1	-1	-1	0
1356	1354	1235	4	-1	-1	-1	0
1398	1275	1274	0	-1	-1	-1	0
1278	1272	1396	0	-1	-1	-1	0
1275	1400	1276	0	-1	-1	-1	0
1236	1355	1357	0	-1	-1	-1	0
1277	1276	1401	0	-1	-1	-1	0
1399	1274	1279	0	-1	-1	-1	0
1358	1238	1359	25	-1	-1	-1	0
1397	1273	1286	2	-1	-1	-1	0
1360	1359	1238	25	-1	-1	-1	0
1360	1239	1361	25	-1	-1	-1	0
1403	1280	1278	0	-1	-1	-1	0
1404	1279	1280	0	-1	-1	-1	0
1361	1240	1362	25	-1	-1	-1	0
1286	1285	1397	2	-1	-1	-1	0
1363	1241	1364	25	-1	-1	-1	0
1242	1365	1362	25	-1	-1	-1	0
1365	1242	1363	25	-1	-1	-1	0
1243	1366	1364	25	-1	-1	-1	0
1287	1282	1407	0	-1	-1	-1	0
1284	1410	1283	2	-1	-1	-1	0
1245	1368	1366	41	-1	-1	-1	-2.75628365410806
1411	1285	1283	2	-1	-1	-1	0
1367	1368	1245	41	-1	-1	-1	-2.75628365410806
1358	1373	1249	25	-1	-1	-1	0
1284	1287	1412	0	-1	-1	-1	0
1246	1370	1367	41	-1	-1	-1	-2.75628365410806
1246	1369	1370	41	-1	-1	-1	-2.75628365410806
1247	1371	1369	41	-1	-1	-1	-2.75628365410806
1288	1413	1289	32	-1	-1	-1	0
1248	1372	1371	41	-1	-1	-1	-2.75628365410806
1290	1291	1418	26	-1	-1	-1	0
1375	1252	1374	32	-1	-1	-1	0
1292	1419	1291	0	-1	-1	-1	0
1253	1376	1374	40	-1	-1	-1	-2.7562836541080595
1420	1292	1293	0	-1	-1	-1	0
1422	1293	1294	6	-1	-1	-1	0
1254	1377	1378	40	-1	-1	-1	-2.7562836541080595
1379	1377	1255	40	-1	-1	-1	-2.7562836541080595
1382	1257	1373	40	-1	-1	-1	-2.7562836541080595
1376	1256	1381	40	-1	-1	-1	-2.7562836541080595
1295	1424	1294	0	-1	-1	-1	0
1255	1380	1379	40	-1	-1	-1	-2.7562836541080595
1378	1381	1256	40	-1	-1	-1	-2.7562836541080595
1385	1372	1260	41	-1	-1	-1	-2.75628365410806
1296	1427	1295	0	-1	-1	-1	0
1380	1258	1383	40	-1	-1	-1	-2.7562836541080595
1297	1428	1296	0	-1	-1	-1	0
1298	1429	1297	8	-1	-1	-1	0
1384	1258	1382	40	-1	-1	-1	-2.7562836541080595
1258	1384	1383	40	-1	-1	-1	-2.7562836541080595
1431	1300	1301	0	-1	-1	-1	0
1430	1298	1304	8	-1	-1	-1	0
1386	1385	1262	41	-1	-1	-1	-2.75628365410806
1303	1300	1431	0	-1	-1	-1	0
1302	1303	1433	0	-1	-1	-1	0
1304	1305	1430	8	-1	-1	-1	0
1388	1389	1264	34	-1	-1	-1	0
1265	1390	1386	34	-1	-1	-1	0
1302	1434	1308	0	-1	-1	-1	0
1265	1389	1391	34	-1	-1	-1	0
1387	1392	1266	25	-1	-1	-1	0
1390	1265	1391	34	-1	-1	-1	0
1388	1267	1393	34	-1	-1	-1	0
1437	1305	1306	8	-1	-1	-1	0
1282	1357	1409	0	-1	-1	-1	0
1317	1432	1301	0	-1	-1	-1	0
1306	1307	1438	0	-1	-1	-1	0
1267	1392	1393	25	-1	-1	-1	0
1416	1347	1289	32	-1	-1	-1	0
1394	1387	1271	0	-1	-1	-1	0
1308	1439	1307	0	-1	-1	-1	0
1394	1269	1395	0	-1	-1	-1	0
1310	1311	1440	30	-1	-1	-1	0
1397	1396	1273	2	-1	-1	-1	0
1316	1310	1440	30	-1	-1	-1	0
1318	1432	1317	0	-1	-1	-1	0
1315	1312	1442	30	-1	-1	-1	0
1312	1316	1442	30	-1	-1	-1	0
1314	1313	1443	25	-1	-1	-1	0
1274	1399	1398	0	-1	-1	-1	0
1443	1313	1315	25	-1	-1	-1	0
1441	1311	1320	38	-1	-1	-1	2.7562836541080555
1400	1275	1398	0	-1	-1	-1	0
1395	1277	1402	0	-1	-1	-1	0
1443	1318	1314	25	-1	-1	-1	0
1288	1375	1414	32	-1	-1	-1	0
1276	1400	1401	0	-1	-1	-1	0
1396	1403	1278	0	-1	-1	-1	0
1401	1402	1277	0	-1	-1	-1	0
1279	1405	1399	0	-1	-1	-1	0
1321	1447	1319	38	-1	-1	-1	2.7562836541080555
1320	1319	1448	38	-1	-1	-1	2.7562836541080555
1405	1279	1404	0	-1	-1	-1	0
1406	1280	1403	0	-1	-1	-1	0
1406	1404	1280	0	-1	-1	-1	0
1322	1450	1321	38	-1	-1	-1	2.7562836541080555
1411	1397	1285	2	-1	-1	-1	0
1408	1407	1282	0	-1	-1	-1	0
1325	1451	1322	38	-1	-1	-1	2.7562836541080555
1282	1409	1408	0	-1	-1	-1	0
1324	1452	1323	25	-1	-1	-1	0
1323	1453	1326	38	-1	-1	-1	2.7562836541080555
1283	1410	1411	2	-1	-1	-1	0
1454	1324	1327	25	-1	-1	-1	0
1412	1410	1284	0	-1	-1	-1	0
1326	1455	1325	38	-1	-1	-1	2.7562836541080555
1412	1287	1407	0	-1	-1	-1	0
1347	1416	1349	32	-1	-1	-1	0
1414	1413	1288	32	-1	-1	-1	0
1415	1289	1413	32	-1	-1	-1	0
1461	1328	1329	39	-1	-1	-1	2.7562836541080586
1415	1416	1289	32	-1	-1	-1	0
1463	1329	1331	39	-1	-1	-1	2.7562836541080586
1327	1339	1458	25	-1	-1	-1	0
1464	1331	1330	39	-1	-1	-1	2.7562836541080586
1418	1417	1290	26	-1	-1	-1	0
1418	1291	1419	0	-1	-1	-1	0
1328	1460	1340	39	-1	-1	-1	2.7562836541080586
1465	1330	1335	39	-1	-1	-1	2.7562836541080586
1333	1332	1466	32	-1	-1	-1	0
1292	1421	1419	0	-1	-1	-1	0
1420	1421	1292	0	-1	-1	-1	0
1333	1467	1334	32	-1	-1	-1	0
1293	1422	1420	6	-1	-1	-1	0
1468	1335	1334	32	-1	-1	-1	0
1294	1423	1422	6	-1	-1	-1	0
1424	1423	1294	6	-1	-1	-1	0
1466	1332	1345	32	-1	-1	-1	0
1295	1425	1424	0	-1	-1	-1	0
1338	1471	1336	25	-1	-1	-1	0
1339	1336	1471	25	-1	-1	-1	0
1426	1425	1295	0	-1	-1	-1	0
1337	1472	1338	25	-1	-1	-1	0
1426	1295	1427	0	-1	-1	-1	0
1472	1337	1340	25	-1	-1	-1	0
1428	1427	1296	0	-1	-1	-1	0
1297	1429	1428	0	-1	-1	-1	0
1429	1298	1430	8	-1	-1	-1	0
1342	1475	1341	32	-1	-1	-1	0
1346	1341	1475	32	-1	-1	-1	0
1477	1342	1343	32	-1	-1	-1	0
1431	1301	1432	0	-1	-1	-1	0
1478	1343	1344	32	-1	-1	-1	0
1302	1433	1434	0	-1	-1	-1	0
1436	1303	1431	25	-1	-1	-1	0
1435	1433	1303	25	-1	-1	-1	0
1305	1437	1430	8	-1	-1	-1	0
1344	1348	1482	32	-1	-1	-1	0
1346	1483	1345	32	-1	-1	-1	0
1435	1303	1436	25	-1	-1	-1	0
1308	1434	1439	0	-1	-1	-1	0
1306	1438	1437	8	-1	-1	-1	0
1349	1485	1348	32	-1	-1	-1	0
1439	1438	1307	0	-1	-1	-1	0
1350	1491	1351	26	-1	-1	-1	0
1440	1311	1441	30	-1	-1	-1	0
1492	1352	1351	0	-1	-1	-1	0
1318	1445	1432	25	-1	-1	-1	0
1352	1495	1353	0	-1	-1	-1	0
1444	1315	1442	30	-1	-1	-1	0
1316	1440	1446	30	-1	-1	-1	0
1315	1445	1443	25	-1	-1	-1	0
1356	1353	1495	0	-1	-1	-1	0
1445	1315	1444	30	-1	-1	-1	0
1446	1442	1316	30	-1	-1	-1	0
1354	1496	1355	4	-1	-1	-1	0
1445	1318	1443	25	-1	-1	-1	0
1496	1354	1356	4	-1	-1	-1	0
1355	1497	1357	0	-1	-1	-1	0
1441	1320	1449	38	-1	-1	-1	2.7562836541080555
1447	1448	1319	38	-1	-1	-1	2.7562836541080555
1320	1448	1449	38	-1	-1	-1	2.7562836541080555
1501	1358	1359	25	-1	-1	-1	0
1450	1447	1321	38	-1	-1	-1	2.7562836541080555
1502	1359	1360	25	-1	-1	-1	0
1451	1450	1322	38	-1	-1	-1	2.7562836541080555
1502	1360	1361	25	-1	-1	-1	0
1361	1362	1504	25	-1	-1	-1	0
1452	1453	1323	38	-1	-1	-1	2.7562836541080555
1452	1324	1454	25	-1	-1	-1	0
1451	1325	1455	38	-1	-1	-1	2.7562836541080555
1504	1362	1365	25	-1	-1	-1	0
1501	1373	1358	25	-1	-1	-1	0
1364	1505	1363	25	-1	-1	-1	0
1363	1506	1365	25	-1	-1	-1	0
1453	1457	1326	38	-1	-1	-1	2.7562836541080555
1326	1456	1455	38	-1	-1	-1	2.7562836541080555
1366	1508	1364	25	-1	-1	-1	0
1326	1457	1456	38	-1	-1	-1	2.7562836541080555
1458	1454	1327	25	-1	-1	-1	0
1368	1510	1366	41	-1	-1	-1	-2.75628365410806
1368	1367	1511	41	-1	-1	-1	-2.75628365410806
1459	1460	1328	39	-1	-1	-1	2.7562836541080586
1370	1511	1367	41	-1	-1	-1	-2.75628365410806
1328	1461	1459	39	-1	-1	-1	2.7562836541080586
1512	1369	1371	41	-1	-1	-1	-2.75628365410806
1329	1462	1461	39	-1	-1	-1	2.7562836541080586
1369	1513	1370	41	-1	-1	-1	-2.75628365410806
1488	1349	1416	32	-1	-1	-1	0
1462	1329	1463	39	-1	-1	-1	2.7562836541080586
1464	1463	1331	39	-1	-1	-1	2.7562836541080586
1515	1371	1372	41	-1	-1	-1	-2.75628365410806
1465	1464	1330	39	-1	-1	-1	2.7562836541080586
1497	1409	1357	0	-1	-1	-1	0
1375	1374	1517	32	-1	-1	-1	0
1467	1333	1466	32	-1	-1	-1	0
1517	1374	1376	32	-1	-1	-1	0
1467	1469	1334	32	-1	-1	-1	0
1465	1335	1470	32	-1	-1	-1	0
1473	1458	1339	25	-1	-1	-1	0
1516	1382	1373	40	-1	-1	-1	-2.7562836541080595
1334	1469	1468	32	-1	-1	-1	0
1385	1515	1372	41	-1	-1	-1	-2.75628365410806
1340	1460	1472	25	-1	-1	-1	0
1470	1335	1468	32	-1	-1	-1	0
1377	1379	1520	40	-1	-1	-1	-2.7562836541080595
1378	1377	1520	40	-1	-1	-1	-2.7562836541080595
1376	1381	1519	32	-1	-1	-1	0
1378	1521	1381	40	-1	-1	-1	-2.7562836541080595
1522	1379	1380	40	-1	-1	-1	-2.7562836541080595
1471	1338	1472	25	-1	-1	-1	0
1516	1384	1382	40	-1	-1	-1	-2.7562836541080595
1471	1474	1339	25	-1	-1	-1	0
1383	1523	1380	40	-1	-1	-1	-2.7562836541080595
1473	1339	1474	25	-1	-1	-1	0
1342	1476	1475	32	-1	-1	-1	0
1383	1384	1526	40	-1	-1	-1	-2.7562836541080595
1483	1466	1345	32	-1	-1	-1	0
1342	1477	1476	32	-1	-1	-1	0
1386	1528	1385	41	-1	-1	-1	-2.75628365410806
1343	1479	1477	32	-1	-1	-1	0
1480	1343	1478	32	-1	-1	-1	0
1479	1343	1480	32	-1	-1	-1	0
1344	1481	1478	32	-1	-1	-1	0
1386	1390	1529	41	-1	-1	-1	-2.75628365410806
1475	1484	1346	32	-1	-1	-1	0
1344	1482	1481	32	-1	-1	-1	0
1375	1518	1414	32	-1	-1	-1	0
1388	1531	1389	34	-1	-1	-1	0
1530	1392	1387	25	-1	-1	-1	0
1530	1387	1394	0	-1	-1	-1	0
1389	1532	1391	34	-1	-1	-1	0
1388	1393	1531	34	-1	-1	-1	0
1483	1346	1484	32	-1	-1	-1	0
1533	1390	1391	34	-1	-1	-1	0
1348	1486	1482	32	-1	-1	-1	0
1394	1395	1530	0	-1	-1	-1	0
1487	1348	1485	32	-1	-1	-1	0
1535	1393	1392	25	-1	-1	-1	0
1486	1348	1487	32	-1	-1	-1	0
1489	1485	1349	32	-1	-1	-1	0
1489	1349	1488	32	-1	-1	-1	0
1441	1446	1440	30	-1	-1	-1	0
1530	1395	1402	0	-1	-1	-1	0
1396	1397	1537	2	-1	-1	-1	0
1491	1350	1490	26	-1	-1	-1	0
1491	1492	1351	0	-1	-1	-1	0
1537	1403	1396	2	-1	-1	-1	0
1539	1398	1399	25	-1	-1	-1	0
1400	1398	1540	25	-1	-1	-1	0
1352	1492	1494	0	-1	-1	-1	0
1493	1352	1494	0	-1	-1	-1	0
1493	1495	1352	0	-1	-1	-1	0
1401	1400	1542	25	-1	-1	-1	0
1405	1541	1399	25	-1	-1	-1	0
1411	1538	1397	2	-1	-1	-1	0
1402	1401	1543	25	-1	-1	-1	0
1355	1496	1497	4	-1	-1	-1	0
1356	1495	1499	0	-1	-1	-1	0
1498	1496	1356	4	-1	-1	-1	0
1403	1544	1406	2	-1	-1	-1	0
1500	1498	1356	0	-1	-1	-1	0
1405	1404	1545	0	-1	-1	-1	0
1356	1499	1500	0	-1	-1	-1	0
1546	1404	1406	0	-1	-1	-1	0
1501	1359	1502	25	-1	-1	-1	0
1548	1407	1408	0	-1	-1	-1	0
1502	1361	1503	25	-1	-1	-1	0
1409	1549	1408	0	-1	-1	-1	0
1548	1412	1407	0	-1	-1	-1	0
1504	1503	1361	25	-1	-1	-1	0
1411	1410	1553	2	-1	-1	-1	0
1505	1506	1363	25	-1	-1	-1	0
1412	1554	1410	0	-1	-1	-1	0
1505	1364	1507	25	-1	-1	-1	0
1509	1504	1365	25	-1	-1	-1	0
1508	1507	1364	25	-1	-1	-1	0
1509	1365	1506	25	-1	-1	-1	0
1414	1555	1413	32	-1	-1	-1	0
1510	1508	1366	41	-1	-1	-1	-2.75628365410806
1556	1415	1413	32	-1	-1	-1	0
1368	1511	1510	41	-1	-1	-1	-2.75628365410806
1516	1373	1501	25	-1	-1	-1	0
1559	1416	1415	32	-1	-1	-1	0
1513	1369	1512	41	-1	-1	-1	-2.75628365410806
1514	1511	1370	41	-1	-1	-1	-2.75628365410806
1370	1513	1514	41	-1	-1	-1	-2.75628365410806
1562	1417	1418	26	-1	-1	-1	0
1512	1371	1515	41	-1	-1	-1	-2.75628365410806
1563	1418	1419	0	-1	-1	-1	0
1419	1421	1563	0	-1	-1	-1	0
1420	1422	1564	0	-1	-1	-1	0
1565	1421	1420	0	-1	-1	-1	0
1518	1375	1517	32	-1	-1	-1	0
1517	1376	1519	32	-1	-1	-1	0
1423	1568	1422	6	-1	-1	-1	0
1423	1424	1570	6	-1	-1	-1	0
1378	1520	1521	40	-1	-1	-1	-2.7562836541080595
1570	1424	1425	6	-1	-1	-1	0
1522	1520	1379	40	-1	-1	-1	-2.7562836541080595
1425	1426	1572	0	-1	-1	-1	0
1519	1381	1524	32	-1	-1	-1	0
1523	1522	1380	40	-1	-1	-1	-2.7562836541080595
1524	1381	1521	32	-1	-1	-1	0
1427	1574	1426	0	-1	-1	-1	0
1527	1384	1516	40	-1	-1	-1	-2.7562836541080595
1515	1385	1528	41	-1	-1	-1	-2.75628365410806
1427	1428	1575	0	-1	-1	-1	0
1523	1383	1525	40	-1	-1	-1	-2.7562836541080595
1576	1428	1429	0	-1	-1	-1	0
1526	1525	1383	40	-1	-1	-1	-2.7562836541080595
1430	1577	1429	8	-1	-1	-1	0
1384	1527	1526	40	-1	-1	-1	-2.7562836541080595
1579	1431	1432	25	-1	-1	-1	0
1528	1386	1529	41	-1	-1	-1	-2.75628365410806
1578	1430	1437	8	-1	-1	-1	0
1431	1579	1436	25	-1	-1	-1	0
1433	1580	1434	0	-1	-1	-1	0
1433	1435	1581	25	-1	-1	-1	0
1529	1390	1533	34	-1	-1	-1	0
1531	1532	1389	34	-1	-1	-1	0
1435	1436	1583	30	-1	-1	-1	0
1439	1434	1582	0	-1	-1	-1	0
1579	1432	1445	25	-1	-1	-1	0
1535	1392	1530	25	-1	-1	-1	0
1532	1534	1391	34	-1	-1	-1	0
1533	1391	1534	34	-1	-1	-1	0
1409	1497	1552	0	-1	-1	-1	0
1531	1393	1536	34	-1	-1	-1	0
1437	1438	1586	8	-1	-1	-1	0
1536	1393	1535	25	-1	-1	-1	0
1560	1488	1416	32	-1	-1	-1	0
1439	1587	1438	0	-1	-1	-1	0
1535	1530	1402	25	-1	-1	-1	0
1537	1397	1538	2	-1	-1	-1	0
1441	1588	1446	30	-1	-1	-1	0
1590	1444	1442	30	-1	-1	-1	0
1398	1539	1540	25	-1	-1	-1	0
1446	1589	1442	30	-1	-1	-1	0
1588	1441	1449	38	-1	-1	-1	2.7562836541080555
1399	1541	1539	25	-1	-1	-1	0
1543	1535	1402	25	-1	-1	-1	0
1591	1445	1444	30	-1	-1	-1	0
1542	1400	1540	25	-1	-1	-1	0
1403	1537	1544	2	-1	-1	-1	0
1401	1542	1543	25	-1	-1	-1	0
1447	1592	1448	38	-1	-1	-1	2.7562836541080555
1592	1447	1450	38	-1	-1	-1	2.7562836541080555
1414	1518	1558	32	-1	-1	-1	0
1593	1449	1448	38	-1	-1	-1	2.7562836541080555
1541	1405	1547	25	-1	-1	-1	0
1545	1404	1546	0	-1	-1	-1	0
1546	1406	1544	2	-1	-1	-1	0
1450	1451	1596	38	-1	-1	-1	2.7562836541080555
1545	1547	1405	25	-1	-1	-1	0
1455	1596	1451	38	-1	-1	-1	2.7562836541080555
1411	1553	1538	2	-1	-1	-1	0
1598	1452	1454	25	-1	-1	-1	0
1452	1599	1453	38	-1	-1	-1	2.7562836541080555
1548	1408	1550	0	-1	-1	-1	0
1408	1549	1550	0	-1	-1	-1	0
1551	1549	1409	0	-1	-1	-1	0
1600	1457	1453	38	-1	-1	-1	2.7562836541080555
1551	1409	1552	0	-1	-1	-1	0
1601	1454	1458	25	-1	-1	-1	0
1456	1602	1455	38	-1	-1	-1	2.7562836541080555
1412	1548	1554	0	-1	-1	-1	0
1603	1456	1457	38	-1	-1	-1	2.7562836541080555
1553	1410	1554	0	-1	-1	-1	0
1555	1556	1413	32	-1	-1	-1	0
1606	1459	1461	39	-1	-1	-1	2.7562836541080586
1414	1557	1555	32	-1	-1	-1	0
1460	1459	1607	39	-1	-1	-1	2.7562836541080586
1414	1558	1557	32	-1	-1	-1	0
1559	1415	1556	32	-1	-1	-1	0
1462	1609	1461	39	-1	-1	-1	2.7562836541080586
1416	1559	1560	32	-1	-1	-1	0
1605	1458	1473	25	-1	-1	-1	0
1462	1463	1611	39	-1	-1	-1	2.7562836541080586
1472	1460	1608	25	-1	-1	-1	0
1463	1464	1613	39	-1	-1	-1	2.7562836541080586
1417	1562	1561	26	-1	-1	-1	0
1613	1464	1465	39	-1	-1	-1	2.7562836541080586
1562	1418	1563	0	-1	-1	-1	0
1615	1467	1466	32	-1	-1	-1	0
1420	1564	1565	0	-1	-1	-1	0
1465	1470	1614	32	-1	-1	-1	0
1563	1421	1566	0	-1	-1	-1	0
1471	1472	1608	25	-1	-1	-1	0
1616	1469	1467	32	-1	-1	-1	0
1565	1567	1421	0	-1	-1	-1	0
1469	1617	1468	32	-1	-1	-1	0
1518	1517	1519	32	-1	-1	-1	0
1567	1566	1421	0	-1	-1	-1	0
1569	1564	1422	0	-1	-1	-1	0
1470	1468	1617	32	-1	-1	-1	0
1422	1568	1569	0	-1	-1	-1	0
1423	1570	1568	6	-1	-1	-1	0
1483	1615	1466	32	-1	-1	-1	0
1621	1474	1471	25	-1	-1	-1	0
1425	1571	1570	6	-1	-1	-1	0
1572	1571	1425	6	-1	-1	-1	0
1622	1473	1474	25	-1	-1	-1	0
1573	1572	1426	0	-1	-1	-1	0
1574	1573	1426	0	-1	-1	-1	0
1475	1476	1624	32	-1	-1	-1	0
1574	1427	1575	0	-1	-1	-1	0
1576	1575	1428	0	-1	-1	-1	0
1477	1627	1476	32	-1	-1	-1	0
1429	1577	1576	0	-1	-1	-1	0
1626	1484	1475	32	-1	-1	-1	0
1629	1477	1479	32	-1	-1	-1	0
1577	1430	1578	8	-1	-1	-1	0
1478	1630	1480	32	-1	-1	-1	0
1630	1478	1481	32	-1	-1	-1	0
1631	1479	1480	32	-1	-1	-1	0
1580	1433	1581	25	-1	-1	-1	0
1580	1582	1434	0	-1	-1	-1	0
1481	1482	1633	32	-1	-1	-1	0
1581	1435	1584	30	-1	-1	-1	0
1579	1585	1436	30	-1	-1	-1	0
1437	1586	1578	8	-1	-1	-1	0
1584	1435	1583	30	-1	-1	-1	0
1583	1436	1585	30	-1	-1	-1	0
1484	1637	1483	32	-1	-1	-1	0
1482	1486	1636	32	-1	-1	-1	0
1582	1587	1439	0	-1	-1	-1	0
1587	1586	1438	8	-1	-1	-1	0
1487	1485	1640	32	-1	-1	-1	0
1543	1536	1535	25	-1	-1	-1	0
1640	1485	1489	32	-1	-1	-1	0
1486	1487	1642	32	-1	-1	-1	0
1579	1445	1591	30	-1	-1	-1	0
1489	1488	1644	32	-1	-1	-1	0
1590	1442	1589	30	-1	-1	-1	0
1590	1591	1444	30	-1	-1	-1	0
1589	1446	1588	30	-1	-1	-1	0
1490	1647	1491	26	-1	-1	-1	0
1492	1491	1648	0	-1	-1	-1	0
1595	1588	1449	38	-1	-1	-1	2.7562836541080555
1448	1592	1594	38	-1	-1	-1	2.7562836541080555
1649	1494	1492	0	-1	-1	-1	0
1448	1594	1593	38	-1	-1	-1	2.7562836541080555
1593	1595	1449	38	-1	-1	-1	2.7562836541080555
1650	1495	1493	0	-1	-1	-1	0
1494	1651	1493	0	-1	-1	-1	0
1592	1450	1597	38	-1	-1	-1	2.7562836541080555
1450	1596	1597	38	-1	-1	-1	2.7562836541080555
1495	1650	1499	0	-1	-1	-1	0
1496	1652	1497	4	-1	-1	-1	0
1496	1498	1652	4	-1	-1	-1	0
1598	1599	1452	38	-1	-1	-1	2.7562836541080555
1500	1653	1498	0	-1	-1	-1	0
1599	1600	1453	38	-1	-1	-1	2.7562836541080555
1601	1598	1454	25	-1	-1	-1	0
1596	1455	1602	38	-1	-1	-1	2.7562836541080555
1656	1500	1499	0	-1	-1	-1	0
1457	1600	1604	38	-1	-1	-1	2.7562836541080555
1602	1456	1603	38	-1	-1	-1	2.7562836541080555
1502	1659	1501	25	-1	-1	-1	0
1458	1605	1601	25	-1	-1	-1	0
1603	1457	1604	38	-1	-1	-1	2.7562836541080555
1660	1502	1503	25	-1	-1	-1	0
1661	1503	1504	25	-1	-1	-1	0
1606	1607	1459	39	-1	-1	-1	2.7562836541080586
1506	1505	1662	25	-1	-1	-1	0
1504	1509	1661	25	-1	-1	-1	0
1507	1662	1505	25	-1	-1	-1	0
1460	1607	1608	25	-1	-1	-1	0
1516	1501	1659	25	-1	-1	-1	0
1461	1609	1606	39	-1	-1	-1	2.7562836541080586
1506	1665	1509	25	-1	-1	-1	0
1507	1508	1666	25	-1	-1	-1	0
1462	1610	1609	39	-1	-1	-1	2.7562836541080586
1610	1462	1611	39	-1	-1	-1	2.7562836541080586
1508	1510	1667	41	-1	-1	-1	-2.75628365410806
1612	1611	1463	39	-1	-1	-1	2.7562836541080586
1463	1613	1612	39	-1	-1	-1	2.7562836541080586
1669	1510	1511	41	-1	-1	-1	-2.75628365410806
1488	1560	1644	32	-1	-1	-1	0
1614	1613	1465	32	-1	-1	-1	0
1669	1511	1514	41	-1	-1	-1	-2.75628365410806
1512	1671	1513	41	-1	-1	-1	-2.75628365410806
1467	1615	1616	32	-1	-1	-1	0
1471	1608	1621	25	-1	-1	-1	0
1622	1605	1473	25	-1	-1	-1	0
1673	1512	1515	41	-1	-1	-1	-2.75628365410806
1652	1552	1497	4	-1	-1	-1	0
1659	1527	1516	25	-1	-1	-1	0
1513	1675	1514	41	-1	-1	-1	-2.75628365410806
1470	1619	1614	32	-1	-1	-1	0
1616	1618	1469	32	-1	-1	-1	0
1469	1618	1617	32	-1	-1	-1	0
1470	1617	1620	32	-1	-1	-1	0
1620	1619	1470	32	-1	-1	-1	0
1519	1678	1518	32	-1	-1	-1	0
1623	1474	1621	25	-1	-1	-1	0
1622	1474	1623	25	-1	-1	-1	0
1679	1521	1520	40	-1	-1	-1	-2.7562836541080595
1515	1528	1677	41	-1	-1	-1	-2.75628365410806
1678	1519	1524	32	-1	-1	-1	0
1522	1679	1520	40	-1	-1	-1	-2.7562836541080595
1625	1475	1624	32	-1	-1	-1	0
1680	1524	1521	32	-1	-1	-1	0
1625	1626	1475	32	-1	-1	-1	0
1682	1522	1523	40	-1	-1	-1	-2.7562836541080595
1624	1476	1628	32	-1	-1	-1	0
1525	1683	1523	40	-1	-1	-1	-2.7562836541080595
1476	1627	1628	32	-1	-1	-1	0
1477	1629	1627	32	-1	-1	-1	0
1529	1677	1528	41	-1	-1	-1	-2.75628365410806
1638	1615	1483	32	-1	-1	-1	0
1525	1526	1687	40	-1	-1	-1	-2.7562836541080595
1631	1629	1479	32	-1	-1	-1	0
1688	1526	1527	40	-1	-1	-1	-2.7562836541080595
1632	1480	1630	32	-1	-1	-1	0
1480	1632	1631	32	-1	-1	-1	0
1634	1630	1481	32	-1	-1	-1	0
1633	1634	1481	32	-1	-1	-1	0
1484	1626	1639	32	-1	-1	-1	0
1635	1633	1482	32	-1	-1	-1	0
1690	1529	1533	34	-1	-1	-1	0
1636	1635	1482	32	-1	-1	-1	0
1678	1558	1518	32	-1	-1	-1	0
1579	1591	1585	30	-1	-1	-1	0
1531	1692	1532	34	-1	-1	-1	0
1483	1637	1638	32	-1	-1	-1	0
1691	1531	1536	34	-1	-1	-1	0
1534	1532	1693	34	-1	-1	-1	0
1639	1637	1484	32	-1	-1	-1	0
1533	1534	1694	34	-1	-1	-1	0
1486	1641	1636	32	-1	-1	-1	0
1641	1486	1642	32	-1	-1	-1	0
1643	1487	1640	32	-1	-1	-1	0
1643	1642	1487	32	-1	-1	-1	0
1698	1537	1538	2	-1	-1	-1	0
1489	1645	1640	32	-1	-1	-1	0
1536	1543	1697	25	-1	-1	-1	0
1540	1539	1699	34	-1	-1	-1	0
1489	1644	1645	32	-1	-1	-1	0
1544	1537	1698	2	-1	-1	-1	0
1542	1540	1697	25	-1	-1	-1	0
1541	1700	1539	34	-1	-1	-1	0
1543	1542	1697	25	-1	-1	-1	0
1597	1594	1592	38	-1	-1	-1	2.7562836541080555
1490	1646	1647	26	-1	-1	-1	0
1647	1648	1491	0	-1	-1	-1	0
1538	1553	1698	2	-1	-1	-1	0
1701	1541	1547	34	-1	-1	-1	0
1649	1492	1648	0	-1	-1	-1	0
1703	1546	1544	2	-1	-1	-1	0
1493	1651	1650	10	-1	-1	-1	3.2953801091649382
1649	1651	1494	0	-1	-1	-1	0
1546	1704	1545	0	-1	-1	-1	0
1545	1705	1547	25	-1	-1	-1	0
1652	1498	1653	4	-1	-1	-1	0
1655	1499	1650	0	-1	-1	-1	0
1550	1707	1548	0	-1	-1	-1	0
1499	1655	1654	0	-1	-1	-1	0
1550	1549	1709	0	-1	-1	-1	0
1499	1654	1656	0	-1	-1	-1	0
1551	1709	1549	0	-1	-1	-1	0
1548	1708	1554	0	-1	-1	-1	0
1653	1500	1658	0	-1	-1	-1	0
1657	1500	1656	0	-1	-1	-1	0
1552	1711	1551	0	-1	-1	-1	0
1657	1658	1500	0	-1	-1	-1	0
1554	1713	1553	0	-1	-1	-1	0
1659	1502	1660	25	-1	-1	-1	0
1503	1661	1660	25	-1	-1	-1	0
1557	1716	1555	34	-1	-1	-1	0
1717	1556	1555	34	-1	-1	-1	0
1506	1662	1664	25	-1	-1	-1	0
1506	1664	1663	25	-1	-1	-1	0
1556	1718	1559	34	-1	-1	-1	0
1663	1665	1506	25	-1	-1	-1	0
1719	1557	1558	34	-1	-1	-1	0
1507	1666	1662	25	-1	-1	-1	0
1509	1668	1661	25	-1	-1	-1	0
1508	1667	1666	41	-1	-1	-1	-2.75628365410806
1560	1559	1722	34	-1	-1	-1	0
1509	1665	1668	25	-1	-1	-1	0
1667	1510	1670	41	-1	-1	-1	-2.75628365410806
1725	1561	1562	26	-1	-1	-1	0
1670	1510	1669	41	-1	-1	-1	-2.75628365410806
1562	1563	1726	0	-1	-1	-1	0
1726	1563	1566	0	-1	-1	-1	0
1672	1671	1512	41	-1	-1	-1	-2.75628365410806
1564	1727	1565	0	-1	-1	-1	0
1512	1673	1672	41	-1	-1	-1	-2.75628365410806
1671	1674	1513	41	-1	-1	-1	-2.75628365410806
1514	1676	1669	41	-1	-1	-1	-2.75628365410806
1567	1565	1728	0	-1	-1	-1	0
1569	1727	1564	0	-1	-1	-1	0
1729	1566	1567	0	-1	-1	-1	0
1675	1513	1674	41	-1	-1	-1	-2.75628365410806
1677	1673	1515	41	-1	-1	-1	-2.75628365410806
1675	1676	1514	41	-1	-1	-1	-2.75628365410806
1570	1730	1568	6	-1	-1	-1	0
1731	1569	1568	0	-1	-1	-1	0
1616	1615	1638	32	-1	-1	-1	0
1733	1570	1571	6	-1	-1	-1	0
1527	1659	1689	25	-1	-1	-1	0
1734	1571	1572	6	-1	-1	-1	0
1679	1680	1521	32	-1	-1	-1	0
1573	1735	1572	0	-1	-1	-1	0
1522	1681	1679	40	-1	-1	-1	-2.7562836541080595
1573	1574	1737	0	-1	-1	-1	0
1522	1682	1681	40	-1	-1	-1	-2.7562836541080595
1678	1524	1685	32	-1	-1	-1	0
1739	1574	1575	0	-1	-1	-1	0
1684	1682	1523	40	-1	-1	-1	-2.7562836541080595
1739	1575	1576	0	-1	-1	-1	0
1683	1684	1523	40	-1	-1	-1	-2.7562836541080595
1524	1680	1686	32	-1	-1	-1	0
1576	1577	1740	0	-1	-1	-1	0
1685	1524	1686	32	-1	-1	-1	0
1525	1687	1683	40	-1	-1	-1	-2.7562836541080595
1577	1578	1741	8	-1	-1	-1	0
1529	1690	1677	34	-1	-1	-1	0
1688	1687	1526	40	-1	-1	-1	-2.7562836541080595
1688	1527	1689	25	-1	-1	-1	0
1581	1743	1580	25	-1	-1	-1	0
1586	1742	1578	8	-1	-1	-1	0
1580	1744	1582	0	-1	-1	-1	0
1581	1584	1745	30	-1	-1	-1	0
1692	1531	1691	34	-1	-1	-1	0
1583	1747	1584	30	-1	-1	-1	0
1747	1583	1585	30	-1	-1	-1	0
1582	1746	1587	0	-1	-1	-1	0
1552	1652	1712	4	-1	-1	-1	0
1692	1693	1532	34	-1	-1	-1	0
1695	1690	1533	34	-1	-1	-1	0
1587	1746	1586	8	-1	-1	-1	0
1533	1694	1695	34	-1	-1	-1	0
1747	1585	1591	30	-1	-1	-1	0
1693	1696	1534	34	-1	-1	-1	0
1534	1696	1694	34	-1	-1	-1	0
1697	1691	1536	34	-1	-1	-1	0
1723	1644	1560	34	-1	-1	-1	0
1588	1751	1589	30	-1	-1	-1	0
1692	1697	1540	34	-1	-1	-1	0
1589	1751	1590	30	-1	-1	-1	0
1540	1699	1692	34	-1	-1	-1	0
1752	1591	1590	30	-1	-1	-1	0
1751	1588	1595	38	-1	-1	-1	2.7562836541080555
1539	1700	1699	34	-1	-1	-1	0
1753	1593	1594	30	-1	-1	-1	0
1595	1593	1754	30	-1	-1	-1	0
1541	1701	1700	34	-1	-1	-1	0
1544	1698	1702	2	-1	-1	-1	0
1597	1755	1594	38	-1	-1	-1	2.7562836541080555
1702	1703	1544	2	-1	-1	-1	0
1596	1758	1597	38	-1	-1	-1	2.7562836541080555
1704	1546	1703	25	-1	-1	-1	0
1705	1545	1704	25	-1	-1	-1	0
1547	1706	1701	34	-1	-1	-1	0
1758	1596	1602	38	-1	-1	-1	2.7562836541080555
1558	1678	1721	32	-1	-1	-1	0
1706	1547	1705	34	-1	-1	-1	0
1761	1599	1598	38	-1	-1	-1	2.7562836541080555
1762	1598	1601	25	-1	-1	-1	0
1763	1600	1599	38	-1	-1	-1	2.7562836541080555
1548	1707	1708	0	-1	-1	-1	0
1714	1698	1553	2	-1	-1	-1	0
1707	1550	1710	0	-1	-1	-1	0
1764	1604	1600	38	-1	-1	-1	2.7562836541080555
1709	1710	1550	0	-1	-1	-1	0
1605	1765	1601	25	-1	-1	-1	0
1603	1766	1602	38	-1	-1	-1	2.7562836541080555
1711	1709	1551	0	-1	-1	-1	0
1603	1604	1767	38	-1	-1	-1	2.7562836541080555
1711	1552	1712	4	-1	-1	-1	0
1708	1715	1554	0	-1	-1	-1	0
1713	1714	1553	0	-1	-1	-1	0
1715	1713	1554	0	-1	-1	-1	0
1607	1606	1772	39	-1	-1	-1	2.7562836541080586
1609	1771	1606	39	-1	-1	-1	2.7562836541080586
1717	1555	1716	34	-1	-1	-1	0
1607	1773	1608	25	-1	-1	-1	0
1717	1718	1556	34	-1	-1	-1	0
1719	1716	1557	34	-1	-1	-1	0
1609	1610	1774	39	-1	-1	-1	2.7562836541080586
1605	1622	1769	25	-1	-1	-1	0
1558	1720	1719	34	-1	-1	-1	0
1776	1610	1611	39	-1	-1	-1	2.7562836541080586
1558	1721	1720	34	-1	-1	-1	0
1718	1722	1559	34	-1	-1	-1	0
1778	1611	1612	39	-1	-1	-1	2.7562836541080586
1608	1773	1621	25	-1	-1	-1	0
1612	1613	1779	32	-1	-1	-1	0
1723	1560	1722	34	-1	-1	-1	0
1614	1779	1613	32	-1	-1	-1	0
1689	1659	1660	25	-1	-1	-1	0
1724	1561	1725	26	-1	-1	-1	0
1726	1725	1562	0	-1	-1	-1	0
1619	1782	1614	32	-1	-1	-1	0
1670	1669	1676	41	-1	-1	-1	-2.75628365410806
1618	1616	1783	32	-1	-1	-1	0
1623	1621	1773	25	-1	-1	-1	0
1784	1617	1618	32	-1	-1	-1	0
1727	1728	1565	0	-1	-1	-1	0
1620	1617	1784	32	-1	-1	-1	0
1729	1726	1566	0	-1	-1	-1	0
1729	1567	1728	23	-1	-1	-1	-3.2953801091649044
1787	1619	1620	30	-1	-1	-1	0
1727	1569	1732	0	-1	-1	-1	0
1730	1731	1568	0	-1	-1	-1	0
1731	1732	1569	0	-1	-1	-1	0
1730	1570	1733	6	-1	-1	-1	0
1622	1623	1789	25	-1	-1	-1	0
1616	1638	1783	32	-1	-1	-1	0
1571	1734	1733	6	-1	-1	-1	0
1572	1735	1734	6	-1	-1	-1	0
1793	1625	1624	32	-1	-1	-1	0
1735	1573	1736	0	-1	-1	-1	0
1793	1624	1628	32	-1	-1	-1	0
1737	1736	1573	0	-1	-1	-1	0
1795	1626	1625	30	-1	-1	-1	0
1574	1738	1737	0	-1	-1	-1	0
1739	1738	1574	0	-1	-1	-1	0
1797	1627	1629	32	-1	-1	-1	0
1628	1627	1798	32	-1	-1	-1	0
1739	1576	1740	0	-1	-1	-1	0
1741	1740	1577	0	-1	-1	-1	0
1629	1631	1800	32	-1	-1	-1	0
1742	1741	1578	8	-1	-1	-1	0
1639	1626	1796	30	-1	-1	-1	0
1802	1632	1630	32	-1	-1	-1	0
1634	1802	1630	32	-1	-1	-1	0
1631	1632	1803	32	-1	-1	-1	0
1580	1743	1744	25	-1	-1	-1	0
1745	1743	1581	30	-1	-1	-1	0
1744	1746	1582	0	-1	-1	-1	0
1806	1634	1633	32	-1	-1	-1	0
1806	1633	1635	32	-1	-1	-1	0
1745	1584	1748	30	-1	-1	-1	0
1750	1742	1586	8	-1	-1	-1	0
1749	1584	1747	30	-1	-1	-1	0
1697	1692	1691	34	-1	-1	-1	0
1635	1636	1810	32	-1	-1	-1	0
1749	1748	1584	30	-1	-1	-1	0
1750	1586	1746	8	-1	-1	-1	0
1693	1692	1699	34	-1	-1	-1	0
1721	1678	1685	32	-1	-1	-1	0
1638	1637	1814	32	-1	-1	-1	0
1747	1591	1752	30	-1	-1	-1	0
1636	1641	1813	32	-1	-1	-1	0
1637	1639	1815	32	-1	-1	-1	0
1700	1693	1699	34	-1	-1	-1	0
1590	1751	1752	30	-1	-1	-1	0
1593	1753	1754	30	-1	-1	-1	0
1640	1817	1643	32	-1	-1	-1	0
1642	1818	1641	32	-1	-1	-1	0
1817	1640	1645	32	-1	-1	-1	0
1594	1756	1753	30	-1	-1	-1	0
1757	1751	1595	30	-1	-1	-1	0
1643	1819	1642	32	-1	-1	-1	0
1755	1756	1594	30	-1	-1	-1	0
1757	1595	1754	30	-1	-1	-1	0
1644	1821	1645	34	-1	-1	-1	0
1597	1759	1755	38	-1	-1	-1	2.7562836541080555
1714	1702	1698	2	-1	-1	-1	0
1760	1597	1758	38	-1	-1	-1	2.7562836541080555
1597	1760	1759	38	-1	-1	-1	2.7562836541080555
1646	1824	1647	26	-1	-1	-1	0
1648	1647	1825	0	-1	-1	-1	0
1598	1762	1761	38	-1	-1	-1	2.7562836541080555
1825	1649	1648	0	-1	-1	-1	0
1599	1761	1763	38	-1	-1	-1	2.7562836541080555
1602	1766	1758	38	-1	-1	-1	2.7562836541080555
1600	1763	1764	38	-1	-1	-1	2.7562836541080555
1828	1651	1649	0	-1	-1	-1	0
1765	1762	1601	25	-1	-1	-1	0
1651	1829	1650	10	-1	-1	-1	3.2953801091649382
1655	1650	1829	10	-1	-1	-1	3.2953801091649382
1766	1603	1767	38	-1	-1	-1	2.7562836541080555
1831	1652	1653	4	-1	-1	-1	0
1768	1604	1764	38	-1	-1	-1	2.7562836541080555
1768	1767	1604	38	-1	-1	-1	2.7562836541080555
1605	1770	1765	25	-1	-1	-1	0
1656	1654	1833	0	-1	-1	-1	0
1655	1834	1654	0	-1	-1	-1	0
1658	1832	1653	0	-1	-1	-1	0
1605	1769	1770	25	-1	-1	-1	0
1656	1836	1657	0	-1	-1	-1	0
1606	1771	1772	39	-1	-1	-1	2.7562836541080586
1607	1772	1773	25	-1	-1	-1	0
1658	1657	1838	0	-1	-1	-1	0
1609	1775	1771	39	-1	-1	-1	2.7562836541080586
1609	1774	1775	39	-1	-1	-1	2.7562836541080586
1776	1774	1610	39	-1	-1	-1	2.7562836541080586
1660	1661	1842	25	-1	-1	-1	0
1777	1776	1611	39	-1	-1	-1	2.7562836541080586
1777	1611	1778	39	-1	-1	-1	2.7562836541080586
1662	1843	1664	25	-1	-1	-1	0
1844	1663	1664	25	-1	-1	-1	0
1780	1778	1612	32	-1	-1	-1	0
1668	1842	1661	25	-1	-1	-1	0
1666	1843	1662	25	-1	-1	-1	0
1612	1779	1780	32	-1	-1	-1	0
1845	1665	1663	25	-1	-1	-1	0
1614	1781	1779	32	-1	-1	-1	0
1667	1843	1666	41	-1	-1	-1	-2.75628365410806
1614	1782	1781	32	-1	-1	-1	0
1668	1665	1847	25	-1	-1	-1	0
1622	1790	1769	25	-1	-1	-1	0
1785	1618	1783	32	-1	-1	-1	0
1849	1667	1670	41	-1	-1	-1	-2.75628365410806
1782	1619	1786	30	-1	-1	-1	0
1773	1791	1623	25	-1	-1	-1	0
1618	1785	1784	32	-1	-1	-1	0
1821	1644	1723	34	-1	-1	-1	0
1660	1841	1689	25	-1	-1	-1	0
1788	1620	1784	30	-1	-1	-1	0
1619	1787	1786	30	-1	-1	-1	0
1620	1788	1787	30	-1	-1	-1	0
1652	1831	1712	4	-1	-1	-1	0
1672	1855	1671	41	-1	-1	-1	-2.75628365410806
1670	1676	1853	41	-1	-1	-1	-2.75628365410806
1671	1854	1674	41	-1	-1	-1	-2.75628365410806
1790	1622	1789	25	-1	-1	-1	0
1857	1672	1673	34	-1	-1	-1	0
1789	1623	1792	25	-1	-1	-1	0
1791	1792	1623	25	-1	-1	-1	0
1673	1677	1858	34	-1	-1	-1	0
1859	1675	1674	41	-1	-1	-1	-2.75628365410806
1675	1860	1676	41	-1	-1	-1	-2.75628365410806
1625	1793	1794	30	-1	-1	-1	0
1794	1795	1625	30	-1	-1	-1	0
1626	1795	1796	30	-1	-1	-1	0
1628	1799	1793	32	-1	-1	-1	0
1680	1679	1861	32	-1	-1	-1	0
1679	1681	1861	32	-1	-1	-1	0
1797	1798	1627	32	-1	-1	-1	0
1858	1677	1690	34	-1	-1	-1	0
1799	1628	1798	32	-1	-1	-1	0
1681	1682	1864	40	-1	-1	-1	-2.7562836541080595
1629	1801	1797	32	-1	-1	-1	0
1680	1862	1686	32	-1	-1	-1	0
1629	1800	1801	32	-1	-1	-1	0
1865	1682	1684	40	-1	-1	-1	-2.7562836541080595
1867	1684	1683	40	-1	-1	-1	-2.7562836541080595
1803	1800	1631	32	-1	-1	-1	0
1783	1638	1814	32	-1	-1	-1	0
1802	1804	1632	32	-1	-1	-1	0
1868	1683	1687	40	-1	-1	-1	-2.7562836541080595
1805	1803	1632	32	-1	-1	-1	0
1632	1804	1805	32	-1	-1	-1	0
1858	1690	1695	34	-1	-1	-1	0
1686	1872	1685	32	-1	-1	-1	0
1802	1634	1807	32	-1	-1	-1	0
1806	1808	1634	32	-1	-1	-1	0
1634	1808	1807	32	-1	-1	-1	0
1687	1688	1874	40	-1	-1	-1	-2.7562836541080595
1639	1796	1816	30	-1	-1	-1	0
1689	1875	1688	25	-1	-1	-1	0
1811	1806	1635	32	-1	-1	-1	0
1635	1810	1809	32	-1	-1	-1	0
1635	1809	1811	32	-1	-1	-1	0
1636	1812	1810	32	-1	-1	-1	0
1752	1751	1757	30	-1	-1	-1	0
1812	1636	1813	32	-1	-1	-1	0
1876	1696	1693	34	-1	-1	-1	0
1877	1695	1694	34	-1	-1	-1	0
1637	1815	1814	32	-1	-1	-1	0
1694	1696	1878	34	-1	-1	-1	0
1693	1700	1876	34	-1	-1	-1	0
1639	1816	1815	30	-1	-1	-1	0
1818	1813	1641	32	-1	-1	-1	0
1700	1701	1876	34	-1	-1	-1	0
1721	1685	1872	32	-1	-1	-1	0
1818	1642	1819	32	-1	-1	-1	0
1643	1817	1820	32	-1	-1	-1	0
1820	1819	1643	32	-1	-1	-1	0
1758	1766	1760	38	-1	-1	-1	2.7562836541080555
1822	1817	1645	34	-1	-1	-1	0
1702	1882	1703	2	-1	-1	-1	0
1821	1822	1645	34	-1	-1	-1	0
1881	1701	1706	34	-1	-1	-1	0
1703	1883	1704	25	-1	-1	-1	0
1883	1705	1704	25	-1	-1	-1	0
1767	1760	1766	38	-1	-1	-1	2.7562836541080555
1823	1824	1646	26	-1	-1	-1	0
1705	1884	1706	34	-1	-1	-1	0
1647	1824	1826	0	-1	-1	-1	0
1714	1882	1702	2	-1	-1	-1	0
1825	1647	1826	0	-1	-1	-1	0
1825	1827	1649	0	-1	-1	-1	0
1888	1708	1707	0	-1	-1	-1	0
1828	1649	1827	0	-1	-1	-1	0
1707	1710	1887	0	-1	-1	-1	0
1709	1890	1710	0	-1	-1	-1	0
1651	1828	1830	10	-1	-1	-1	3.2953801091649382
1829	1651	1830	10	-1	-1	-1	3.2953801091649382
1891	1709	1711	0	-1	-1	-1	0
1889	1715	1708	0	-1	-1	-1	0
1653	1832	1831	4	-1	-1	-1	0
1711	1712	1894	4	-1	-1	-1	0
1829	1835	1655	10	-1	-1	-1	3.2953801091649382
1834	1833	1654	0	-1	-1	-1	0
1714	1713	1895	0	-1	-1	-1	0
1895	1713	1715	0	-1	-1	-1	0
1835	1834	1655	10	-1	-1	-1	3.2953801091649382
1837	1656	1833	0	-1	-1	-1	0
1832	1658	1839	0	-1	-1	-1	0
1837	1836	1656	0	-1	-1	-1	0
1657	1836	1838	0	-1	-1	-1	0
1717	1716	1898	34	-1	-1	-1	0
1898	1716	1719	34	-1	-1	-1	0
1717	1899	1718	34	-1	-1	-1	0
1658	1838	1840	0	-1	-1	-1	0
1772	1791	1773	25	-1	-1	-1	0
1839	1658	1840	0	-1	-1	-1	0
1722	1718	1900	34	-1	-1	-1	0
1720	1903	1719	34	-1	-1	-1	0
1842	1841	1660	25	-1	-1	-1	0
1904	1720	1721	34	-1	-1	-1	0
1905	1723	1722	34	-1	-1	-1	0
1845	1663	1844	25	-1	-1	-1	0
1843	1846	1664	25	-1	-1	-1	0
1664	1846	1844	25	-1	-1	-1	0
1725	1908	1724	26	-1	-1	-1	0
1847	1665	1845	25	-1	-1	-1	0
1848	1843	1667	41	-1	-1	-1	-2.75628365410806
1726	1909	1725	0	-1	-1	-1	0
1668	1850	1842	25	-1	-1	-1	0
1667	1849	1848	41	-1	-1	-1	-2.75628365410806
1729	1910	1726	0	-1	-1	-1	0
1847	1850	1668	25	-1	-1	-1	0
1727	1912	1728	0	-1	-1	-1	0
1729	1728	1913	23	-1	-1	-1	-3.2953801091649044
1670	1851	1849	41	-1	-1	-1	-2.75628365410806
1912	1727	1732	0	-1	-1	-1	0
1851	1670	1852	41	-1	-1	-1	-2.75628365410806
1852	1670	1853	41	-1	-1	-1	-2.75628365410806
1730	1916	1731	0	-1	-1	-1	0
1733	1917	1730	6	-1	-1	-1	0
1671	1855	1854	41	-1	-1	-1	-2.75628365410806
1918	1732	1731	0	-1	-1	-1	0
1814	1785	1783	32	-1	-1	-1	0
1855	1672	1856	34	-1	-1	-1	0
1672	1857	1856	34	-1	-1	-1	0
1859	1674	1854	41	-1	-1	-1	-2.75628365410806
1673	1858	1857	34	-1	-1	-1	0
1860	1853	1676	41	-1	-1	-1	-2.75628365410806
1734	1921	1733	6	-1	-1	-1	0
1735	1923	1734	6	-1	-1	-1	0
1859	1860	1675	41	-1	-1	-1	-2.75628365410806
1736	1924	1735	0	-1	-1	-1	0
1925	1736	1737	0	-1	-1	-1	0
1738	1927	1737	0	-1	-1	-1	0
1861	1862	1680	32	-1	-1	-1	0
1689	1841	1875	25	-1	-1	-1	0
1861	1681	1863	32	-1	-1	-1	0
1738	1739	1929	0	-1	-1	-1	0
1681	1864	1863	32	-1	-1	-1	0
1739	1740	1930	0	-1	-1	-1	0
1682	1866	1864	40	-1	-1	-1	-2.7562836541080595
1740	1741	1932	0	-1	-1	-1	0
1865	1866	1682	40	-1	-1	-1	-2.7562836541080595
1815	1785	1814	32	-1	-1	-1	0
1934	1741	1742	8	-1	-1	-1	0
1683	1869	1867	40	-1	-1	-1	-2.7562836541080595
1870	1865	1684	40	-1	-1	-1	-2.7562836541080595
1869	1683	1868	40	-1	-1	-1	-2.7562836541080595
1862	1873	1686	32	-1	-1	-1	0
1867	1871	1684	40	-1	-1	-1	-2.7562836541080595
1743	1745	1935	30	-1	-1	-1	0
1936	1744	1743	25	-1	-1	-1	0
1870	1684	1871	40	-1	-1	-1	-2.7562836541080595
1811	1808	1806	32	-1	-1	-1	0
1750	1934	1742	8	-1	-1	-1	0
1746	1744	1937	0	-1	-1	-1	0
1748	1935	1745	30	-1	-1	-1	0
1874	1868	1687	40	-1	-1	-1	-2.7562836541080595
1873	1872	1686	32	-1	-1	-1	0
1858	1695	1880	34	-1	-1	-1	0
1746	1937	1750	25	-1	-1	-1	0
1938	1749	1747	30	-1	-1	-1	0
1688	1875	1874	25	-1	-1	-1	0
1938	1747	1752	30	-1	-1	-1	0
1831	1894	1712	4	-1	-1	-1	0
1748	1749	1940	30	-1	-1	-1	0
1757	1938	1752	30	-1	-1	-1	0
1878	1877	1694	34	-1	-1	-1	0
1753	1943	1754	30	-1	-1	-1	0
1876	1878	1696	34	-1	-1	-1	0
1906	1821	1723	34	-1	-1	-1	0
1877	1879	1695	34	-1	-1	-1	0
1756	1943	1753	30	-1	-1	-1	0
1879	1880	1695	34	-1	-1	-1	0
1944	1757	1754	30	-1	-1	-1	0
1756	1755	1945	30	-1	-1	-1	0
1881	1876	1701	34	-1	-1	-1	0
1759	1946	1755	38	-1	-1	-1	2.7562836541080555
1759	1760	1949	38	-1	-1	-1	2.7562836541080555
1882	1883	1703	25	-1	-1	-1	0
1885	1705	1883	25	-1	-1	-1	0
1886	1881	1706	34	-1	-1	-1	0
1884	1705	1885	34	-1	-1	-1	0
1762	1951	1761	38	-1	-1	-1	2.7562836541080555
1761	1951	1763	38	-1	-1	-1	2.7562836541080555
1706	1884	1886	34	-1	-1	-1	0
1760	1767	1950	38	-1	-1	-1	2.7562836541080555
1765	1952	1762	25	-1	-1	-1	0
1764	1763	1954	38	-1	-1	-1	2.7562836541080555
1888	1707	1887	0	-1	-1	-1	0
1950	1767	1768	38	-1	-1	-1	2.7562836541080555
1889	1708	1888	0	-1	-1	-1	0
1768	1764	1955	38	-1	-1	-1	2.7562836541080555
1952	1765	1770	25	-1	-1	-1	0
1887	1710	1892	0	-1	-1	-1	0
1709	1891	1890	0	-1	-1	-1	0
1896	1882	1714	0	-1	-1	-1	0
1890	1893	1710	0	-1	-1	-1	0
1893	1892	1710	0	-1	-1	-1	0
1891	1711	1894	4	-1	-1	-1	0
1721	1872	1904	34	-1	-1	-1	0
1769	1959	1770	25	-1	-1	-1	0
1897	1715	1889	0	-1	-1	-1	0
1771	1962	1772	39	-1	-1	-1	2.7562836541080586
1895	1896	1714	0	-1	-1	-1	0
1775	1961	1771	39	-1	-1	-1	2.7562836541080586
1715	1897	1895	0	-1	-1	-1	0
1774	1776	1963	39	-1	-1	-1	2.7562836541080586
1775	1774	1964	39	-1	-1	-1	2.7562836541080586
1898	1899	1717	34	-1	-1	-1	0
1900	1718	1899	34	-1	-1	-1	0
1769	1790	1958	25	-1	-1	-1	0
1719	1902	1898	34	-1	-1	-1	0
1777	1967	1776	39	-1	-1	-1	2.7562836541080586
1719	1901	1902	34	-1	-1	-1	0
1903	1901	1719	34	-1	-1	-1	0
1970	1777	1778	39	-1	-1	-1	2.7562836541080586
1772	1962	1791	25	-1	-1	-1	0
1904	1903	1720	34	-1	-1	-1	0
1905	1722	1900	34	-1	-1	-1	0
1778	1780	1971	32	-1	-1	-1	0
1779	1972	1780	32	-1	-1	-1	0
1972	1779	1781	32	-1	-1	-1	0
1723	1905	1906	34	-1	-1	-1	0
1843	1848	1846	41	-1	-1	-1	-2.75628365410806
1782	1974	1781	32	-1	-1	-1	0
1908	1907	1724	26	-1	-1	-1	0
1908	1725	1909	0	-1	-1	-1	0
1786	1975	1782	30	-1	-1	-1	0
1976	1784	1785	30	-1	-1	-1	0
1726	1911	1909	0	-1	-1	-1	0
1726	1910	1911	0	-1	-1	-1	0
1788	1784	1976	30	-1	-1	-1	0
1786	1787	1978	30	-1	-1	-1	0
1914	1728	1912	0	-1	-1	-1	0
1910	1729	1915	23	-1	-1	-1	-3.2953801091649044
1728	1914	1913	23	-1	-1	-1	-3.2953801091649044
1788	1980	1787	30	-1	-1	-1	0
1729	1913	1915	23	-1	-1	-1	-3.2953801091649044
1982	1790	1789	25	-1	-1	-1	0
1916	1730	1917	0	-1	-1	-1	0
1792	1982	1789	25	-1	-1	-1	0
1912	1732	1920	0	-1	-1	-1	0
1731	1916	1919	0	-1	-1	-1	0
1791	1984	1792	25	-1	-1	-1	0
1919	1918	1731	0	-1	-1	-1	0
1920	1732	1918	0	-1	-1	-1	0
1921	1917	1733	6	-1	-1	-1	0
1987	1794	1793	30	-1	-1	-1	0
1734	1922	1921	6	-1	-1	-1	0
1795	1794	1988	30	-1	-1	-1	0
1977	1785	1815	30	-1	-1	-1	0
1793	1799	1987	30	-1	-1	-1	0
1923	1922	1734	6	-1	-1	-1	0
1989	1796	1795	30	-1	-1	-1	0
1735	1924	1923	6	-1	-1	-1	0
1924	1736	1926	0	-1	-1	-1	0
1736	1925	1926	0	-1	-1	-1	0
1797	1993	1798	32	-1	-1	-1	0
1927	1925	1737	0	-1	-1	-1	0
1797	1801	1993	32	-1	-1	-1	0
1994	1799	1798	32	-1	-1	-1	0
1738	1928	1927	0	-1	-1	-1	0
1858	1880	1857	34	-1	-1	-1	0
1928	1738	1929	0	-1	-1	-1	0
1801	1800	1997	32	-1	-1	-1	0
1739	1931	1929	0	-1	-1	-1	0
1996	1800	1803	32	-1	-1	-1	0
1930	1931	1739	0	-1	-1	-1	0
1930	1740	1932	0	-1	-1	-1	0
1992	1816	1796	30	-1	-1	-1	0
1804	1802	1999	32	-1	-1	-1	0
1932	1741	1933	0	-1	-1	-1	0
1977	1815	1816	30	-1	-1	-1	0
1933	1741	1934	0	-1	-1	-1	0
1802	1807	2000	32	-1	-1	-1	0
1805	2001	1803	32	-1	-1	-1	0
2002	1805	1804	32	-1	-1	-1	0
1936	1743	1935	30	-1	-1	-1	0
1807	1808	2000	32	-1	-1	-1	0
1744	1936	1937	25	-1	-1	-1	0
1935	1748	1939	30	-1	-1	-1	0
1808	1811	2004	32	-1	-1	-1	0
1809	2006	1811	32	-1	-1	-1	0
1810	2007	1809	32	-1	-1	-1	0
1934	1750	1942	25	-1	-1	-1	0
1940	1939	1748	30	-1	-1	-1	0
1941	1749	1938	30	-1	-1	-1	0
1937	1942	1750	25	-1	-1	-1	0
1749	1941	1940	30	-1	-1	-1	0
2008	1810	1812	32	-1	-1	-1	0
1813	2009	1812	32	-1	-1	-1	0
1878	1876	1881	34	-1	-1	-1	0
1944	1938	1757	30	-1	-1	-1	0
1754	1943	1944	30	-1	-1	-1	0
1813	1818	2011	32	-1	-1	-1	0
1881	1886	1878	34	-1	-1	-1	0
1755	1946	1945	30	-1	-1	-1	0
1943	1756	1948	30	-1	-1	-1	0
1945	1947	1756	30	-1	-1	-1	0
2011	1818	1819	32	-1	-1	-1	0
2013	1820	1817	34	-1	-1	-1	0
1947	1948	1756	30	-1	-1	-1	0
1822	2013	1817	34	-1	-1	-1	0
1820	2015	1819	32	-1	-1	-1	0
1759	1949	1946	38	-1	-1	-1	2.7562836541080555
1949	1760	1950	38	-1	-1	-1	2.7562836541080555
2017	1822	1821	34	-1	-1	-1	0
1952	1951	1762	38	-1	-1	-1	2.7562836541080555
1763	1951	1953	38	-1	-1	-1	2.7562836541080555
1763	1953	1954	38	-1	-1	-1	2.7562836541080555
1824	1823	2020	26	-1	-1	-1	0
1824	2021	1826	0	-1	-1	-1	0
1954	1955	1764	38	-1	-1	-1	2.7562836541080555
1825	1826	2022	0	-1	-1	-1	0
2022	1827	1825	0	-1	-1	-1	0
1768	1957	1950	38	-1	-1	-1	2.7562836541080555
1827	2024	1828	0	-1	-1	-1	0
1768	1955	1956	38	-1	-1	-1	2.7562836541080555
1956	1957	1768	38	-1	-1	-1	2.7562836541080555
1952	1770	1960	25	-1	-1	-1	0
1830	1828	2025	0	-1	-1	-1	0
1829	1830	2026	10	-1	-1	-1	3.2953801091649382
1769	1958	1959	25	-1	-1	-1	0
1959	1960	1770	25	-1	-1	-1	0
1829	2026	1835	10	-1	-1	-1	3.2953801091649382
2028	1831	1832	4	-1	-1	-1	0
1962	1771	1961	39	-1	-1	-1	2.7562836541080586
2030	1833	1834	0	-1	-1	-1	0
1835	2030	1834	10	-1	-1	-1	3.2953801091649382
2029	1832	1839	0	-1	-1	-1	0
2030	1837	1833	0	-1	-1	-1	0
1774	1963	1964	39	-1	-1	-1	2.7562836541080586
1775	1966	1961	39	-1	-1	-1	2.7562836541080586
1965	1775	1964	39	-1	-1	-1	2.7562836541080586
1966	1775	1965	39	-1	-1	-1	2.7562836541080586
1837	2033	1836	0	-1	-1	-1	0
1968	1963	1776	39	-1	-1	-1	2.7562836541080586
1838	1836	2034	0	-1	-1	-1	0
1967	1968	1776	39	-1	-1	-1	2.7562836541080586
1969	1967	1777	39	-1	-1	-1	2.7562836541080586
2036	1840	1838	0	-1	-1	-1	0
1840	2037	1839	0	-1	-1	-1	0
1970	1969	1777	39	-1	-1	-1	2.7562836541080586
1971	1970	1778	32	-1	-1	-1	0
1841	1842	2039	25	-1	-1	-1	0
1971	1780	1973	32	-1	-1	-1	0
1972	1973	1780	32	-1	-1	-1	0
1972	1781	1974	32	-1	-1	-1	0
2040	1845	1844	25	-1	-1	-1	0
1983	1958	1790	25	-1	-1	-1	0
1846	2041	1844	25	-1	-1	-1	0
2039	1842	1850	25	-1	-1	-1	0
1975	1974	1782	30	-1	-1	-1	0
1847	1845	2042	25	-1	-1	-1	0
1791	1962	1984	25	-1	-1	-1	0
1785	1977	1976	30	-1	-1	-1	0
2044	1846	1848	41	-1	-1	-1	-2.75628365410806
1979	1975	1786	30	-1	-1	-1	0
2044	1848	1849	41	-1	-1	-1	-2.75628365410806
2046	1850	1847	25	-1	-1	-1	0
1978	1979	1786	30	-1	-1	-1	0
1821	1906	2017	34	-1	-1	-1	0
1788	1976	1981	30	-1	-1	-1	0
1980	1978	1787	30	-1	-1	-1	0
1920	1914	1912	0	-1	-1	-1	0
1851	2047	1849	41	-1	-1	-1	-2.75628365410806
1980	1788	1981	30	-1	-1	-1	0
1851	1852	2050	41	-1	-1	-1	-2.75628365410806
1894	1831	2028	4	-1	-1	-1	0
1982	1983	1790	25	-1	-1	-1	0
2039	1875	1841	25	-1	-1	-1	0
1853	2052	1852	41	-1	-1	-1	-2.75628365410806
1792	1986	1982	25	-1	-1	-1	0
1984	1985	1792	25	-1	-1	-1	0
1792	1985	1986	25	-1	-1	-1	0
1854	1855	2055	41	-1	-1	-1	-2.75628365410806
1860	2053	1853	41	-1	-1	-1	-2.75628365410806
1859	1854	2054	41	-1	-1	-1	-2.75628365410806
1856	2056	1855	34	-1	-1	-1	0
1987	1988	1794	30	-1	-1	-1	0
1857	2057	1856	34	-1	-1	-1	0
1990	1795	1988	30	-1	-1	-1	0
1989	1795	1991	30	-1	-1	-1	0
1990	1991	1795	30	-1	-1	-1	0
1796	1989	1992	30	-1	-1	-1	0
1859	2058	1860	41	-1	-1	-1	-2.75628365410806
1799	1995	1987	30	-1	-1	-1	0
1861	2060	1862	32	-1	-1	-1	0
1861	1863	2060	32	-1	-1	-1	0
1994	1798	1993	32	-1	-1	-1	0
1994	1995	1799	30	-1	-1	-1	0
1864	2064	1863	32	-1	-1	-1	0
1993	1801	1998	32	-1	-1	-1	0
1800	1996	1997	32	-1	-1	-1	0
1880	2057	1857	34	-1	-1	-1	0
2065	1864	1866	40	-1	-1	-1	-2.7562836541080595
1997	1998	1801	32	-1	-1	-1	0
1862	2061	1873	32	-1	-1	-1	0
1865	2066	1866	40	-1	-1	-1	-2.7562836541080595
1803	2001	1996	32	-1	-1	-1	0
2000	1999	1802	32	-1	-1	-1	0
2066	1865	1870	40	-1	-1	-1	-2.7562836541080595
2068	1867	1869	40	-1	-1	-1	-2.7562836541080595
1999	2002	1804	32	-1	-1	-1	0
2012	1977	1816	30	-1	-1	-1	0
1871	1867	2068	40	-1	-1	-1	-2.7562836541080595
1869	1868	2069	40	-1	-1	-1	-2.7562836541080595
1942	1933	1934	0	-1	-1	-1	0
2001	1805	2003	32	-1	-1	-1	0
1805	2002	2003	32	-1	-1	-1	0
1874	2069	1868	40	-1	-1	-1	-2.7562836541080595
1871	2072	1870	40	-1	-1	-1	-2.7562836541080595
2005	2000	1808	32	-1	-1	-1	0
1936	1942	1937	25	-1	-1	-1	0
1808	2004	2005	32	-1	-1	-1	0
1873	2075	1872	34	-1	-1	-1	0
2012	1816	1992	30	-1	-1	-1	0
2004	1811	2006	32	-1	-1	-1	0
2006	1809	2007	32	-1	-1	-1	0
1944	1941	1938	30	-1	-1	-1	0
2007	1810	2008	32	-1	-1	-1	0
1875	2077	1874	25	-1	-1	-1	0
2009	2008	1812	32	-1	-1	-1	0
2010	2009	1813	32	-1	-1	-1	0
2078	1877	1878	34	-1	-1	-1	0
2011	2010	1813	32	-1	-1	-1	0
1879	1877	2079	34	-1	-1	-1	0
2081	1880	1879	34	-1	-1	-1	0
2078	1878	1886	34	-1	-1	-1	0
2014	2011	1819	32	-1	-1	-1	0
1882	2082	1883	0	-1	-1	-1	0
2014	1819	2015	32	-1	-1	-1	0
2013	2016	1820	34	-1	-1	-1	0
1885	1883	2082	25	-1	-1	-1	0
2075	1904	1872	34	-1	-1	-1	0
2015	1820	2016	34	-1	-1	-1	0
1884	1885	2083	34	-1	-1	-1	0
2013	1822	2018	34	-1	-1	-1	0
2083	1886	1884	34	-1	-1	-1	0
1957	1949	1950	38	-1	-1	-1	2.7562836541080555
2017	2018	1822	34	-1	-1	-1	0
2082	1882	1896	0	-1	-1	-1	0
2087	1888	1887	0	-1	-1	-1	0
1823	2019	2020	26	-1	-1	-1	0
1903	2059	1901	34	-1	-1	-1	0
1892	2086	1887	0	-1	-1	-1	0
2020	2021	1824	0	-1	-1	-1	0
1888	2088	1889	0	-1	-1	-1	0
1826	2021	2023	0	-1	-1	-1	0
1826	2023	2022	0	-1	-1	-1	0
1891	2091	1890	0	-1	-1	-1	0
2024	1827	2022	0	-1	-1	-1	0
1893	1890	2091	0	-1	-1	-1	0
1889	2089	1897	0	-1	-1	-1	0
1895	2085	1896	0	-1	-1	-1	0
1828	2024	2025	0	-1	-1	-1	0
2092	1891	1894	4	-1	-1	-1	0
1893	2093	1892	0	-1	-1	-1	0
1830	2025	2027	0	-1	-1	-1	0
1830	2027	2026	0	-1	-1	-1	0
1895	1897	2096	0	-1	-1	-1	0
2029	2028	1832	4	-1	-1	-1	0
2026	2031	1835	10	-1	-1	-1	3.2953801091649382
2097	1899	1898	34	-1	-1	-1	0
2032	2030	1835	10	-1	-1	-1	3.2953801091649382
1902	2097	1898	34	-1	-1	-1	0
1835	2031	2032	10	-1	-1	-1	3.2953801091649382
2099	1900	1899	34	-1	-1	-1	0
2030	2035	1837	0	-1	-1	-1	0
1836	2033	2034	0	-1	-1	-1	0
2035	2033	1837	0	-1	-1	-1	0
1902	1901	2102	34	-1	-1	-1	0
1905	1900	2100	34	-1	-1	-1	0
2037	2029	1839	0	-1	-1	-1	0
2036	1838	2034	0	-1	-1	-1	0
1903	1904	2104	34	-1	-1	-1	0
1840	2036	2038	0	-1	-1	-1	0
2038	2037	1840	0	-1	-1	-1	0
1905	2105	1906	34	-1	-1	-1	0
1908	2108	1907	26	-1	-1	-1	0
2041	2040	1844	25	-1	-1	-1	0
1909	2109	1908	0	-1	-1	-1	0
2040	2043	1845	25	-1	-1	-1	0
1911	2109	1909	0	-1	-1	-1	0
2042	1845	2043	25	-1	-1	-1	0
1846	2044	2041	41	-1	-1	-1	-2.75628365410806
1911	1910	2110	0	-1	-1	-1	0
2045	1847	2042	25	-1	-1	-1	0
1915	2110	1910	0	-1	-1	-1	0
2039	1850	2048	25	-1	-1	-1	0
1847	2045	2046	25	-1	-1	-1	0
1849	2047	2044	41	-1	-1	-1	-2.75628365410806
1914	2114	1913	23	-1	-1	-1	-3.2953801091649044
1913	2113	1915	23	-1	-1	-1	-3.2953801091649044
1850	2046	2048	25	-1	-1	-1	0
1851	2049	2047	41	-1	-1	-1	-2.75628365410806
1920	2115	1914	0	-1	-1	-1	0
2049	1851	2050	41	-1	-1	-1	-2.75628365410806
2117	1916	1917	0	-1	-1	-1	0
1982	1986	1983	25	-1	-1	-1	0
2117	1919	1916	0	-1	-1	-1	0
2051	2050	1852	41	-1	-1	-1	-2.75628365410806
1852	2052	2051	41	-1	-1	-1	-2.75628365410806
1921	2118	1917	6	-1	-1	-1	0
1919	2119	1918	0	-1	-1	-1	0
1918	2120	1920	0	-1	-1	-1	0
1853	2053	2052	41	-1	-1	-1	-2.75628365410806
2118	1921	1922	6	-1	-1	-1	0
2054	1854	2055	41	-1	-1	-1	-2.75628365410806
2056	2055	1855	34	-1	-1	-1	0
1922	1923	2122	6	-1	-1	-1	0
2057	2056	1856	34	-1	-1	-1	0
1923	1924	2123	6	-1	-1	-1	0
1859	2054	2058	41	-1	-1	-1	-2.75628365410806
2059	2053	1860	41	-1	-1	-1	-2.75628365410806
1926	2124	1924	0	-1	-1	-1	0
2125	1925	1927	0	-1	-1	-1	0
2126	1926	1925	0	-1	-1	-1	0
1860	2058	2059	41	-1	-1	-1	-2.75628365410806
2128	1927	1928	0	-1	-1	-1	0
1862	2060	2062	32	-1	-1	-1	0
1994	1993	1998	32	-1	-1	-1	0
1862	2062	2061	32	-1	-1	-1	0
2060	1863	2063	32	-1	-1	-1	0
1928	1929	2129	0	-1	-1	-1	0
2064	2063	1863	32	-1	-1	-1	0
1875	2039	2077	25	-1	-1	-1	0
1931	2131	1929	0	-1	-1	-1	0
2065	2064	1864	32	-1	-1	-1	0
1931	1930	2132	0	-1	-1	-1	0
2132	1930	1932	0	-1	-1	-1	0
1866	2067	2065	40	-1	-1	-1	-2.7562836541080595
2067	1866	2066	40	-1	-1	-1	-2.7562836541080595
1932	1933	2134	0	-1	-1	-1	0
2071	2066	1870	40	-1	-1	-1	-2.7562836541080595
2070	2068	1869	40	-1	-1	-1	-2.7562836541080595
1936	1935	2136	30	-1	-1	-1	0
2070	1869	2069	40	-1	-1	-1	-2.7562836541080595
1942	2134	1933	0	-1	-1	-1	0
1939	2136	1935	30	-1	-1	-1	0
2061	2076	1873	34	-1	-1	-1	0
1871	2068	2073	40	-1	-1	-1	-2.7562836541080595
1870	2072	2071	40	-1	-1	-1	-2.7562836541080595
2028	2092	1894	4	-1	-1	-1	0
2137	1942	1936	25	-1	-1	-1	0
1903	2053	2059	34	-1	-1	-1	0
2074	2072	1871	40	-1	-1	-1	-2.7562836541080595
2073	2074	1871	40	-1	-1	-1	-2.7562836541080595
1940	2139	1939	30	-1	-1	-1	0
2081	2057	1880	34	-1	-1	-1	0
1874	2077	2069	25	-1	-1	-1	0
1941	2140	1940	30	-1	-1	-1	0
2076	2075	1873	34	-1	-1	-1	0
1941	1944	2141	30	-1	-1	-1	0
1944	1943	2141	30	-1	-1	-1	0
1906	2106	2017	34	-1	-1	-1	0
2142	1943	1948	30	-1	-1	-1	0
1946	2143	1945	30	-1	-1	-1	0
1947	1945	2143	30	-1	-1	-1	0
2080	1877	2078	34	-1	-1	-1	0
2080	2079	1877	34	-1	-1	-1	0
2081	1879	2079	34	-1	-1	-1	0
2144	1946	1949	38	-1	-1	-1	2.7562836541080555
2145	1948	1947	30	-1	-1	-1	0
1886	2083	2078	34	-1	-1	-1	0
2084	2083	1885	34	-1	-1	-1	0
2085	1885	2082	25	-1	-1	-1	0
1953	1951	2149	38	-1	-1	-1	2.7562836541080555
1952	2150	1951	38	-1	-1	-1	2.7562836541080555
1957	2148	1949	38	-1	-1	-1	2.7562836541080555
2085	2084	1885	25	-1	-1	-1	0
2053	1903	2104	34	-1	-1	-1	0
2087	1887	2086	0	-1	-1	-1	0
1953	2153	1954	38	-1	-1	-1	2.7562836541080555
2059	2102	1901	34	-1	-1	-1	0
1952	1960	2150	38	-1	-1	-1	2.7562836541080555
2087	2088	1888	0	-1	-1	-1	0
2085	2082	1896	0	-1	-1	-1	0
1954	2155	1955	38	-1	-1	-1	2.7562836541080555
2156	1956	1955	38	-1	-1	-1	2.7562836541080555
1889	2088	2090	0	-1	-1	-1	0
2089	1889	2090	0	-1	-1	-1	0
2157	1957	1956	38	-1	-1	-1	2.7562836541080555
2086	1892	2094	0	-1	-1	-1	0
1891	2092	2091	4	-1	-1	-1	0
1958	2159	1959	25	-1	-1	-1	0
1895	2096	2085	0	-1	-1	-1	0
2093	2094	1892	0	-1	-1	-1	0
1893	2091	2095	0	-1	-1	-1	0
1959	2161	1960	25	-1	-1	-1	0
2095	2093	1893	0	-1	-1	-1	0
2096	1897	2089	0	-1	-1	-1	0
2104	1904	2075	34	-1	-1	-1	0
1961	2162	1962	39	-1	-1	-1	2.7562836541080586
1961	1966	2162	39	-1	-1	-1	2.7562836541080586
1963	2163	1964	39	-1	-1	-1	2.7562836541080586
1965	1964	2163	39	-1	-1	-1	2.7562836541080586
2163	1963	1968	39	-1	-1	-1	2.7562836541080586
2097	2098	1899	34	-1	-1	-1	0
2164	1966	1965	39	-1	-1	-1	2.7562836541080586
2098	2099	1899	34	-1	-1	-1	0
2032	2035	2030	10	-1	-1	-1	3.2953801091649382
1983	2158	1958	25	-1	-1	-1	0
1900	2099	2101	34	-1	-1	-1	0
2101	2100	1900	34	-1	-1	-1	0
2166	1968	1967	39	-1	-1	-1	2.7562836541080586
2103	2097	1902	34	-1	-1	-1	0
1969	2167	1967	39	-1	-1	-1	2.7562836541080586
2103	1902	2102	34	-1	-1	-1	0
1962	2162	1984	25	-1	-1	-1	0
1970	2170	1969	39	-1	-1	-1	2.7562836541080586
1905	2100	2105	34	-1	-1	-1	0
1979	1978	2155	30	-1	-1	-1	0
2172	1970	1971	32	-1	-1	-1	0
2156	1978	1980	30	-1	-1	-1	0
1973	2172	1971	32	-1	-1	-1	0
2106	1906	2105	34	-1	-1	-1	0
1981	2157	1980	30	-1	-1	-1	0
1973	1972	2173	32	-1	-1	-1	0
1974	2173	1972	32	-1	-1	-1	0
1907	2108	2107	26	-1	-1	-1	0
1975	2175	1974	30	-1	-1	-1	0
2108	1908	2109	0	-1	-1	-1	0
2176	1975	1979	30	-1	-1	-1	0
2162	1985	1984	25	-1	-1	-1	0
1976	1977	2177	30	-1	-1	-1	0
1911	2112	2109	0	-1	-1	-1	0
1911	2110	2111	0	-1	-1	-1	0
1981	1976	2177	30	-1	-1	-1	0
2111	2112	1911	0	-1	-1	-1	0
2113	1913	2114	23	-1	-1	-1	-3.2953801091649044
1915	2116	2110	0	-1	-1	-1	0
2114	1914	2115	23	-1	-1	-1	-3.2953801091649044
2116	1915	2113	0	-1	-1	-1	0
1986	2178	1983	25	-1	-1	-1	0
2179	1986	1985	25	-1	-1	-1	0
2117	1917	2118	0	-1	-1	-1	0
1920	2120	2115	0	-1	-1	-1	0
1988	1987	2180	30	-1	-1	-1	0
2121	1919	2117	0	-1	-1	-1	0
1918	2119	2120	0	-1	-1	-1	0
2121	2119	1919	0	-1	-1	-1	0
1990	1988	2181	30	-1	-1	-1	0
1991	2182	1989	30	-1	-1	-1	0
2122	2118	1922	6	-1	-1	-1	0
1995	2180	1987	30	-1	-1	-1	0
1992	1989	2182	30	-1	-1	-1	0
2048	2077	2039	25	-1	-1	-1	0
1991	1990	2183	30	-1	-1	-1	0
2177	1977	2012	30	-1	-1	-1	0
2122	1923	2123	6	-1	-1	-1	0
2123	1924	2124	6	-1	-1	-1	0
2126	1925	2125	0	-1	-1	-1	0
1995	1994	2188	30	-1	-1	-1	0
2127	2124	1926	0	-1	-1	-1	0
2126	2127	1926	0	-1	-1	-1	0
1927	2128	2125	0	-1	-1	-1	0
2189	1994	1998	32	-1	-1	-1	0
2191	1997	1996	32	-1	-1	-1	0
2063	2062	2060	32	-1	-1	-1	0
2012	1992	2182	30	-1	-1	-1	0
2128	1928	2130	0	-1	-1	-1	0
1928	2129	2130	0	-1	-1	-1	0
2048	2070	2069	25	-1	-1	-1	0
2193	1998	1997	32	-1	-1	-1	0
2191	1996	2001	32	-1	-1	-1	0
1929	2131	2129	0	-1	-1	-1	0
2000	2195	1999	32	-1	-1	-1	0
2077	2048	2069	25	-1	-1	-1	0
2002	1999	2194	32	-1	-1	-1	0
2133	2131	1931	0	-1	-1	-1	0
2132	2133	1931	0	-1	-1	-1	0
1932	2135	2132	0	-1	-1	-1	0
2000	2005	2195	32	-1	-1	-1	0
2197	2001	2003	32	-1	-1	-1	0
1932	2134	2135	0	-1	-1	-1	0
2003	2002	2198	32	-1	-1	-1	0
2199	2005	2004	31	-1	-1	-1	0
1936	2136	2137	30	-1	-1	-1	0
2104	2052	2053	34	-1	-1	-1	0
2004	2006	2200	31	-1	-1	-1	0
2070	2073	2068	40	-1	-1	-1	-2.7562836541080595
2103	2054	2055	41	-1	-1	-1	-2.75628365410806
2137	2134	1942	25	-1	-1	-1	0
2136	1939	2138	30	-1	-1	-1	0
2058	2054	2102	41	-1	-1	-1	-2.75628365410806
2202	2006	2007	31	-1	-1	-1	0
2139	2138	1939	30	-1	-1	-1	0
2008	2203	2007	31	-1	-1	-1	0
2058	2102	2059	41	-1	-1	-1	-2.75628365410806
2139	1940	2140	30	-1	-1	-1	0
2009	2204	2008	31	-1	-1	-1	0
2140	1941	2141	30	-1	-1	-1	0
2205	2009	2010	31	-1	-1	-1	0
1943	2142	2141	30	-1	-1	-1	0
2011	2207	2010	32	-1	-1	-1	0
2011	2014	2207	32	-1	-1	-1	0
2052	2104	2076	34	-1	-1	-1	0
2144	2143	1946	30	-1	-1	-1	0
1947	2143	2146	30	-1	-1	-1	0
1948	2147	2142	30	-1	-1	-1	0
2209	2016	2013	34	-1	-1	-1	0
2146	2145	1947	30	-1	-1	-1	0
2015	2211	2014	32	-1	-1	-1	0
1948	2145	2147	30	-1	-1	-1	0
2018	2210	2013	34	-1	-1	-1	0
2144	1949	2148	38	-1	-1	-1	2.7562836541080555
2016	2214	2015	34	-1	-1	-1	0
1951	2150	2149	38	-1	-1	-1	2.7562836541080555
2018	2017	2215	34	-1	-1	-1	0
2149	2152	1953	38	-1	-1	-1	2.7562836541080555
2076	2104	2075	34	-1	-1	-1	0
1953	2151	2153	38	-1	-1	-1	2.7562836541080555
2019	2219	2020	26	-1	-1	-1	0
1953	2152	2151	38	-1	-1	-1	2.7562836541080555
2054	2103	2102	41	-1	-1	-1	-2.75628365410806
1954	2153	2154	38	-1	-1	-1	2.7562836541080555
2021	2020	2220	0	-1	-1	-1	0
2157	2148	1957	38	-1	-1	-1	2.7562836541080555
2154	2155	1954	38	-1	-1	-1	2.7562836541080555
2084	2085	2096	25	-1	-1	-1	0
2221	2023	2021	0	-1	-1	-1	0
1955	2155	2156	38	-1	-1	-1	2.7562836541080555
2023	2222	2022	0	-1	-1	-1	0
2022	2222	2024	0	-1	-1	-1	0
2157	1956	2156	38	-1	-1	-1	2.7562836541080555
2150	1960	2161	38	-1	-1	-1	2.7562836541080555
2024	2223	2025	0	-1	-1	-1	0
2159	1958	2158	25	-1	-1	-1	0
2225	2027	2025	0	-1	-1	-1	0
2160	1959	2159	25	-1	-1	-1	0
1959	2160	2161	25	-1	-1	-1	0
2027	2227	2026	0	-1	-1	-1	0
2028	2029	2228	4	-1	-1	-1	0
2026	2226	2031	10	-1	-1	-1	3.2953801091649382
2154	2153	1979	30	-1	-1	-1	0
2157	1981	2148	30	-1	-1	-1	0
1979	2155	2154	30	-1	-1	-1	0
1978	2156	2155	30	-1	-1	-1	0
2163	2164	1965	39	-1	-1	-1	2.7562836541080586
2156	1980	2157	30	-1	-1	-1	0
2162	1966	2165	39	-1	-1	-1	2.7562836541080586
1966	2164	2165	39	-1	-1	-1	2.7562836541080586
2031	2232	2032	10	-1	-1	-1	3.2953801091649382
2037	2230	2029	0	-1	-1	-1	0
1968	2168	2163	39	-1	-1	-1	2.7562836541080586
2032	2233	2035	10	-1	-1	-1	3.2953801091649382
2166	1967	2167	39	-1	-1	-1	2.7562836541080586
2033	2234	2034	0	-1	-1	-1	0
2035	2235	2033	0	-1	-1	-1	0
1968	2166	2169	39	-1	-1	-1	2.7562836541080586
1968	2169	2168	39	-1	-1	-1	2.7562836541080586
2034	2236	2036	0	-1	-1	-1	0
2148	1981	2177	30	-1	-1	-1	0
2170	2167	1969	39	-1	-1	-1	2.7562836541080586
1979	2153	2176	30	-1	-1	-1	0
2170	1970	2171	39	-1	-1	-1	2.7562836541080586
2036	2237	2038	0	-1	-1	-1	0
2162	2165	1985	25	-1	-1	-1	0
1970	2172	2171	32	-1	-1	-1	0
2239	2037	2038	0	-1	-1	-1	0
1973	2174	2172	32	-1	-1	-1	0
1983	2178	2158	25	-1	-1	-1	0
2173	2174	1973	32	-1	-1	-1	0
2173	1974	2175	30	-1	-1	-1	0
2041	2243	2040	25	-1	-1	-1	0
2040	2242	2043	25	-1	-1	-1	0
2175	1975	2176	30	-1	-1	-1	0
2179	1985	2165	25	-1	-1	-1	0
2044	2244	2041	41	-1	-1	-1	-2.75628365410806
2043	2245	2042	25	-1	-1	-1	0
2245	2045	2042	25	-1	-1	-1	0
2047	2244	2044	41	-1	-1	-1	-2.75628365410806
2215	2017	2106	34	-1	-1	-1	0
2046	2045	2248	25	-1	-1	-1	0
2178	1986	2179	25	-1	-1	-1	0
2250	2048	2046	25	-1	-1	-1	0
2047	2049	2251	41	-1	-1	-1	-2.75628365410806
2229	2092	2028	4	-1	-1	-1	0
2180	2181	1988	30	-1	-1	-1	0
2253	2049	2050	41	-1	-1	-1	-2.75628365410806
1990	2181	2184	30	-1	-1	-1	0
2255	2050	2051	41	-1	-1	-1	-2.75628365410806
2185	2183	1990	30	-1	-1	-1	0
2184	2185	1990	30	-1	-1	-1	0
2051	2052	2257	34	-1	-1	-1	0
2187	2182	1991	30	-1	-1	-1	0
1991	2183	2186	30	-1	-1	-1	0
2187	1991	2186	30	-1	-1	-1	0
2180	1995	2190	30	-1	-1	-1	0
2048	2250	2070	25	-1	-1	-1	0
2258	2055	2056	34	-1	-1	-1	0
1994	2189	2188	30	-1	-1	-1	0
2259	2056	2057	34	-1	-1	-1	0
2188	2190	1995	30	-1	-1	-1	0
2193	2189	1998	32	-1	-1	-1	0
1997	2192	2193	32	-1	-1	-1	0
2061	2062	2261	34	-1	-1	-1	0
1997	2191	2192	32	-1	-1	-1	0
2076	2257	2052	34	-1	-1	-1	0
2194	1999	2195	32	-1	-1	-1	0
2263	2062	2063	32	-1	-1	-1	0
2196	2191	2001	32	-1	-1	-1	0
2063	2064	2263	32	-1	-1	-1	0
2064	2065	2264	32	-1	-1	-1	0
2196	2001	2197	32	-1	-1	-1	0
2002	2194	2198	32	-1	-1	-1	0
2177	2012	2208	30	-1	-1	-1	0
2067	2266	2065	40	-1	-1	-1	-2.7562836541080595
2076	2061	2261	34	-1	-1	-1	0
2260	2057	2081	34	-1	-1	-1	0
2003	2198	2197	32	-1	-1	-1	0
2133	2132	2135	0	-1	-1	-1	0
2067	2066	2267	40	-1	-1	-1	-2.7562836541080595
2195	2005	2201	31	-1	-1	-1	0
2182	2208	2012	30	-1	-1	-1	0
2004	2200	2199	31	-1	-1	-1	0
2267	2066	2071	40	-1	-1	-1	-2.7562836541080595
2199	2201	2005	31	-1	-1	-1	0
2200	2006	2202	31	-1	-1	-1	0
2202	2007	2203	31	-1	-1	-1	0
2269	2073	2070	40	-1	-1	-1	-2.7562836541080595
2229	2091	2092	4	-1	-1	-1	0
2271	2071	2072	40	-1	-1	-1	-2.7562836541080595
2203	2008	2204	31	-1	-1	-1	0
2095	2091	2229	4	-1	-1	-1	0
2074	2073	2269	40	-1	-1	-1	-2.7562836541080595
2258	2103	2055	34	-1	-1	-1	0
2072	2074	2272	40	-1	-1	-1	-2.7562836541080595
2204	2009	2205	31	-1	-1	-1	0
2205	2010	2206	31	-1	-1	-1	0
2207	2206	2010	31	-1	-1	-1	0
2210	2209	2013	34	-1	-1	-1	0
2207	2014	2211	32	-1	-1	-1	0
2078	2275	2080	34	-1	-1	-1	0
2079	2080	2277	34	-1	-1	-1	0
2083	2276	2078	34	-1	-1	-1	0
2278	2081	2079	34	-1	-1	-1	0
2212	2211	2015	32	-1	-1	-1	0
2214	2016	2209	34	-1	-1	-1	0
2213	2212	2015	34	-1	-1	-1	0
2213	2015	2214	34	-1	-1	-1	0
2018	2217	2210	34	-1	-1	-1	0
2018	2215	2216	34	-1	-1	-1	0
2083	2084	2283	34	-1	-1	-1	0
2018	2216	2217	34	-1	-1	-1	0
2097	2258	2098	34	-1	-1	-1	0
2218	2219	2019	26	-1	-1	-1	0
2098	2260	2099	34	-1	-1	-1	0
2103	2258	2097	34	-1	-1	-1	0
2087	2086	2285	0	-1	-1	-1	0
2219	2220	2020	0	-1	-1	-1	0
2088	2087	2286	0	-1	-1	-1	0
2220	2221	2021	0	-1	-1	-1	0
2284	2089	2090	25	-1	-1	-1	0
2084	2096	2284	25	-1	-1	-1	0
2285	2086	2094	0	-1	-1	-1	0
2287	2090	2088	0	-1	-1	-1	0
2221	2222	2023	0	-1	-1	-1	0
2024	2222	2223	0	-1	-1	-1	0
2284	2096	2089	25	-1	-1	-1	0
2025	2223	2224	0	-1	-1	-1	0
2025	2224	2225	0	-1	-1	-1	0
2094	2093	2289	0	-1	-1	-1	0
2093	2095	2290	0	-1	-1	-1	0
2227	2226	2026	0	-1	-1	-1	0
2227	2027	2225	0	-1	-1	-1	0
2101	2099	2282	34	-1	-1	-1	0
2028	2228	2229	4	-1	-1	-1	0
2029	2230	2228	4	-1	-1	-1	0
2231	2031	2226	10	-1	-1	-1	3.2953801091649382
2232	2031	2231	10	-1	-1	-1	3.2953801091649382
2294	2100	2101	34	-1	-1	-1	0
2168	2164	2163	39	-1	-1	-1	2.7562836541080586
2233	2032	2232	10	-1	-1	-1	3.2953801091649382
2105	2100	2294	34	-1	-1	-1	0
2235	2234	2033	0	-1	-1	-1	0
2233	2235	2035	10	-1	-1	-1	3.2953801091649382
2236	2034	2234	0	-1	-1	-1	0
2230	2037	2238	0	-1	-1	-1	0
2106	2105	2296	34	-1	-1	-1	0
2237	2036	2236	0	-1	-1	-1	0
2107	2108	2298	26	-1	-1	-1	0
2241	2038	2237	0	-1	-1	-1	0
2037	2239	2238	0	-1	-1	-1	0
2108	2109	2299	0	-1	-1	-1	0
2038	2240	2239	0	-1	-1	-1	0
2241	2240	2038	0	-1	-1	-1	0
2299	2109	2112	0	-1	-1	-1	0
2111	2110	2301	0	-1	-1	-1	0
2040	2243	2242	25	-1	-1	-1	0
2112	2111	2302	0	-1	-1	-1	0
2300	2110	2116	0	-1	-1	-1	0
2244	2243	2041	41	-1	-1	-1	-2.75628365410806
2113	2114	2303	23	-1	-1	-1	-3.2953801091649044
2242	2246	2043	25	-1	-1	-1	0
2116	2113	2304	0	-1	-1	-1	0
2305	2114	2115	23	-1	-1	-1	-3.2953801091649044
2247	2245	2043	25	-1	-1	-1	0
2043	2246	2247	25	-1	-1	-1	0
2249	2045	2245	25	-1	-1	-1	0
2249	2248	2045	25	-1	-1	-1	0
2120	2307	2115	0	-1	-1	-1	0
2047	2252	2244	41	-1	-1	-1	-2.75628365410806
2046	2248	2250	25	-1	-1	-1	0
2312	2117	2118	0	-1	-1	-1	0
2311	2121	2117	0	-1	-1	-1	0
2047	2251	2252	41	-1	-1	-1	-2.75628365410806
2253	2251	2049	41	-1	-1	-1	-2.75628365410806
2122	2313	2118	6	-1	-1	-1	0
2119	2315	2120	0	-1	-1	-1	0
2121	2314	2119	0	-1	-1	-1	0
2254	2253	2050	41	-1	-1	-1	-2.75628365410806
2254	2050	2255	41	-1	-1	-1	-2.75628365410806
2256	2255	2051	34	-1	-1	-1	0
2317	2122	2123	6	-1	-1	-1	0
2051	2257	2256	34	-1	-1	-1	0
2124	2319	2123	6	-1	-1	-1	0
2127	2319	2124	0	-1	-1	-1	0
2125	2321	2126	0	-1	-1	-1	0
2259	2258	2056	34	-1	-1	-1	0
2320	2125	2128	0	-1	-1	-1	0
2126	2322	2127	0	-1	-1	-1	0
2259	2057	2260	34	-1	-1	-1	0
2208	2182	2187	30	-1	-1	-1	0
2128	2130	2320	0	-1	-1	-1	0
2130	2129	2324	25	-1	-1	-1	0
2131	2324	2129	25	-1	-1	-1	0
2262	2261	2062	34	-1	-1	-1	0
2062	2263	2262	34	-1	-1	-1	0
2269	2070	2250	25	-1	-1	-1	0
2326	2131	2133	25	-1	-1	-1	0
2265	2263	2064	32	-1	-1	-1	0
2064	2264	2265	32	-1	-1	-1	0
2076	2261	2257	34	-1	-1	-1	0
2327	2133	2135	25	-1	-1	-1	0
2264	2065	2266	32	-1	-1	-1	0
2328	2135	2134	25	-1	-1	-1	0
2328	2134	2137	25	-1	-1	-1	0
2200	2201	2199	31	-1	-1	-1	0
2266	2067	2268	40	-1	-1	-1	-2.7562836541080595
2067	2267	2268	40	-1	-1	-1	-2.7562836541080595
2329	2137	2136	30	-1	-1	-1	0
2329	2136	2138	30	-1	-1	-1	0
2139	2330	2138	30	-1	-1	-1	0
2071	2270	2267	40	-1	-1	-1	-2.7562836541080595
2271	2270	2071	40	-1	-1	-1	-2.7562836541080595
2334	2139	2140	30	-1	-1	-1	0
2140	2141	2334	30	-1	-1	-1	0
2098	2258	2259	34	-1	-1	-1	0
2072	2273	2271	40	-1	-1	-1	-2.7562836541080595
2098	2259	2260	34	-1	-1	-1	0
2269	2274	2074	40	-1	-1	-1	-2.7562836541080595
2273	2072	2272	40	-1	-1	-1	-2.7562836541080595
2293	2095	2229	4	-1	-1	-1	0
2296	2215	2106	34	-1	-1	-1	0
2335	2141	2142	30	-1	-1	-1	0
2272	2074	2274	40	-1	-1	-1	-2.7562836541080595
2081	2282	2260	34	-1	-1	-1	0
2144	2336	2143	30	-1	-1	-1	0
2142	2147	2335	30	-1	-1	-1	0
2143	2337	2146	30	-1	-1	-1	0
2276	2275	2078	34	-1	-1	-1	0
2339	2145	2146	30	-1	-1	-1	0
2148	2338	2144	38	-1	-1	-1	2.7562836541080555
2145	2339	2147	30	-1	-1	-1	0
2079	2277	2279	34	-1	-1	-1	0
2080	2275	2280	34	-1	-1	-1	0
2079	2279	2278	34	-1	-1	-1	0
2277	2080	2281	34	-1	-1	-1	0
2280	2281	2080	34	-1	-1	-1	0
2282	2081	2278	34	-1	-1	-1	0
2099	2260	2282	34	-1	-1	-1	0
2283	2276	2083	34	-1	-1	-1	0
2344	2149	2150	38	-1	-1	-1	2.7562836541080555
2149	2345	2152	38	-1	-1	-1	2.7562836541080555
2084	2284	2283	34	-1	-1	-1	0
2151	2152	2349	38	-1	-1	-1	2.7562836541080555
2348	2153	2151	30	-1	-1	-1	0
2346	2150	2161	38	-1	-1	-1	2.7562836541080555
2286	2087	2285	0	-1	-1	-1	0
2286	2287	2088	0	-1	-1	-1	0
2090	2288	2284	25	-1	-1	-1	0
2338	2148	2177	30	-1	-1	-1	0
2287	2288	2090	25	-1	-1	-1	0
2223	2222	2221	0	-1	-1	-1	0
2351	2159	2158	25	-1	-1	-1	0
2094	2292	2285	0	-1	-1	-1	0
2159	2353	2160	25	-1	-1	-1	0
2290	2289	2093	0	-1	-1	-1	0
2289	2291	2094	0	-1	-1	-1	0
2161	2160	2355	25	-1	-1	-1	0
2153	2348	2176	30	-1	-1	-1	0
2094	2291	2292	0	-1	-1	-1	0
2295	2101	2282	34	-1	-1	-1	0
2290	2095	2293	4	-1	-1	-1	0
2165	2164	2357	39	-1	-1	-1	2.7562836541080586
2178	2352	2158	25	-1	-1	-1	0
2358	2164	2168	39	-1	-1	-1	2.7562836541080586
2101	2295	2294	34	-1	-1	-1	0
2166	2167	2359	39	-1	-1	-1	2.7562836541080586
2359	2169	2166	39	-1	-1	-1	2.7562836541080586
2296	2105	2294	34	-1	-1	-1	0
2358	2168	2169	39	-1	-1	-1	2.7562836541080586
2167	2170	2360	39	-1	-1	-1	2.7562836541080586
2176	2348	2175	30	-1	-1	-1	0
2179	2165	2357	25	-1	-1	-1	0
2107	2298	2297	26	-1	-1	-1	0
2108	2299	2298	0	-1	-1	-1	0
2364	2170	2171	39	-1	-1	-1	2.7562836541080586
2365	2171	2172	32	-1	-1	-1	0
2183	2340	2186	30	-1	-1	-1	0
2187	2186	2337	30	-1	-1	-1	0
2342	2183	2185	30	-1	-1	-1	0
2110	2300	2301	0	-1	-1	-1	0
2302	2299	2112	0	-1	-1	-1	0
2174	2367	2172	32	-1	-1	-1	0
2302	2111	2301	21	-1	-1	-1	-3.2953801091649435
2174	2173	2368	30	-1	-1	-1	0
2175	2368	2173	30	-1	-1	-1	0
2303	2304	2113	0	-1	-1	-1	0
2208	2338	2177	30	-1	-1	-1	0
2303	2114	2306	23	-1	-1	-1	-3.2953801091649044
2116	2308	2300	0	-1	-1	-1	0
2305	2306	2114	23	-1	-1	-1	-3.2953801091649044
2115	2307	2305	23	-1	-1	-1	-3.2953801091649044
2178	2179	2370	25	-1	-1	-1	0
2309	2116	2304	0	-1	-1	-1	0
2336	2208	2187	30	-1	-1	-1	0
2181	2180	2372	30	-1	-1	-1	0
2308	2116	2309	0	-1	-1	-1	0
2311	2117	2310	0	-1	-1	-1	0
2117	2312	2310	0	-1	-1	-1	0
2374	2184	2181	30	-1	-1	-1	0
2245	2247	2249	25	-1	-1	-1	0
2120	2315	2307	0	-1	-1	-1	0
2312	2118	2313	0	-1	-1	-1	0
2190	2373	2180	30	-1	-1	-1	0
2184	2375	2185	30	-1	-1	-1	0
2119	2314	2315	0	-1	-1	-1	0
2316	2121	2311	0	-1	-1	-1	0
2121	2316	2314	0	-1	-1	-1	0
2313	2122	2317	6	-1	-1	-1	0
2189	2379	2188	30	-1	-1	-1	0
2379	2190	2188	30	-1	-1	-1	0
2317	2123	2318	6	-1	-1	-1	0
2318	2123	2319	6	-1	-1	-1	0
2380	2189	2193	32	-1	-1	-1	0
2191	2382	2192	32	-1	-1	-1	0
2321	2125	2320	0	-1	-1	-1	0
2383	2193	2192	32	-1	-1	-1	0
2191	2196	2382	32	-1	-1	-1	0
2321	2322	2126	0	-1	-1	-1	0
2323	2319	2127	0	-1	-1	-1	0
2322	2323	2127	0	-1	-1	-1	0
2257	2262	2256	34	-1	-1	-1	0
2195	2386	2194	31	-1	-1	-1	0
2325	2320	2130	25	-1	-1	-1	0
2194	2385	2198	31	-1	-1	-1	0
2130	2324	2325	25	-1	-1	-1	0
2262	2257	2261	34	-1	-1	-1	0
2197	2387	2196	31	-1	-1	-1	0
2324	2131	2326	25	-1	-1	-1	0
2195	2201	2386	31	-1	-1	-1	0
2389	2197	2198	31	-1	-1	-1	0
2327	2326	2133	25	-1	-1	-1	0
2135	2328	2327	25	-1	-1	-1	0
2200	2391	2201	31	-1	-1	-1	0
2200	2202	2390	31	-1	-1	-1	0
2328	2137	2329	30	-1	-1	-1	0
2203	2390	2202	31	-1	-1	-1	0
2329	2138	2331	30	-1	-1	-1	0
2138	2330	2332	30	-1	-1	-1	0
2394	2203	2204	31	-1	-1	-1	0
2331	2138	2332	30	-1	-1	-1	0
2139	2333	2330	30	-1	-1	-1	0
2205	2394	2204	31	-1	-1	-1	0
2270	2268	2267	40	-1	-1	-1	-2.7562836541080595
2205	2206	2395	31	-1	-1	-1	0
2334	2333	2139	30	-1	-1	-1	0
2141	2335	2334	30	-1	-1	-1	0
2207	2398	2206	31	-1	-1	-1	0
2143	2336	2337	30	-1	-1	-1	0
2398	2207	2211	31	-1	-1	-1	0
2399	2209	2210	34	-1	-1	-1	0
2144	2338	2336	30	-1	-1	-1	0
2209	2399	2214	34	-1	-1	-1	0
2340	2146	2337	30	-1	-1	-1	0
2343	2335	2147	30	-1	-1	-1	0
2339	2146	2340	30	-1	-1	-1	0
2212	2402	2211	31	-1	-1	-1	0
2213	2402	2212	33	-1	-1	-1	0
2210	2217	2400	34	-1	-1	-1	0
2339	2342	2147	30	-1	-1	-1	0
2342	2341	2147	30	-1	-1	-1	0
2343	2147	2341	30	-1	-1	-1	0
2214	2404	2213	34	-1	-1	-1	0
2405	2216	2215	34	-1	-1	-1	0
2149	2344	2345	38	-1	-1	-1	2.7562836541080555
2344	2150	2346	38	-1	-1	-1	2.7562836541080555
2408	2217	2216	34	-1	-1	-1	0
2347	2348	2151	30	-1	-1	-1	0
2152	2345	2350	38	-1	-1	-1	2.7562836541080555
2349	2347	2151	30	-1	-1	-1	0
2218	2411	2219	26	-1	-1	-1	0
2412	2220	2219	0	-1	-1	-1	0
2152	2350	2349	38	-1	-1	-1	2.7562836541080555
2282	2278	2295	34	-1	-1	-1	0
2415	2221	2220	0	-1	-1	-1	0
2221	2415	2223	0	-1	-1	-1	0
2336	2187	2337	30	-1	-1	-1	0
2351	2158	2352	25	-1	-1	-1	0
2223	2415	2224	12	-1	-1	-1	3.2953801091649293
2161	2356	2346	38	-1	-1	-1	2.7562836541080555
2186	2340	2337	30	-1	-1	-1	0
2351	2354	2159	25	-1	-1	-1	0
2183	2342	2340	30	-1	-1	-1	0
2416	2225	2224	0	-1	-1	-1	0
2353	2159	2354	25	-1	-1	-1	0
2353	2355	2160	25	-1	-1	-1	0
2227	2225	2418	0	-1	-1	-1	0
2356	2161	2355	38	-1	-1	-1	2.7562836541080555
2420	2226	2227	0	-1	-1	-1	0
2226	2421	2231	10	-1	-1	-1	3.2953801091649382
2357	2164	2358	39	-1	-1	-1	2.7562836541080586
2228	2422	2229	4	-1	-1	-1	0
2230	2422	2228	4	-1	-1	-1	0
2338	2208	2336	30	-1	-1	-1	0
2167	2360	2359	39	-1	-1	-1	2.7562836541080586
2424	2232	2231	10	-1	-1	-1	3.2953801091649382
2169	2362	2358	39	-1	-1	-1	2.7562836541080586
2361	2169	2359	39	-1	-1	-1	2.7562836541080586
2233	2232	2425	10	-1	-1	-1	3.2953801091649382
2230	2238	2423	0	-1	-1	-1	0
2368	2175	2348	30	-1	-1	-1	0
2169	2361	2362	39	-1	-1	-1	2.7562836541080586
2425	2235	2233	10	-1	-1	-1	3.2953801091649382
2360	2170	2363	39	-1	-1	-1	2.7562836541080586
2234	2426	2236	0	-1	-1	-1	0
2235	2427	2234	0	-1	-1	-1	0
2364	2363	2170	39	-1	-1	-1	2.7562836541080586
2365	2364	2171	32	-1	-1	-1	0
2178	2371	2352	25	-1	-1	-1	0
2237	2236	2429	0	-1	-1	-1	0
2366	2365	2172	32	-1	-1	-1	0
2342	2185	2377	30	-1	-1	-1	0
2366	2172	2367	32	-1	-1	-1	0
2179	2357	2370	25	-1	-1	-1	0
2239	2431	2238	0	-1	-1	-1	0
2241	2237	2430	0	-1	-1	-1	0
2367	2174	2369	30	-1	-1	-1	0
2368	2369	2174	30	-1	-1	-1	0
2432	2239	2240	0	-1	-1	-1	0
2434	2240	2241	25	-1	-1	-1	0
2296	2406	2215	34	-1	-1	-1	0
2371	2178	2370	25	-1	-1	-1	0
2243	2436	2242	25	-1	-1	-1	0
2436	2246	2242	25	-1	-1	-1	0
2243	2244	2437	41	-1	-1	-1	-2.75628365410806
2180	2373	2372	30	-1	-1	-1	0
2372	2374	2181	30	-1	-1	-1	0
2438	2247	2246	25	-1	-1	-1	0
2252	2437	2244	41	-1	-1	-1	-2.75628365410806
2376	2184	2374	30	-1	-1	-1	0
2376	2375	2184	30	-1	-1	-1	0
2247	2440	2249	25	-1	-1	-1	0
2185	2375	2378	30	-1	-1	-1	0
2249	2441	2248	25	-1	-1	-1	0
2248	2442	2250	25	-1	-1	-1	0
2378	2377	2185	30	-1	-1	-1	0
2381	2373	2190	30	-1	-1	-1	0
2422	2293	2229	4	-1	-1	-1	0
2252	2251	2445	41	-1	-1	-1	-2.75628365410806
2251	2253	2444	41	-1	-1	-1	-2.75628365410806
2189	2380	2379	30	-1	-1	-1	0
2381	2190	2379	30	-1	-1	-1	0
2254	2448	2253	41	-1	-1	-1	-2.75628365410806
2383	2192	2382	32	-1	-1	-1	0
2384	2380	2193	32	-1	-1	-1	0
2451	2254	2255	41	-1	-1	-1	-2.75628365410806
2383	2384	2193	32	-1	-1	-1	0
2250	2443	2269	25	-1	-1	-1	0
2255	2256	2452	34	-1	-1	-1	0
2194	2386	2385	31	-1	-1	-1	0
2196	2388	2382	31	-1	-1	-1	0
2325	2321	2320	25	-1	-1	-1	0
2388	2196	2387	31	-1	-1	-1	0
2262	2453	2256	34	-1	-1	-1	0
2389	2198	2385	31	-1	-1	-1	0
2387	2197	2389	31	-1	-1	-1	0
2453	2262	2263	34	-1	-1	-1	0
2393	2386	2201	31	-1	-1	-1	0
2391	2200	2390	31	-1	-1	-1	0
2263	2265	2454	32	-1	-1	-1	0
2201	2391	2392	31	-1	-1	-1	0
2265	2264	2455	32	-1	-1	-1	0
2455	2264	2266	32	-1	-1	-1	0
2327	2328	2331	30	-1	-1	-1	0
2393	2201	2392	31	-1	-1	-1	0
2390	2203	2394	31	-1	-1	-1	0
2331	2328	2329	30	-1	-1	-1	0
2268	2457	2266	40	-1	-1	-1	-2.7562836541080595
2394	2205	2396	31	-1	-1	-1	0
2268	2270	2458	40	-1	-1	-1	-2.7562836541080595
2205	2395	2397	31	-1	-1	-1	0
2205	2397	2396	31	-1	-1	-1	0
2395	2206	2398	31	-1	-1	-1	0
2270	2271	2460	40	-1	-1	-1	-2.7562836541080595
2269	2459	2274	40	-1	-1	-1	-2.7562836541080595
2461	2271	2273	40	-1	-1	-1	-2.7562836541080595
2462	2273	2272	40	-1	-1	-1	-2.7562836541080595
2274	2462	2272	40	-1	-1	-1	-2.7562836541080595
2401	2399	2210	34	-1	-1	-1	0
2211	2402	2398	31	-1	-1	-1	0
2210	2400	2401	34	-1	-1	-1	0
2343	2334	2335	30	-1	-1	-1	0
2276	2464	2275	34	-1	-1	-1	0
2214	2399	2404	34	-1	-1	-1	0
2402	2213	2403	33	-1	-1	-1	0
2464	2280	2275	34	-1	-1	-1	0
2403	2213	2404	33	-1	-1	-1	0
2340	2342	2339	30	-1	-1	-1	0
2467	2279	2277	34	-1	-1	-1	0
2276	2283	2465	34	-1	-1	-1	0
2468	2278	2279	34	-1	-1	-1	0
2277	2281	2467	34	-1	-1	-1	0
2217	2409	2400	34	-1	-1	-1	0
2405	2215	2406	34	-1	-1	-1	0
2405	2407	2216	34	-1	-1	-1	0
2408	2216	2407	34	-1	-1	-1	0
2283	2284	2465	34	-1	-1	-1	0
2472	2281	2280	34	-1	-1	-1	0
2217	2408	2409	34	-1	-1	-1	0
2288	2465	2284	34	-1	-1	-1	0
2411	2218	2410	26	-1	-1	-1	0
2278	2469	2295	34	-1	-1	-1	0
2411	2412	2219	0	-1	-1	-1	0
2220	2412	2414	0	-1	-1	-1	0
2285	2475	2286	0	-1	-1	-1	0
2413	2220	2414	0	-1	-1	-1	0
2287	2286	2475	0	-1	-1	-1	0
2413	2415	2220	0	-1	-1	-1	0
2475	2288	2287	25	-1	-1	-1	0
2475	2285	2292	0	-1	-1	-1	0
2415	2417	2224	12	-1	-1	-1	3.2953801091649293
2416	2224	2417	12	-1	-1	-1	3.2953801091649293
2478	2289	2290	0	-1	-1	-1	0
2291	2289	2479	0	-1	-1	-1	0
2225	2416	2419	0	-1	-1	-1	0
2342	2377	2341	30	-1	-1	-1	0
2225	2419	2418	0	-1	-1	-1	0
2480	2290	2293	4	-1	-1	-1	0
2347	2368	2348	30	-1	-1	-1	0
2481	2292	2291	25	-1	-1	-1	0
2420	2227	2418	0	-1	-1	-1	0
2369	2347	2349	30	-1	-1	-1	0
2420	2421	2226	0	-1	-1	-1	0
2294	2295	2484	34	-1	-1	-1	0
2484	2296	2294	34	-1	-1	-1	0
2422	2230	2423	4	-1	-1	-1	0
2231	2421	2424	10	-1	-1	-1	3.2953801091649382
2425	2232	2424	10	-1	-1	-1	3.2953801091649382
2297	2298	2487	26	-1	-1	-1	0
2347	2369	2368	30	-1	-1	-1	0
2299	2488	2298	0	-1	-1	-1	0
2425	2427	2235	10	-1	-1	-1	3.2953801091649382
2426	2234	2427	0	-1	-1	-1	0
2489	2299	2302	0	-1	-1	-1	0
2426	2428	2236	0	-1	-1	-1	0
2431	2423	2238	0	-1	-1	-1	0
2300	2491	2301	0	-1	-1	-1	0
2236	2428	2429	0	-1	-1	-1	0
2237	2429	2430	0	-1	-1	-1	0
2302	2301	2492	21	-1	-1	-1	-3.2953801091649435
2491	2300	2308	0	-1	-1	-1	0
2494	2304	2303	0	-1	-1	-1	0
2431	2239	2432	0	-1	-1	-1	0
2306	2494	2303	23	-1	-1	-1	-3.2953801091649044
2240	2433	2432	25	-1	-1	-1	0
2430	2435	2241	25	-1	-1	-1	0
2240	2434	2433	25	-1	-1	-1	0
2497	2306	2305	23	-1	-1	-1	-3.2953801091649044
2497	2305	2307	23	-1	-1	-1	-3.2953801091649044
2496	2309	2304	0	-1	-1	-1	0
2241	2435	2434	25	-1	-1	-1	0
2437	2436	2243	41	-1	-1	-1	-2.75628365410806
2503	2308	2309	0	-1	-1	-1	0
2436	2439	2246	25	-1	-1	-1	0
2500	2307	2315	0	-1	-1	-1	0
2438	2246	2439	25	-1	-1	-1	0
2440	2247	2438	25	-1	-1	-1	0
2310	2505	2311	0	-1	-1	-1	0
2310	2312	2506	0	-1	-1	-1	0
2249	2440	2441	25	-1	-1	-1	0
2442	2248	2441	25	-1	-1	-1	0
2312	2313	2508	0	-1	-1	-1	0
2316	2311	2507	0	-1	-1	-1	0
2250	2442	2443	25	-1	-1	-1	0
2252	2447	2437	41	-1	-1	-1	-2.75628365410806
2251	2444	2445	41	-1	-1	-1	-2.75628365410806
2314	2511	2315	0	-1	-1	-1	0
2510	2313	2317	6	-1	-1	-1	0
2511	2314	2316	0	-1	-1	-1	0
2446	2252	2445	41	-1	-1	-1	-2.75628365410806
2447	2252	2446	41	-1	-1	-1	-2.75628365410806
2510	2317	2318	6	-1	-1	-1	0
2449	2444	2253	41	-1	-1	-1	-2.75628365410806
2448	2449	2253	41	-1	-1	-1	-2.75628365410806
2515	2318	2319	25	-1	-1	-1	0
2450	2448	2254	41	-1	-1	-1	-2.75628365410806
2451	2450	2254	41	-1	-1	-1	-2.75628365410806
2319	2323	2515	0	-1	-1	-1	0
2452	2451	2255	34	-1	-1	-1	0
2517	2322	2321	25	-1	-1	-1	0
2452	2256	2453	34	-1	-1	-1	0
2325	2517	2321	25	-1	-1	-1	0
2322	2518	2323	25	-1	-1	-1	0
2386	2393	2385	31	-1	-1	-1	0
2393	2389	2385	31	-1	-1	-1	0
2325	2324	2520	30	-1	-1	-1	0
2326	2519	2324	30	-1	-1	-1	0
2263	2454	2453	34	-1	-1	-1	0
2269	2443	2459	25	-1	-1	-1	0
2456	2454	2265	32	-1	-1	-1	0
2327	2522	2326	30	-1	-1	-1	0
2455	2456	2265	32	-1	-1	-1	0
2266	2457	2455	32	-1	-1	-1	0
2522	2327	2331	30	-1	-1	-1	0
2458	2457	2268	40	-1	-1	-1	-2.7562836541080595
2522	2331	2332	30	-1	-1	-1	0
2523	2332	2330	30	-1	-1	-1	0
2523	2330	2333	30	-1	-1	-1	0
2485	2406	2296	34	-1	-1	-1	0
2270	2460	2458	40	-1	-1	-1	-2.7562836541080595
2461	2460	2271	40	-1	-1	-1	-2.7562836541080595
2525	2333	2334	30	-1	-1	-1	0
2459	2462	2274	40	-1	-1	-1	-2.7562836541080595
2463	2461	2273	40	-1	-1	-1	-2.7562836541080595
2463	2273	2462	40	-1	-1	-1	-2.7562836541080595
2422	2483	2293	4	-1	-1	-1	0
2343	2525	2334	30	-1	-1	-1	0
2276	2466	2464	34	-1	-1	-1	0
2466	2276	2465	34	-1	-1	-1	0
2343	2341	2526	30	-1	-1	-1	0
2409	2401	2400	34	-1	-1	-1	0
2469	2278	2468	34	-1	-1	-1	0
2471	2279	2467	34	-1	-1	-1	0
2470	2468	2279	34	-1	-1	-1	0
2464	2473	2280	34	-1	-1	-1	0
2344	2346	2528	38	-1	-1	-1	2.7562836541080555
2344	2529	2345	38	-1	-1	-1	2.7562836541080555
2471	2470	2279	34	-1	-1	-1	0
2281	2474	2467	34	-1	-1	-1	0
2530	2350	2345	38	-1	-1	-1	2.7562836541080555
2473	2472	2280	34	-1	-1	-1	0
2472	2474	2281	34	-1	-1	-1	0
2465	2288	2476	34	-1	-1	-1	0
2533	2349	2350	38	-1	-1	-1	2.7562836541080555
2356	2531	2346	38	-1	-1	-1	2.7562836541080555
2534	2351	2352	25	-1	-1	-1	0
2351	2534	2354	25	-1	-1	-1	0
2288	2475	2477	25	-1	-1	-1	0
2476	2288	2477	34	-1	-1	-1	0
2535	2355	2353	25	-1	-1	-1	0
2354	2536	2353	25	-1	-1	-1	0
2341	2377	2526	30	-1	-1	-1	0
2475	2292	2477	25	-1	-1	-1	0
2289	2478	2479	0	-1	-1	-1	0
2290	2480	2478	0	-1	-1	-1	0
2469	2484	2295	34	-1	-1	-1	0
2349	2532	2369	30	-1	-1	-1	0
2292	2481	2477	25	-1	-1	-1	0
2355	2540	2356	38	-1	-1	-1	2.7562836541080555
2482	2291	2479	25	-1	-1	-1	0
2481	2291	2482	25	-1	-1	-1	0
2358	2541	2357	39	-1	-1	-1	2.7562836541080586
2480	2293	2483	4	-1	-1	-1	0
2352	2371	2534	25	-1	-1	-1	0
2359	2360	2543	39	-1	-1	-1	2.7562836541080586
2542	2358	2362	39	-1	-1	-1	2.7562836541080586
2361	2359	2543	39	-1	-1	-1	2.7562836541080586
2485	2296	2484	34	-1	-1	-1	0
2543	2360	2363	39	-1	-1	-1	2.7562836541080586
2544	2362	2361	39	-1	-1	-1	2.7562836541080586
2541	2370	2357	25	-1	-1	-1	0
2487	2486	2297	26	-1	-1	-1	0
2546	2363	2364	39	-1	-1	-1	2.7562836541080586
2487	2298	2488	0	-1	-1	-1	0
2488	2299	2490	0	-1	-1	-1	0
2364	2365	2549	32	-1	-1	-1	0
2299	2489	2490	0	-1	-1	-1	0
2366	2549	2365	32	-1	-1	-1	0
2377	2378	2526	30	-1	-1	-1	0
2371	2370	2541	25	-1	-1	-1	0
2550	2366	2367	32	-1	-1	-1	0
2301	2491	2492	21	-1	-1	-1	-3.2953801091649435
2489	2302	2493	21	-1	-1	-1	-3.2953801091649435
2551	2367	2369	30	-1	-1	-1	0
2302	2492	2493	21	-1	-1	-1	-3.2953801091649435
2304	2494	2495	0	-1	-1	-1	0
2495	2496	2304	0	-1	-1	-1	0
2372	2373	2553	30	-1	-1	-1	0
2553	2374	2372	30	-1	-1	-1	0
2306	2499	2494	23	-1	-1	-1	-3.2953801091649044
2497	2498	2306	23	-1	-1	-1	-3.2953801091649044
2308	2502	2491	0	-1	-1	-1	0
2306	2498	2499	23	-1	-1	-1	-3.2953801091649044
2307	2501	2497	23	-1	-1	-1	-3.2953801091649044
2374	2555	2376	30	-1	-1	-1	0
2376	2556	2375	30	-1	-1	-1	0
2307	2500	2501	23	-1	-1	-1	-3.2953801091649044
2554	2373	2381	30	-1	-1	-1	0
2504	2309	2496	0	-1	-1	-1	0
2378	2375	2557	30	-1	-1	-1	0
2308	2503	2502	0	-1	-1	-1	0
2309	2504	2503	0	-1	-1	-1	0
2380	2561	2379	30	-1	-1	-1	0
2437	2447	2436	41	-1	-1	-1	-2.75628365410806
2506	2505	2310	0	-1	-1	-1	0
2436	2447	2439	41	-1	-1	-1	-2.75628365410806
2381	2379	2562	30	-1	-1	-1	0
2311	2505	2507	0	-1	-1	-1	0
2511	2500	2315	0	-1	-1	-1	0
2384	2563	2380	32	-1	-1	-1	0
2312	2509	2506	0	-1	-1	-1	0
2312	2508	2509	0	-1	-1	-1	0
2313	2510	2508	0	-1	-1	-1	0
2383	2382	2567	31	-1	-1	-1	0
2568	2384	2383	31	-1	-1	-1	0
2507	2513	2316	0	-1	-1	-1	0
2567	2382	2388	31	-1	-1	-1	0
2512	2511	2316	0	-1	-1	-1	0
2512	2316	2514	0	-1	-1	-1	0
2516	2510	2318	25	-1	-1	-1	0
2514	2316	2513	0	-1	-1	-1	0
2570	2387	2389	31	-1	-1	-1	0
2570	2388	2387	31	-1	-1	-1	0
2516	2318	2515	25	-1	-1	-1	0
2389	2393	2571	31	-1	-1	-1	0
2391	2390	2572	31	-1	-1	-1	0
2518	2515	2323	25	-1	-1	-1	0
2394	2572	2390	31	-1	-1	-1	0
2392	2571	2393	31	-1	-1	-1	0
2574	2392	2391	31	-1	-1	-1	0
2322	2517	2518	25	-1	-1	-1	0
2572	2394	2396	31	-1	-1	-1	0
2520	2324	2519	30	-1	-1	-1	0
2517	2325	2521	30	-1	-1	-1	0
2520	2521	2325	30	-1	-1	-1	0
2326	2522	2519	30	-1	-1	-1	0
2397	2395	2576	31	-1	-1	-1	0
2398	2576	2395	31	-1	-1	-1	0
2577	2396	2397	31	-1	-1	-1	0
2519	2332	2520	30	-1	-1	-1	0
2522	2332	2519	30	-1	-1	-1	0
2332	2523	2520	30	-1	-1	-1	0
2402	2576	2398	31	-1	-1	-1	0
2401	2580	2399	34	-1	-1	-1	0
2523	2333	2524	30	-1	-1	-1	0
2525	2524	2333	30	-1	-1	-1	0
2580	2404	2399	34	-1	-1	-1	0
2582	2402	2403	33	-1	-1	-1	0
2403	2404	2584	33	-1	-1	-1	0
2401	2409	2581	34	-1	-1	-1	0
2525	2343	2527	30	-1	-1	-1	0
2343	2526	2527	30	-1	-1	-1	0
2585	2405	2406	34	-1	-1	-1	0
2407	2405	2586	34	-1	-1	-1	0
2529	2344	2528	38	-1	-1	-1	2.7562836541080555
2408	2407	2588	34	-1	-1	-1	0
2345	2529	2530	38	-1	-1	-1	2.7562836541080555
2346	2531	2528	38	-1	-1	-1	2.7562836541080555
2409	2408	2589	34	-1	-1	-1	0
2476	2466	2465	34	-1	-1	-1	0
2530	2533	2350	38	-1	-1	-1	2.7562836541080555
2411	2410	2593	26	-1	-1	-1	0
2349	2533	2532	38	-1	-1	-1	2.7562836541080555
2594	2412	2411	0	-1	-1	-1	0
2414	2412	2594	0	-1	-1	-1	0
2415	2413	2595	12	-1	-1	-1	3.2953801091649293
2414	2596	2413	0	-1	-1	-1	0
2535	2353	2536	25	-1	-1	-1	0
2537	2354	2534	25	-1	-1	-1	0
2415	2595	2417	12	-1	-1	-1	3.2953801091649293
2536	2354	2537	25	-1	-1	-1	0
2540	2531	2356	38	-1	-1	-1	2.7562836541080555
2355	2535	2539	25	-1	-1	-1	0
2355	2539	2538	38	-1	-1	-1	2.7562836541080555
2416	2417	2599	12	-1	-1	-1	3.2953801091649293
2598	2419	2416	0	-1	-1	-1	0
2538	2540	2355	38	-1	-1	-1	2.7562836541080555
2601	2418	2419	0	-1	-1	-1	0
2602	2420	2418	0	-1	-1	-1	0
2542	2541	2358	39	-1	-1	-1	2.7562836541080586
2602	2421	2420	0	-1	-1	-1	0
2371	2542	2534	25	-1	-1	-1	0
2543	2544	2361	39	-1	-1	-1	2.7562836541080586
2362	2545	2542	39	-1	-1	-1	2.7562836541080586
2424	2421	2605	10	-1	-1	-1	3.2953801091649382
2545	2362	2544	39	-1	-1	-1	2.7562836541080586
2423	2606	2422	4	-1	-1	-1	0
2547	2543	2363	39	-1	-1	-1	2.7562836541080586
2369	2532	2552	30	-1	-1	-1	0
2542	2371	2541	25	-1	-1	-1	0
2424	2607	2425	10	-1	-1	-1	3.2953801091649382
2363	2546	2547	39	-1	-1	-1	2.7562836541080586
2548	2546	2364	39	-1	-1	-1	2.7562836541080586
2427	2425	2608	10	-1	-1	-1	3.2953801091649382
2606	2423	2431	0	-1	-1	-1	0
2548	2364	2549	32	-1	-1	-1	0
2427	2609	2426	0	-1	-1	-1	0
2609	2428	2426	0	-1	-1	-1	0
2378	2560	2526	30	-1	-1	-1	0
2366	2550	2549	32	-1	-1	-1	0
2551	2550	2367	30	-1	-1	-1	0
2611	2429	2428	0	-1	-1	-1	0
2429	2612	2430	0	-1	-1	-1	0
2369	2552	2551	30	-1	-1	-1	0
2614	2431	2432	0	-1	-1	-1	0
2406	2485	2587	34	-1	-1	-1	0
2613	2435	2430	25	-1	-1	-1	0
2373	2554	2553	30	-1	-1	-1	0
2615	2432	2433	25	-1	-1	-1	0
2374	2553	2555	30	-1	-1	-1	0
2433	2434	2617	34	-1	-1	-1	0
2434	2435	2618	34	-1	-1	-1	0
2375	2556	2557	30	-1	-1	-1	0
2558	2376	2555	30	-1	-1	-1	0
2376	2559	2556	30	-1	-1	-1	0
2376	2558	2559	30	-1	-1	-1	0
2560	2378	2557	30	-1	-1	-1	0
2497	2501	2498	23	-1	-1	-1	-3.2953801091649044
2438	2439	2621	25	-1	-1	-1	0
2440	2438	2620	25	-1	-1	-1	0
2566	2554	2381	30	-1	-1	-1	0
2561	2562	2379	30	-1	-1	-1	0
2440	2623	2441	25	-1	-1	-1	0
2380	2564	2561	30	-1	-1	-1	0
2563	2564	2380	30	-1	-1	-1	0
2447	2622	2439	41	-1	-1	-1	-2.75628365410806
2625	2442	2441	25	-1	-1	-1	0
2565	2381	2562	30	-1	-1	-1	0
2606	2483	2422	4	-1	-1	-1	0
2442	2626	2443	25	-1	-1	-1	0
2381	2565	2566	30	-1	-1	-1	0
2622	2447	2446	41	-1	-1	-1	-2.75628365410806
2563	2384	2569	31	-1	-1	-1	0
2444	2629	2445	41	-1	-1	-1	-2.75628365410806
2568	2383	2567	31	-1	-1	-1	0
2446	2445	2629	41	-1	-1	-1	-2.75628365410806
2569	2384	2568	31	-1	-1	-1	0
2629	2444	2449	41	-1	-1	-1	-2.75628365410806
2388	2570	2567	31	-1	-1	-1	0
2630	2449	2448	41	-1	-1	-1	-2.75628365410806
2450	2631	2448	41	-1	-1	-1	-2.75628365410806
2459	2443	2628	25	-1	-1	-1	0
2571	2570	2389	31	-1	-1	-1	0
2516	2509	2508	0	-1	-1	-1	0
2516	2508	2510	0	-1	-1	-1	0
2451	2634	2450	41	-1	-1	-1	-2.75628365410806
2391	2572	2573	31	-1	-1	-1	0
2571	2392	2575	31	-1	-1	-1	0
2574	2391	2573	31	-1	-1	-1	0
2636	2451	2452	34	-1	-1	-1	0
2636	2452	2453	34	-1	-1	-1	0
2575	2392	2574	31	-1	-1	-1	0
2453	2454	2636	34	-1	-1	-1	0
2396	2577	2572	31	-1	-1	-1	0
2456	2636	2454	34	-1	-1	-1	0
2637	2456	2455	32	-1	-1	-1	0
2628	2462	2459	40	-1	-1	-1	-2.7562836541080595
2457	2638	2455	32	-1	-1	-1	0
2397	2576	2578	31	-1	-1	-1	0
2628	2463	2462	40	-1	-1	-1	-2.7562836541080595
2579	2577	2397	31	-1	-1	-1	0
2578	2579	2397	31	-1	-1	-1	0
2458	2641	2457	40	-1	-1	-1	-2.7562836541080595
2642	2458	2460	40	-1	-1	-1	-2.7562836541080595
2576	2402	2583	31	-1	-1	-1	0
2401	2581	2580	34	-1	-1	-1	0
2642	2460	2461	40	-1	-1	-1	-2.7562836541080595
2523	2521	2520	30	-1	-1	-1	0
2402	2582	2583	33	-1	-1	-1	0
2461	2463	2643	40	-1	-1	-1	-2.7562836541080595
2404	2580	2584	33	-1	-1	-1	0
2582	2403	2584	33	-1	-1	-1	0
2464	2466	2645	34	-1	-1	-1	0
2405	2585	2586	34	-1	-1	-1	0
2406	2587	2585	34	-1	-1	-1	0
2409	2590	2581	34	-1	-1	-1	0
2586	2588	2407	34	-1	-1	-1	0
2473	2464	2645	34	-1	-1	-1	0
2589	2408	2588	34	-1	-1	-1	0
2649	2471	2467	34	-1	-1	-1	0
2469	2468	2650	34	-1	-1	-1	0
2646	2466	2476	34	-1	-1	-1	0
2470	2650	2468	34	-1	-1	-1	0
2467	2474	2648	34	-1	-1	-1	0
2589	2591	2409	34	-1	-1	-1	0
2591	2590	2409	34	-1	-1	-1	0
2471	2652	2470	34	-1	-1	-1	0
2593	2410	2592	26	-1	-1	-1	0
2411	2593	2594	0	-1	-1	-1	0
2477	2646	2476	34	-1	-1	-1	0
2656	2472	2473	34	-1	-1	-1	0
2474	2472	2656	34	-1	-1	-1	0
2469	2651	2484	34	-1	-1	-1	0
2595	2413	2596	0	-1	-1	-1	0
2481	2646	2477	34	-1	-1	-1	0
2597	2414	2594	0	-1	-1	-1	0
2647	2481	2482	34	-1	-1	-1	0
2414	2597	2596	0	-1	-1	-1	0
2595	2600	2417	12	-1	-1	-1	3.2953801091649293
2416	2599	2598	12	-1	-1	-1	3.2953801091649293
2600	2599	2417	12	-1	-1	-1	3.2953801091649293
2534	2545	2537	25	-1	-1	-1	0
2479	2478	2660	0	-1	-1	-1	0
2660	2478	2480	0	-1	-1	-1	0
2604	2419	2598	0	-1	-1	-1	0
2545	2534	2542	25	-1	-1	-1	0
2602	2418	2601	0	-1	-1	-1	0
2479	2661	2482	25	-1	-1	-1	0
2480	2483	2660	25	-1	-1	-1	0
2419	2603	2601	0	-1	-1	-1	0
2604	2603	2419	0	-1	-1	-1	0
2602	2605	2421	0	-1	-1	-1	0
2663	2485	2484	34	-1	-1	-1	0
2543	2547	2544	39	-1	-1	-1	2.7562836541080586
2424	2605	2607	10	-1	-1	-1	3.2953801091649382
2486	2487	2665	26	-1	-1	-1	0
2608	2425	2607	10	-1	-1	-1	3.2953801091649382
2488	2666	2487	0	-1	-1	-1	0
2490	2666	2488	0	-1	-1	-1	0
2608	2609	2427	10	-1	-1	-1	3.2953801091649382
2490	2489	2667	0	-1	-1	-1	0
2428	2609	2610	0	-1	-1	-1	0
2493	2667	2489	0	-1	-1	-1	0
2428	2610	2611	0	-1	-1	-1	0
2431	2614	2606	0	-1	-1	-1	0
2429	2611	2612	0	-1	-1	-1	0
2491	2670	2492	21	-1	-1	-1	-3.2953801091649435
2430	2612	2613	25	-1	-1	-1	0
2493	2492	2671	21	-1	-1	-1	-3.2953801091649435
2615	2614	2432	25	-1	-1	-1	0
2673	2495	2494	0	-1	-1	-1	0
2670	2491	2502	21	-1	-1	-1	-3.2953801091649435
2616	2615	2433	34	-1	-1	-1	0
2433	2617	2616	34	-1	-1	-1	0
2673	2494	2499	23	-1	-1	-1	-3.2953801091649044
2495	2675	2496	0	-1	-1	-1	0
2613	2619	2435	34	-1	-1	-1	0
2617	2434	2618	34	-1	-1	-1	0
2618	2435	2619	34	-1	-1	-1	0
2677	2499	2498	23	-1	-1	-1	-3.2953801091649044
2496	2676	2504	0	-1	-1	-1	0
2498	2501	2677	23	-1	-1	-1	-3.2953801091649044
2438	2621	2620	25	-1	-1	-1	0
2680	2501	2500	23	-1	-1	-1	-3.2953801091649044
2439	2622	2621	41	-1	-1	-1	-2.75628365410806
2624	2440	2620	25	-1	-1	-1	0
2440	2624	2623	25	-1	-1	-1	0
2503	2682	2502	0	-1	-1	-1	0
2625	2441	2623	25	-1	-1	-1	0
2500	2511	2679	0	-1	-1	-1	0
2504	2683	2503	0	-1	-1	-1	0
2625	2627	2442	25	-1	-1	-1	0
2626	2442	2627	25	-1	-1	-1	0
2564	2563	2569	29	-1	-1	-1	0
2626	2628	2443	25	-1	-1	-1	0
2629	2622	2446	41	-1	-1	-1	-2.75628365410806
2687	2505	2506	0	-1	-1	-1	0
2505	2687	2507	0	-1	-1	-1	0
2483	2606	2614	25	-1	-1	-1	0
2509	2689	2506	25	-1	-1	-1	0
2630	2448	2631	41	-1	-1	-1	-2.75628365410806
2507	2690	2513	0	-1	-1	-1	0
2449	2632	2629	41	-1	-1	-1	-2.75628365410806
2449	2630	2633	41	-1	-1	-1	-2.75628365410806
2449	2633	2632	41	-1	-1	-1	-2.75628365410806
2634	2631	2450	41	-1	-1	-1	-2.75628365410806
2511	2512	2692	0	-1	-1	-1	0
2516	2691	2509	25	-1	-1	-1	0
2514	2693	2512	0	-1	-1	-1	0
2634	2451	2635	41	-1	-1	-1	-2.75628365410806
2514	2513	2694	0	-1	-1	-1	0
2451	2636	2635	34	-1	-1	-1	0
2577	2573	2572	31	-1	-1	-1	0
2515	2696	2516	25	-1	-1	-1	0
2518	2696	2515	25	-1	-1	-1	0
2455	2638	2637	32	-1	-1	-1	0
2639	2636	2456	34	-1	-1	-1	0
2517	2697	2518	30	-1	-1	-1	0
2637	2640	2456	32	-1	-1	-1	0
2640	2639	2456	34	-1	-1	-1	0
2644	2463	2628	40	-1	-1	-1	-2.7562836541080595
2485	2663	2587	34	-1	-1	-1	0
2697	2517	2521	30	-1	-1	-1	0
2641	2638	2457	32	-1	-1	-1	0
2578	2576	2583	31	-1	-1	-1	0
2697	2521	2523	30	-1	-1	-1	0
2641	2458	2642	40	-1	-1	-1	-2.7562836541080595
2697	2523	2524	30	-1	-1	-1	0
2643	2642	2461	40	-1	-1	-1	-2.7562836541080595
2524	2525	2700	30	-1	-1	-1	0
2644	2643	2463	40	-1	-1	-1	-2.7562836541080595
2701	2525	2527	30	-1	-1	-1	0
2702	2527	2526	30	-1	-1	-1	0
2614	2660	2483	25	-1	-1	-1	0
2647	2645	2466	34	-1	-1	-1	0
2646	2647	2466	34	-1	-1	-1	0
2529	2528	2705	38	-1	-1	-1	2.7562836541080555
2648	2649	2467	34	-1	-1	-1	0
2705	2530	2529	38	-1	-1	-1	2.7562836541080555
2705	2528	2531	38	-1	-1	-1	2.7562836541080555
2533	2530	2706	38	-1	-1	-1	2.7562836541080555
2651	2469	2650	34	-1	-1	-1	0
2650	2470	2652	34	-1	-1	-1	0
2471	2649	2653	34	-1	-1	-1	0
2532	2533	2708	38	-1	-1	-1	2.7562836541080555
2646	2481	2647	34	-1	-1	-1	0
2645	2657	2473	34	-1	-1	-1	0
2471	2655	2652	34	-1	-1	-1	0
2540	2707	2531	38	-1	-1	-1	2.7562836541080555
2471	2653	2654	34	-1	-1	-1	0
2471	2654	2655	34	-1	-1	-1	0
2535	2536	2710	25	-1	-1	-1	0
2648	2474	2659	34	-1	-1	-1	0
2711	2536	2537	25	-1	-1	-1	0
2710	2539	2535	25	-1	-1	-1	0
2473	2657	2656	34	-1	-1	-1	0
2526	2560	2702	30	-1	-1	-1	0
2474	2656	2658	34	-1	-1	-1	0
2658	2659	2474	34	-1	-1	-1	0
2647	2482	2662	34	-1	-1	-1	0
2538	2713	2540	38	-1	-1	-1	2.7562836541080555
2714	2538	2539	38	-1	-1	-1	2.7562836541080555
2532	2708	2552	30	-1	-1	-1	0
2712	2537	2545	25	-1	-1	-1	0
2663	2484	2651	34	-1	-1	-1	0
2660	2661	2479	25	-1	-1	-1	0
2482	2661	2662	34	-1	-1	-1	0
2545	2544	2716	39	-1	-1	-1	2.7562836541080586
2716	2544	2547	39	-1	-1	-1	2.7562836541080586
2546	2717	2547	39	-1	-1	-1	2.7562836541080586
2548	2717	2546	39	-1	-1	-1	2.7562836541080586
2665	2664	2486	26	-1	-1	-1	0
2549	2719	2548	32	-1	-1	-1	0
2665	2487	2666	0	-1	-1	-1	0
2550	2720	2549	32	-1	-1	-1	0
2551	2721	2550	30	-1	-1	-1	0
2721	2551	2552	30	-1	-1	-1	0
2490	2667	2668	0	-1	-1	-1	0
2490	2669	2666	0	-1	-1	-1	0
2668	2669	2490	0	-1	-1	-1	0
2722	2553	2554	30	-1	-1	-1	0
2722	2555	2553	30	-1	-1	-1	0
2667	2493	2672	0	-1	-1	-1	0
2671	2492	2670	21	-1	-1	-1	-3.2953801091649435
2672	2493	2671	0	-1	-1	-1	0
2555	2726	2558	30	-1	-1	-1	0
2727	2557	2556	30	-1	-1	-1	0
2674	2495	2673	0	-1	-1	-1	0
2556	2559	2728	30	-1	-1	-1	0
2566	2723	2554	30	-1	-1	-1	0
2674	2675	2495	0	-1	-1	-1	0
2729	2560	2557	30	-1	-1	-1	0
2676	2496	2675	0	-1	-1	-1	0
2732	2559	2558	30	-1	-1	-1	0
2678	2673	2499	23	-1	-1	-1	-3.2953801091649044
2502	2681	2670	21	-1	-1	-1	-3.2953801091649435
2499	2677	2678	23	-1	-1	-1	-3.2953801091649044
2680	2677	2501	23	-1	-1	-1	-3.2953801091649044
2561	2735	2562	30	-1	-1	-1	0
2500	2679	2680	23	-1	-1	-1	-3.2953801091649044
2561	2564	2735	30	-1	-1	-1	0
2562	2736	2565	30	-1	-1	-1	0
2685	2504	2676	0	-1	-1	-1	0
2502	2682	2681	21	-1	-1	-1	-3.2953801091649435
2503	2683	2682	0	-1	-1	-1	0
2565	2738	2566	30	-1	-1	-1	0
2564	2569	2737	29	-1	-1	-1	0
2504	2686	2683	0	-1	-1	-1	0
2685	2684	2504	0	-1	-1	-1	0
2504	2684	2686	0	-1	-1	-1	0
2740	2568	2567	31	-1	-1	-1	0
2740	2569	2568	31	-1	-1	-1	0
2741	2567	2570	31	-1	-1	-1	0
2506	2688	2687	25	-1	-1	-1	0
2692	2679	2511	0	-1	-1	-1	0
2632	2622	2629	41	-1	-1	-1	-2.75628365410806
2689	2688	2506	25	-1	-1	-1	0
2690	2507	2687	0	-1	-1	-1	0
2571	2744	2570	31	-1	-1	-1	0
2689	2509	2691	25	-1	-1	-1	0
2744	2571	2575	31	-1	-1	-1	0
2574	2573	2745	31	-1	-1	-1	0
2574	2746	2575	31	-1	-1	-1	0
2577	2745	2573	31	-1	-1	-1	0
2512	2693	2692	0	-1	-1	-1	0
2694	2513	2690	0	-1	-1	-1	0
2577	2579	2745	31	-1	-1	-1	0
2693	2514	2695	0	-1	-1	-1	0
2696	2691	2516	25	-1	-1	-1	0
2694	2695	2514	0	-1	-1	-1	0
2579	2578	2748	31	-1	-1	-1	0
2578	2583	2748	31	-1	-1	-1	0
2581	2750	2580	33	-1	-1	-1	0
2698	2696	2518	30	-1	-1	-1	0
2698	2518	2697	30	-1	-1	-1	0
2584	2580	2750	33	-1	-1	-1	0
2582	2752	2583	33	-1	-1	-1	0
2582	2584	2752	33	-1	-1	-1	0
2699	2697	2524	30	-1	-1	-1	0
2751	2581	2590	33	-1	-1	-1	0
2524	2700	2699	30	-1	-1	-1	0
2585	2754	2586	34	-1	-1	-1	0
2525	2701	2700	30	-1	-1	-1	0
2755	2585	2587	34	-1	-1	-1	0
2586	2756	2588	34	-1	-1	-1	0
2617	2658	2656	34	-1	-1	-1	0
2703	2527	2702	30	-1	-1	-1	0
2704	2701	2527	30	-1	-1	-1	0
2703	2704	2527	30	-1	-1	-1	0
2589	2588	2759	34	-1	-1	-1	0
2591	2589	2759	34	-1	-1	-1	0
2706	2530	2705	38	-1	-1	-1	2.7562836541080555
2760	2590	2591	34	-1	-1	-1	0
2707	2705	2531	38	-1	-1	-1	2.7562836541080555
2709	2533	2706	38	-1	-1	-1	2.7562836541080555
2764	2593	2592	26	-1	-1	-1	0
2708	2533	2709	38	-1	-1	-1	2.7562836541080555
2593	2765	2594	0	-1	-1	-1	0
2662	2645	2647	34	-1	-1	-1	0
2710	2536	2711	25	-1	-1	-1	0
2767	2597	2594	0	-1	-1	-1	0
2596	2768	2595	0	-1	-1	-1	0
2712	2711	2537	25	-1	-1	-1	0
2707	2540	2713	38	-1	-1	-1	2.7562836541080555
2769	2596	2597	0	-1	-1	-1	0
2768	2600	2595	0	-1	-1	-1	0
2539	2710	2715	25	-1	-1	-1	0
2713	2538	2714	38	-1	-1	-1	2.7562836541080555
2715	2714	2539	38	-1	-1	-1	2.7562836541080555
2598	2599	2771	12	-1	-1	-1	3.2953801091649293
2599	2600	2773	12	-1	-1	-1	3.2953801091649293
2545	2716	2712	39	-1	-1	-1	2.7562836541080586
2771	2604	2598	12	-1	-1	-1	3.2953801091649293
2601	2776	2602	0	-1	-1	-1	0
2601	2603	2775	0	-1	-1	-1	0
2547	2717	2716	39	-1	-1	-1	2.7562836541080586
2721	2552	2708	30	-1	-1	-1	0
2718	2717	2548	39	-1	-1	-1	2.7562836541080586
2605	2602	2778	0	-1	-1	-1	0
2718	2548	2719	32	-1	-1	-1	0
2603	2604	2780	0	-1	-1	-1	0
2549	2720	2719	32	-1	-1	-1	0
2721	2720	2550	30	-1	-1	-1	0
2607	2605	2783	10	-1	-1	-1	3.2953801091649382
2560	2734	2702	30	-1	-1	-1	0
2783	2608	2607	10	-1	-1	-1	3.2953801091649382
2724	2722	2554	30	-1	-1	-1	0
2554	2723	2724	30	-1	-1	-1	0
2609	2608	2784	10	-1	-1	-1	3.2953801091649382
2725	2555	2722	30	-1	-1	-1	0
2609	2784	2610	10	-1	-1	-1	3.2953801091649382
2555	2725	2726	30	-1	-1	-1	0
2785	2611	2610	0	-1	-1	-1	0
2663	2758	2587	34	-1	-1	-1	0
2611	2786	2612	0	-1	-1	-1	0
2727	2556	2728	30	-1	-1	-1	0
2787	2613	2612	25	-1	-1	-1	0
2727	2730	2557	30	-1	-1	-1	0
2726	2731	2558	30	-1	-1	-1	0
2557	2730	2729	30	-1	-1	-1	0
2614	2615	2789	25	-1	-1	-1	0
2559	2733	2728	30	-1	-1	-1	0
2613	2788	2619	34	-1	-1	-1	0
2615	2616	2790	34	-1	-1	-1	0
2558	2731	2732	30	-1	-1	-1	0
2729	2734	2560	30	-1	-1	-1	0
2559	2732	2733	30	-1	-1	-1	0
2616	2617	2791	34	-1	-1	-1	0
2618	2792	2617	34	-1	-1	-1	0
2566	2739	2723	30	-1	-1	-1	0
2618	2619	2792	34	-1	-1	-1	0
2735	2736	2562	30	-1	-1	-1	0
2793	2620	2621	25	-1	-1	-1	0
2737	2735	2564	29	-1	-1	-1	0
2621	2622	2794	41	-1	-1	-1	-2.75628365410806
2624	2620	2793	25	-1	-1	-1	0
2565	2736	2738	30	-1	-1	-1	0
2623	2624	2795	25	-1	-1	-1	0
2795	2625	2623	25	-1	-1	-1	0
2738	2739	2566	30	-1	-1	-1	0
2625	2795	2627	25	-1	-1	-1	0
2740	2567	2741	31	-1	-1	-1	0
2742	2737	2569	29	-1	-1	-1	0
2794	2622	2632	41	-1	-1	-1	-2.75628365410806
2797	2628	2626	25	-1	-1	-1	0
2627	2798	2626	25	-1	-1	-1	0
2569	2740	2743	31	-1	-1	-1	0
2742	2569	2743	29	-1	-1	-1	0
2744	2741	2570	31	-1	-1	-1	0
2794	2632	2633	41	-1	-1	-1	-2.75628365410806
2630	2631	2801	41	-1	-1	-1	-2.75628365410806
2614	2789	2660	25	-1	-1	-1	0
2801	2633	2630	41	-1	-1	-1	-2.75628365410806
2617	2656	2791	34	-1	-1	-1	0
2746	2574	2745	31	-1	-1	-1	0
2744	2575	2747	31	-1	-1	-1	0
2631	2634	2802	41	-1	-1	-1	-2.75628365410806
2792	2658	2617	34	-1	-1	-1	0
2746	2747	2575	31	-1	-1	-1	0
2745	2579	2746	31	-1	-1	-1	0
2628	2800	2644	40	-1	-1	-1	-2.7562836541080595
2579	2749	2746	31	-1	-1	-1	0
2806	2634	2635	41	-1	-1	-1	-2.75628365410806
2748	2749	2579	31	-1	-1	-1	0
2807	2635	2636	34	-1	-1	-1	0
2750	2581	2751	33	-1	-1	-1	0
2639	2807	2636	34	-1	-1	-1	0
2583	2752	2748	33	-1	-1	-1	0
2808	2637	2638	32	-1	-1	-1	0
2637	2808	2640	32	-1	-1	-1	0
2808	2638	2641	32	-1	-1	-1	0
2750	2753	2584	33	-1	-1	-1	0
2639	2640	2809	34	-1	-1	-1	0
2752	2584	2753	33	-1	-1	-1	0
2697	2699	2698	30	-1	-1	-1	0
2585	2755	2754	34	-1	-1	-1	0
2641	2642	2811	40	-1	-1	-1	-2.7562836541080595
2586	2754	2756	34	-1	-1	-1	0
2811	2642	2643	40	-1	-1	-1	-2.7562836541080595
2755	2587	2757	34	-1	-1	-1	0
2643	2644	2813	40	-1	-1	-1	-2.7562836541080595
2587	2758	2757	34	-1	-1	-1	0
2761	2751	2590	33	-1	-1	-1	0
2588	2756	2759	34	-1	-1	-1	0
2657	2791	2656	34	-1	-1	-1	0
2661	2660	2789	25	-1	-1	-1	0
2760	2761	2590	33	-1	-1	-1	0
2648	2815	2649	34	-1	-1	-1	0
2762	2591	2759	34	-1	-1	-1	0
2760	2591	2762	34	-1	-1	-1	0
2814	2657	2645	34	-1	-1	-1	0
2816	2653	2649	34	-1	-1	-1	0
2707	2706	2705	38	-1	-1	-1	2.7562836541080555
2818	2651	2650	34	-1	-1	-1	0
2764	2592	2763	26	-1	-1	-1	0
2652	2818	2650	34	-1	-1	-1	0
2662	2814	2645	34	-1	-1	-1	0
2764	2765	2593	0	-1	-1	-1	0
2648	2659	2815	34	-1	-1	-1	0
2709	2706	2707	38	-1	-1	-1	2.7562836541080555
2594	2765	2766	0	-1	-1	-1	0
2767	2594	2766	0	-1	-1	-1	0
2652	2655	2822	34	-1	-1	-1	0
2713	2709	2707	38	-1	-1	-1	2.7562836541080555
2823	2654	2653	34	-1	-1	-1	0
2651	2819	2663	34	-1	-1	-1	0
2769	2597	2767	18	-1	-1	-1	3.2953801091649231
2824	2655	2654	34	-1	-1	-1	0
2768	2596	2770	0	-1	-1	-1	0
2596	2769	2770	0	-1	-1	-1	0
2662	2661	2814	34	-1	-1	-1	0
2772	2771	2599	12	-1	-1	-1	3.2953801091649293
2600	2768	2774	0	-1	-1	-1	0
2659	2658	2826	34	-1	-1	-1	0
2772	2599	2773	12	-1	-1	-1	3.2953801091649293
2717	2712	2716	39	-1	-1	-1	2.7562836541080586
2774	2773	2600	0	-1	-1	-1	0
2776	2601	2775	0	-1	-1	-1	0
2602	2776	2777	0	-1	-1	-1	0
2771	2781	2604	12	-1	-1	-1	3.2953801091649293
2602	2777	2778	0	-1	-1	-1	0
2779	2775	2603	0	-1	-1	-1	0
2665	2830	2664	26	-1	-1	-1	0
2779	2603	2780	0	-1	-1	-1	0
2665	2666	2831	0	-1	-1	-1	0
2780	2604	2781	12	-1	-1	-1	3.2953801091649293
2782	2605	2778	0	-1	-1	-1	0
2831	2666	2669	0	-1	-1	-1	0
2833	2668	2667	0	-1	-1	-1	0
2782	2783	2605	10	-1	-1	-1	3.2953801091649382
2832	2667	2672	0	-1	-1	-1	0
2834	2669	2668	0	-1	-1	-1	0
2784	2608	2783	10	-1	-1	-1	3.2953801091649382
2671	2670	2835	21	-1	-1	-1	-3.2953801091649435
2785	2610	2784	10	-1	-1	-1	3.2953801091649382
2672	2671	2837	0	-1	-1	-1	0
2611	2785	2786	0	-1	-1	-1	0
2786	2787	2612	25	-1	-1	-1	0
2840	2674	2673	0	-1	-1	-1	0
2681	2836	2670	21	-1	-1	-1	-3.2953801091649435
2613	2787	2788	34	-1	-1	-1	0
2841	2675	2674	0	-1	-1	-1	0
2673	2678	2840	23	-1	-1	-1	-3.2953801091649044
2676	2675	2842	0	-1	-1	-1	0
2789	2615	2790	34	-1	-1	-1	0
2791	2790	2616	34	-1	-1	-1	0
2792	2619	2788	34	-1	-1	-1	0
2678	2677	2845	23	-1	-1	-1	-3.2953801091649044
2680	2845	2677	23	-1	-1	-1	-3.2953801091649044
2685	2676	2844	0	-1	-1	-1	0
2847	2680	2679	23	-1	-1	-1	-3.2953801091649044
2794	2793	2621	41	-1	-1	-1	-2.75628365410806
2682	2848	2681	21	-1	-1	-1	-3.2953801091649435
2796	2624	2793	25	-1	-1	-1	0
2683	2849	2682	0	-1	-1	-1	0
2624	2796	2795	25	-1	-1	-1	0
2692	2846	2679	0	-1	-1	-1	0
2849	2683	2686	0	-1	-1	-1	0
2686	2684	2851	0	-1	-1	-1	0
2799	2627	2795	25	-1	-1	-1	0
2797	2626	2798	25	-1	-1	-1	0
2685	2852	2684	0	-1	-1	-1	0
2798	2627	2799	25	-1	-1	-1	0
2740	2741	2743	31	-1	-1	-1	0
2628	2797	2800	25	-1	-1	-1	0
2687	2688	2855	25	-1	-1	-1	0
2633	2804	2794	41	-1	-1	-1	-2.75628365410806
2690	2687	2855	25	-1	-1	-1	0
2689	2857	2688	30	-1	-1	-1	0
2631	2802	2801	41	-1	-1	-1	-2.75628365410806
2803	2633	2801	41	-1	-1	-1	-2.75628365410806
2858	2689	2691	30	-1	-1	-1	0
2790	2791	2657	34	-1	-1	-1	0
2633	2803	2804	41	-1	-1	-1	-2.75628365410806
2802	2634	2805	41	-1	-1	-1	-2.75628365410806
2694	2690	2859	25	-1	-1	-1	0
2806	2805	2634	41	-1	-1	-1	-2.75628365410806
2693	2861	2692	0	-1	-1	-1	0
2860	2691	2696	30	-1	-1	-1	0
2807	2806	2635	34	-1	-1	-1	0
2828	2758	2663	34	-1	-1	-1	0
2862	2693	2695	0	-1	-1	-1	0
2695	2694	2863	25	-1	-1	-1	0
2696	2698	2860	30	-1	-1	-1	0
2753	2750	2751	33	-1	-1	-1	0
2639	2809	2807	34	-1	-1	-1	0
2813	2644	2800	40	-1	-1	-1	-2.7562836541080595
2860	2698	2699	30	-1	-1	-1	0
2808	2810	2640	32	-1	-1	-1	0
2640	2810	2809	34	-1	-1	-1	0
2641	2812	2808	32	-1	-1	-1	0
2657	2814	2790	34	-1	-1	-1	0
2641	2811	2812	40	-1	-1	-1	-2.7562836541080595
2789	2814	2661	34	-1	-1	-1	0
2865	2699	2700	30	-1	-1	-1	0
2753	2751	2761	33	-1	-1	-1	0
2813	2811	2643	40	-1	-1	-1	-2.7562836541080595
2701	2866	2700	30	-1	-1	-1	0
2869	2701	2704	30	-1	-1	-1	0
2792	2826	2658	34	-1	-1	-1	0
2762	2759	2756	34	-1	-1	-1	0
2702	2872	2703	30	-1	-1	-1	0
2704	2703	2873	30	-1	-1	-1	0
2815	2817	2649	34	-1	-1	-1	0
2816	2649	2817	34	-1	-1	-1	0
2819	2651	2818	34	-1	-1	-1	0
2652	2821	2818	34	-1	-1	-1	0
2708	2709	2875	38	-1	-1	-1	2.7562836541080555
2653	2816	2823	34	-1	-1	-1	0
2652	2820	2821	34	-1	-1	-1	0
2652	2822	2820	34	-1	-1	-1	0
2875	2709	2713	38	-1	-1	-1	2.7562836541080555
2711	2877	2710	25	-1	-1	-1	0
2878	2711	2712	25	-1	-1	-1	0
2824	2654	2823	34	-1	-1	-1	0
2659	2827	2815	34	-1	-1	-1	0
2714	2875	2713	38	-1	-1	-1	2.7562836541080555
2710	2877	2715	25	-1	-1	-1	0
2822	2655	2825	34	-1	-1	-1	0
2825	2655	2824	34	-1	-1	-1	0
2708	2876	2721	30	-1	-1	-1	0
2717	2878	2712	39	-1	-1	-1	2.7562836541080586
2702	2734	2871	30	-1	-1	-1	0
2879	2714	2715	38	-1	-1	-1	2.7562836541080555
2819	2828	2663	34	-1	-1	-1	0
2827	2659	2826	34	-1	-1	-1	0
2770	2774	2768	0	-1	-1	-1	0
2878	2717	2718	39	-1	-1	-1	2.7562836541080586
2719	2882	2718	32	-1	-1	-1	0
2720	2883	2719	32	-1	-1	-1	0
2830	2829	2664	26	-1	-1	-1	0
2884	2720	2721	30	-1	-1	-1	0
2831	2830	2665	0	-1	-1	-1	0
2667	2832	2833	0	-1	-1	-1	0
2722	2724	2886	30	-1	-1	-1	0
2725	2722	2885	30	-1	-1	-1	0
2831	2669	2834	0	-1	-1	-1	0
2834	2668	2833	15	-1	-1	-1	-3.2953801091649382
2723	2888	2724	30	-1	-1	-1	0
2890	2726	2725	30	-1	-1	-1	0
2835	2670	2836	21	-1	-1	-1	-3.2953801091649435
2672	2838	2832	0	-1	-1	-1	0
2835	2837	2671	0	-1	-1	-1	0
2839	2672	2837	0	-1	-1	-1	0
2892	2731	2726	30	-1	-1	-1	0
2838	2672	2839	0	-1	-1	-1	0
2894	2727	2728	30	-1	-1	-1	0
2727	2895	2730	30	-1	-1	-1	0
2888	2723	2739	30	-1	-1	-1	0
2840	2841	2674	0	-1	-1	-1	0
2899	2729	2730	30	-1	-1	-1	0
2728	2733	2897	30	-1	-1	-1	0
2675	2841	2842	0	-1	-1	-1	0
2842	2843	2676	0	-1	-1	-1	0
2729	2898	2734	30	-1	-1	-1	0
2845	2840	2678	23	-1	-1	-1	-3.2953801091649044
2844	2676	2843	0	-1	-1	-1	0
2848	2836	2681	21	-1	-1	-1	-3.2953801091649435
2731	2902	2732	30	-1	-1	-1	0
2732	2903	2733	30	-1	-1	-1	0
2846	2847	2679	23	-1	-1	-1	-3.2953801091649044
2680	2847	2845	23	-1	-1	-1	-3.2953801091649044
2735	2906	2736	29	-1	-1	-1	0
2737	2906	2735	29	-1	-1	-1	0
2682	2850	2848	21	-1	-1	-1	-3.2953801091649435
2682	2849	2850	21	-1	-1	-1	-3.2953801091649435
2736	2907	2738	29	-1	-1	-1	0
2853	2685	2844	0	-1	-1	-1	0
2796	2793	2794	41	-1	-1	-1	-2.75628365410806
2742	2906	2737	29	-1	-1	-1	0
2908	2739	2738	29	-1	-1	-1	0
2852	2851	2684	0	-1	-1	-1	0
2849	2686	2854	0	-1	-1	-1	0
2685	2853	2852	0	-1	-1	-1	0
2851	2854	2686	0	-1	-1	-1	0
2789	2790	2814	34	-1	-1	-1	0
2910	2743	2741	31	-1	-1	-1	0
2796	2794	2804	41	-1	-1	-1	-2.75628365410806
2910	2741	2744	31	-1	-1	-1	0
2911	2742	2743	29	-1	-1	-1	0
2846	2692	2861	0	-1	-1	-1	0
2855	2688	2856	30	-1	-1	-1	0
2857	2856	2688	30	-1	-1	-1	0
2747	2910	2744	31	-1	-1	-1	0
2859	2690	2855	25	-1	-1	-1	0
2689	2858	2857	30	-1	-1	-1	0
2747	2746	2913	31	-1	-1	-1	0
2792	2788	2826	34	-1	-1	-1	0
2749	2912	2746	31	-1	-1	-1	0
2691	2860	2858	30	-1	-1	-1	0
2749	2748	2914	33	-1	-1	-1	0
2752	2914	2748	33	-1	-1	-1	0
2861	2693	2862	0	-1	-1	-1	0
2694	2859	2863	25	-1	-1	-1	0
2864	2862	2695	25	-1	-1	-1	0
2916	2752	2753	33	-1	-1	-1	0
2806	2807	2809	34	-1	-1	-1	0
2863	2864	2695	25	-1	-1	-1	0
2860	2699	2865	30	-1	-1	-1	0
2754	2755	2918	34	-1	-1	-1	0
2756	2754	2919	34	-1	-1	-1	0
2761	2917	2753	33	-1	-1	-1	0
2700	2867	2865	30	-1	-1	-1	0
2757	2921	2755	34	-1	-1	-1	0
2867	2700	2866	30	-1	-1	-1	0
2868	2866	2701	30	-1	-1	-1	0
2812	2811	2813	40	-1	-1	-1	-2.7562836541080595
2756	2919	2762	34	-1	-1	-1	0
2868	2701	2869	30	-1	-1	-1	0
2923	2757	2758	34	-1	-1	-1	0
2702	2871	2870	30	-1	-1	-1	0
2702	2870	2872	30	-1	-1	-1	0
2869	2704	2874	30	-1	-1	-1	0
2926	2761	2760	33	-1	-1	-1	0
2703	2872	2873	30	-1	-1	-1	0
2762	2927	2760	34	-1	-1	-1	0
2874	2704	2873	30	-1	-1	-1	0
2764	2763	2930	26	-1	-1	-1	0
2708	2875	2876	38	-1	-1	-1	2.7562836541080555
2931	2765	2764	0	-1	-1	-1	0
2932	2766	2765	0	-1	-1	-1	0
2876	2875	2714	38	-1	-1	-1	2.7562836541080555
2933	2767	2766	0	-1	-1	-1	0
2711	2878	2877	25	-1	-1	-1	0
2876	2714	2879	38	-1	-1	-1	2.7562836541080555
2767	2934	2769	18	-1	-1	-1	3.2953801091649231
2877	2880	2715	25	-1	-1	-1	0
2880	2879	2715	38	-1	-1	-1	2.7562836541080555
2936	2770	2769	0	-1	-1	-1	0
2881	2878	2718	39	-1	-1	-1	2.7562836541080586
2774	2770	2937	0	-1	-1	-1	0
2876	2884	2721	30	-1	-1	-1	0
2882	2881	2718	32	-1	-1	-1	0
2940	2771	2772	12	-1	-1	-1	3.2953801091649293
2882	2719	2883	32	-1	-1	-1	0
2773	2941	2772	12	-1	-1	-1	3.2953801091649293
2883	2720	2884	30	-1	-1	-1	0
2942	2773	2774	0	-1	-1	-1	0
2771	2939	2781	12	-1	-1	-1	3.2953801091649293
2722	2887	2885	30	-1	-1	-1	0
2776	2775	2943	0	-1	-1	-1	0
2722	2886	2887	30	-1	-1	-1	0
2945	2777	2776	0	-1	-1	-1	0
2944	2775	2779	0	-1	-1	-1	0
2724	2889	2886	30	-1	-1	-1	0
2724	2888	2889	30	-1	-1	-1	0
2891	2725	2885	30	-1	-1	-1	0
2777	2947	2778	0	-1	-1	-1	0
2725	2891	2890	30	-1	-1	-1	0
2949	2782	2778	0	-1	-1	-1	0
2950	2779	2780	0	-1	-1	-1	0
2726	2890	2893	30	-1	-1	-1	0
2734	2905	2871	30	-1	-1	-1	0
2828	2924	2758	34	-1	-1	-1	0
2892	2726	2893	30	-1	-1	-1	0
2951	2780	2781	12	-1	-1	-1	3.2953801091649293
2894	2895	2727	30	-1	-1	-1	0
2782	2953	2783	10	-1	-1	-1	3.2953801091649382
2728	2896	2894	30	-1	-1	-1	0
2783	2953	2784	10	-1	-1	-1	3.2953801091649382
2897	2896	2728	30	-1	-1	-1	0
2784	2955	2785	10	-1	-1	-1	3.2953801091649382
2892	2902	2731	30	-1	-1	-1	0
2895	2900	2730	30	-1	-1	-1	0
2898	2729	2899	30	-1	-1	-1	0
2785	2956	2786	0	-1	-1	-1	0
2899	2730	2901	30	-1	-1	-1	0
2787	2786	2957	25	-1	-1	-1	0
2730	2900	2901	30	-1	-1	-1	0
2788	2787	2958	34	-1	-1	-1	0
2733	2903	2897	30	-1	-1	-1	0
2898	2904	2734	30	-1	-1	-1	0
2739	2909	2888	29	-1	-1	-1	0
2902	2903	2732	30	-1	-1	-1	0
2904	2905	2734	30	-1	-1	-1	0
2736	2906	2907	29	-1	-1	-1	0
2961	2795	2796	25	-1	-1	-1	0
2908	2738	2907	29	-1	-1	-1	0
2907	2906	2742	29	-1	-1	-1	0
2795	2961	2799	25	-1	-1	-1	0
2739	2908	2909	29	-1	-1	-1	0
2797	2798	2962	25	-1	-1	-1	0
2962	2800	2797	25	-1	-1	-1	0
2963	2798	2799	25	-1	-1	-1	0
2907	2742	2911	29	-1	-1	-1	0
2804	2961	2796	41	-1	-1	-1	-2.75628365410806
2743	2910	2911	29	-1	-1	-1	0
2801	2802	2966	41	-1	-1	-1	-2.75628365410806
2913	2910	2747	31	-1	-1	-1	0
2803	2801	2966	41	-1	-1	-1	-2.75628365410806
2913	2746	2912	31	-1	-1	-1	0
2966	2802	2805	41	-1	-1	-1	-2.75628365410806
2967	2804	2803	41	-1	-1	-1	-2.75628365410806
2826	2788	2960	34	-1	-1	-1	0
2912	2749	2915	33	-1	-1	-1	0
2915	2749	2914	33	-1	-1	-1	0
2965	2813	2800	40	-1	-1	-1	-2.7562836541080595
2968	2805	2806	41	-1	-1	-1	-2.75628365410806
2752	2916	2914	33	-1	-1	-1	0
2867	2857	2858	30	-1	-1	-1	0
2865	2858	2860	30	-1	-1	-1	0
2970	2806	2809	34	-1	-1	-1	0
2916	2753	2917	33	-1	-1	-1	0
2971	2810	2808	32	-1	-1	-1	0
2865	2867	2858	30	-1	-1	-1	0
2809	2810	2972	34	-1	-1	-1	0
2754	2918	2920	34	-1	-1	-1	0
2812	2971	2808	32	-1	-1	-1	0
2919	2754	2920	34	-1	-1	-1	0
2755	2922	2918	34	-1	-1	-1	0
2921	2922	2755	34	-1	-1	-1	0
2812	2813	2974	40	-1	-1	-1	-2.7562836541080595
2757	2923	2921	34	-1	-1	-1	0
2928	2917	2761	33	-1	-1	-1	0
2925	2923	2758	34	-1	-1	-1	0
2924	2925	2758	34	-1	-1	-1	0
2975	2817	2815	34	-1	-1	-1	0
2927	2762	2919	34	-1	-1	-1	0
2977	2816	2817	42	-1	-1	-1	2.7562836541080564
2927	2926	2760	33	-1	-1	-1	0
2823	2816	2976	42	-1	-1	-1	2.7562836541080564
2928	2761	2926	33	-1	-1	-1	0
2827	2975	2815	34	-1	-1	-1	0
2818	2980	2819	34	-1	-1	-1	0
2980	2818	2821	34	-1	-1	-1	0
2930	2763	2929	26	-1	-1	-1	0
2764	2930	2931	0	-1	-1	-1	0
2984	2821	2820	34	-1	-1	-1	0
2983	2820	2822	34	-1	-1	-1	0
2932	2765	2931	0	-1	-1	-1	0
2982	2828	2819	34	-1	-1	-1	0
2933	2766	2932	0	-1	-1	-1	0
2822	2825	2986	34	-1	-1	-1	0
2767	2933	2934	18	-1	-1	-1	3.2953801091649231
2988	2824	2823	42	-1	-1	-1	2.7562836541080564
2881	2877	2878	25	-1	-1	-1	0
2935	2769	2934	18	-1	-1	-1	3.2953801091649231
2989	2825	2824	42	-1	-1	-1	2.7562836541080564
2876	2879	2884	30	-1	-1	-1	0
2935	2936	2769	18	-1	-1	-1	3.2953801091649231
2826	2991	2827	34	-1	-1	-1	0
2936	2938	2770	0	-1	-1	-1	0
2938	2937	2770	0	-1	-1	-1	0
2940	2939	2771	12	-1	-1	-1	3.2953801091649293
2829	2830	2994	26	-1	-1	-1	0
2940	2772	2941	12	-1	-1	-1	3.2953801091649293
2942	2774	2937	0	-1	-1	-1	0
2942	2941	2773	0	-1	-1	-1	0
2831	2995	2830	0	-1	-1	-1	0
2834	2996	2831	0	-1	-1	-1	0
2775	2944	2943	0	-1	-1	-1	0
2832	2998	2833	0	-1	-1	-1	0
2891	2885	2887	30	-1	-1	-1	0
2943	2946	2776	0	-1	-1	-1	0
2834	2833	2999	15	-1	-1	-1	-3.2953801091649382
2945	2776	2946	0	-1	-1	-1	0
2998	2832	2838	0	-1	-1	-1	0
2948	2777	2945	0	-1	-1	-1	0
2836	3001	2835	21	-1	-1	-1	-3.2953801091649435
2777	2948	2947	0	-1	-1	-1	0
2952	2781	2939	12	-1	-1	-1	3.2953801091649293
3001	2837	2835	0	-1	-1	-1	0
2950	2944	2779	0	-1	-1	-1	0
2949	2778	2947	0	-1	-1	-1	0
2780	2951	2950	12	-1	-1	-1	3.2953801091649293
3005	2839	2837	0	-1	-1	-1	0
3007	2838	2839	0	-1	-1	-1	0
2781	2952	2951	12	-1	-1	-1	3.2953801091649293
2949	2954	2782	0	-1	-1	-1	0
3002	2836	2848	21	-1	-1	-1	-3.2953801091649435
2782	2954	2953	10	-1	-1	-1	3.2953801091649382
2840	3009	2841	0	-1	-1	-1	0
2784	2953	2955	10	-1	-1	-1	3.2953801091649382
2841	3011	2842	0	-1	-1	-1	0
3010	2840	2845	23	-1	-1	-1	-3.2953801091649044
2955	2956	2785	25	-1	-1	-1	0
3012	2843	2842	0	-1	-1	-1	0
2957	2786	2956	25	-1	-1	-1	0
2848	2850	3002	21	-1	-1	-1	-3.2953801091649435
2843	3013	2844	25	-1	-1	-1	0
3010	2845	2847	23	-1	-1	-1	-3.2953801091649044
2959	2787	2957	25	-1	-1	-1	0
2959	2958	2787	34	-1	-1	-1	0
2960	2788	2958	34	-1	-1	-1	0
2846	3017	2847	23	-1	-1	-1	-3.2953801091649044
2844	3015	2853	25	-1	-1	-1	0
3019	2850	2849	21	-1	-1	-1	-3.2953801091649435
2849	2854	3019	21	-1	-1	-1	-3.2953801091649435
2962	2798	2963	25	-1	-1	-1	0
2861	3017	2846	0	-1	-1	-1	0
2964	2799	2961	25	-1	-1	-1	0
2851	2852	3022	0	-1	-1	-1	0
2851	3021	2854	0	-1	-1	-1	0
2964	2963	2799	25	-1	-1	-1	0
2800	2962	2965	25	-1	-1	-1	0
2853	3023	2852	0	-1	-1	-1	0
2961	2804	2967	41	-1	-1	-1	-2.75628365410806
2966	2967	2803	41	-1	-1	-1	-2.75628365410806
2855	2856	3027	30	-1	-1	-1	0
2859	2855	3026	25	-1	-1	-1	0
2969	2966	2805	41	-1	-1	-1	-2.75628365410806
2857	3028	2856	30	-1	-1	-1	0
2805	2968	2969	41	-1	-1	-1	-2.75628365410806
2924	2828	2992	34	-1	-1	-1	0
2970	2968	2806	41	-1	-1	-1	-2.75628365410806
2916	2915	2914	33	-1	-1	-1	0
2863	2859	3026	25	-1	-1	-1	0
2809	2972	2970	34	-1	-1	-1	0
3028	2857	2867	30	-1	-1	-1	0
2862	3029	2861	0	-1	-1	-1	0
2974	2813	2965	40	-1	-1	-1	-2.7562836541080595
2973	2810	2971	32	-1	-1	-1	0
2810	2973	2972	34	-1	-1	-1	0
2864	3030	2862	25	-1	-1	-1	0
2812	2974	2971	32	-1	-1	-1	0
2863	3031	2864	25	-1	-1	-1	0
2918	2922	2920	34	-1	-1	-1	0
3028	2867	2866	30	-1	-1	-1	0
2866	2868	3028	30	-1	-1	-1	0
2816	2977	2976	42	-1	-1	-1	2.7562836541080564
2869	3034	2868	30	-1	-1	-1	0
2979	2817	2975	42	-1	-1	-1	2.7562836541080564
2977	2817	2978	42	-1	-1	-1	2.7562836541080564
2817	2979	2978	42	-1	-1	-1	2.7562836541080564
2960	2991	2826	34	-1	-1	-1	0
2870	2871	3037	30	-1	-1	-1	0
3036	2869	2874	30	-1	-1	-1	0
2980	2981	2819	34	-1	-1	-1	0
2872	2870	3038	30	-1	-1	-1	0
2927	2928	2926	33	-1	-1	-1	0
2981	2982	2819	34	-1	-1	-1	0
2873	2872	3039	30	-1	-1	-1	0
2985	2980	2821	34	-1	-1	-1	0
2976	2988	2823	42	-1	-1	-1	2.7562836541080564
2820	2983	2984	34	-1	-1	-1	0
3041	2874	2873	30	-1	-1	-1	0
2985	2821	2984	34	-1	-1	-1	0
2822	2987	2983	34	-1	-1	-1	0
2827	2991	2975	34	-1	-1	-1	0
2987	2822	2986	34	-1	-1	-1	0
2880	2877	3042	30	-1	-1	-1	0
2877	2881	3042	32	-1	-1	-1	0
2989	2824	2988	42	-1	-1	-1	2.7562836541080564
2986	2825	2990	34	-1	-1	-1	0
2982	2992	2828	34	-1	-1	-1	0
2880	3043	2879	30	-1	-1	-1	0
2825	2989	2990	42	-1	-1	-1	2.7562836541080564
2881	2882	3042	32	-1	-1	-1	0
2879	3043	2884	30	-1	-1	-1	0
2883	3042	2882	32	-1	-1	-1	0
2884	3043	2883	30	-1	-1	-1	0
3037	2871	2905	30	-1	-1	-1	0
2994	2993	2829	26	-1	-1	-1	0
2887	2886	3044	30	-1	-1	-1	0
2994	2830	2995	0	-1	-1	-1	0
3044	2886	2889	30	-1	-1	-1	0
2887	3045	2891	30	-1	-1	-1	0
2888	3046	2889	29	-1	-1	-1	0
2997	2995	2831	0	-1	-1	-1	0
2831	2996	2997	0	-1	-1	-1	0
2890	2891	3048	30	-1	-1	-1	0
2996	2834	3000	15	-1	-1	-1	-3.2953801091649382
2833	2998	2999	15	-1	-1	-1	-3.2953801091649382
3048	2893	2890	30	-1	-1	-1	0
2834	2999	3000	15	-1	-1	-1	-3.2953801091649382
2892	2893	3050	30	-1	-1	-1	0
2836	3003	3001	21	-1	-1	-1	-3.2953801091649435
2836	3002	3003	21	-1	-1	-1	-3.2953801091649435
2894	3053	2895	30	-1	-1	-1	0
2838	3006	2998	0	-1	-1	-1	0
2837	3001	3004	0	-1	-1	-1	0
2888	2909	3046	29	-1	-1	-1	0
2894	2896	3054	30	-1	-1	-1	0
2892	3050	2902	30	-1	-1	-1	0
3004	3005	2837	0	-1	-1	-1	0
3056	2896	2897	30	-1	-1	-1	0
2895	3055	2900	30	-1	-1	-1	0
2838	3007	3006	0	-1	-1	-1	0
3008	2839	3005	0	-1	-1	-1	0
2839	3008	3007	0	-1	-1	-1	0
3050	2903	2902	30	-1	-1	-1	0
3058	2898	2899	30	-1	-1	-1	0
2903	3057	2897	30	-1	-1	-1	0
3059	2899	2901	30	-1	-1	-1	0
2840	3010	3009	23	-1	-1	-1	-3.2953801091649044
2904	2898	3058	30	-1	-1	-1	0
2901	2900	3060	28	-1	-1	-1	0
2841	3009	3011	0	-1	-1	-1	0
2953	2954	2955	10	-1	-1	-1	3.2953801091649382
2842	3011	3012	0	-1	-1	-1	0
3014	2843	3012	25	-1	-1	-1	0
2843	3014	3013	25	-1	-1	-1	0
3002	2850	3020	21	-1	-1	-1	-3.2953801091649435
3064	2905	2904	30	-1	-1	-1	0
2844	3013	3016	25	-1	-1	-1	0
3015	2844	3016	25	-1	-1	-1	0
3010	2847	3018	23	-1	-1	-1	-3.2953801091649044
3018	2847	3017	23	-1	-1	-1	-3.2953801091649044
2908	2907	3068	29	-1	-1	-1	0
2908	3069	2909	29	-1	-1	-1	0
3068	2907	2911	29	-1	-1	-1	0
3019	3020	2850	21	-1	-1	-1	-3.2953801091649435
3070	2911	2910	29	-1	-1	-1	0
3015	3024	2853	25	-1	-1	-1	0
2913	3070	2910	29	-1	-1	-1	0
2851	3022	3021	0	-1	-1	-1	0
2852	3023	3022	0	-1	-1	-1	0
3019	2854	3025	21	-1	-1	-1	-3.2953801091649435
2912	3073	2913	31	-1	-1	-1	0
3072	2912	2915	33	-1	-1	-1	0
2853	3024	3023	25	-1	-1	-1	0
3021	3025	2854	21	-1	-1	-1	-3.2953801091649435
2861	3029	3017	0	-1	-1	-1	0
2966	2969	2967	41	-1	-1	-1	-2.75628365410806
2916	3076	2915	33	-1	-1	-1	0
3027	3026	2855	30	-1	-1	-1	0
3028	3027	2856	30	-1	-1	-1	0
3078	2916	2917	33	-1	-1	-1	0
2920	3079	2919	34	-1	-1	-1	0
3031	2863	3026	25	-1	-1	-1	0
2862	3030	3029	25	-1	-1	-1	0
2920	2922	3080	34	-1	-1	-1	0
3078	2917	2928	33	-1	-1	-1	0
3081	2922	2921	34	-1	-1	-1	0
2919	3079	2927	34	-1	-1	-1	0
2923	3081	2921	34	-1	-1	-1	0
2864	3032	3030	25	-1	-1	-1	0
3031	3032	2864	25	-1	-1	-1	0
2868	3033	3028	30	-1	-1	-1	0
2923	2925	3084	34	-1	-1	-1	0
2924	3085	2925	34	-1	-1	-1	0
3079	2928	2927	33	-1	-1	-1	0
3033	2868	3034	30	-1	-1	-1	0
2869	3035	3034	30	-1	-1	-1	0
2869	3036	3035	30	-1	-1	-1	0
2870	3037	3038	30	-1	-1	-1	0
3039	2872	3038	30	-1	-1	-1	0
3041	3036	2874	30	-1	-1	-1	0
3093	2930	2929	26	-1	-1	-1	0
3039	3040	2873	30	-1	-1	-1	0
3041	2873	3040	30	-1	-1	-1	0
3094	2931	2930	0	-1	-1	-1	0
2932	2931	3094	0	-1	-1	-1	0
2932	3096	2933	0	-1	-1	-1	0
2934	2933	3096	0	-1	-1	-1	0
2880	3042	3043	30	-1	-1	-1	0
2934	3098	2935	18	-1	-1	-1	3.2953801091649231
3042	2883	3043	30	-1	-1	-1	0
2936	2935	3100	18	-1	-1	-1	3.2953801091649231
3101	2938	2936	0	-1	-1	-1	0
3045	2887	3044	30	-1	-1	-1	0
3102	2937	2938	0	-1	-1	-1	0
3047	3044	2889	29	-1	-1	-1	0
2937	3103	2942	0	-1	-1	-1	0
3047	2889	3046	29	-1	-1	-1	0
3045	3049	2891	30	-1	-1	-1	0
2940	3106	2939	12	-1	-1	-1	3.2953801091649293
2941	3106	2940	12	-1	-1	-1	3.2953801091649293
2891	3049	3048	30	-1	-1	-1	0
3107	2941	2942	0	-1	-1	-1	0
3051	2893	3048	30	-1	-1	-1	0
3050	2893	3052	30	-1	-1	-1	0
3051	3052	2893	30	-1	-1	-1	0
2939	3106	2952	12	-1	-1	-1	3.2953801091649293
2944	3110	2943	0	-1	-1	-1	0
2943	3109	2946	0	-1	-1	-1	0
3054	3053	2894	30	-1	-1	-1	0
2924	2992	3086	34	-1	-1	-1	0
2895	3053	3055	30	-1	-1	-1	0
3113	2945	2946	25	-1	-1	-1	0
3112	2948	2945	25	-1	-1	-1	0
2950	3111	2944	0	-1	-1	-1	0
3056	3054	2896	30	-1	-1	-1	0
2905	3067	3037	37	-1	-1	-1	-2.7562836541080591
3057	3056	2897	30	-1	-1	-1	0
2948	3115	2947	0	-1	-1	-1	0
2947	3115	2949	0	-1	-1	-1	0
2900	3055	3061	28	-1	-1	-1	0
2899	3059	3058	30	-1	-1	-1	0
3063	2903	3050	30	-1	-1	-1	0
3119	2950	2951	12	-1	-1	-1	3.2953801091649293
2900	3061	3060	28	-1	-1	-1	0
3118	2954	2949	0	-1	-1	-1	0
3062	3059	2901	28	-1	-1	-1	0
2951	2952	3119	12	-1	-1	-1	3.2953801091649293
3057	2903	3063	30	-1	-1	-1	0
2901	3060	3062	28	-1	-1	-1	0
2909	3069	3046	29	-1	-1	-1	0
3020	3003	3002	21	-1	-1	-1	-3.2953801091649435
3058	3065	2904	30	-1	-1	-1	0
2955	2954	3122	25	-1	-1	-1	0
2956	2955	3122	25	-1	-1	-1	0
3065	3064	2904	30	-1	-1	-1	0
2905	3064	3066	30	-1	-1	-1	0
2956	3123	2957	25	-1	-1	-1	0
3067	2905	3066	37	-1	-1	-1	-2.7562836541080591
2957	3123	2959	25	-1	-1	-1	0
2958	2959	3124	34	-1	-1	-1	0
2960	2958	3124	34	-1	-1	-1	0
3069	2908	3068	29	-1	-1	-1	0
3068	2911	3071	29	-1	-1	-1	0
2911	3070	3071	29	-1	-1	-1	0
2961	3128	2964	41	-1	-1	-1	-2.75628365410806
2963	3129	2962	25	-1	-1	-1	0
2961	2967	3128	41	-1	-1	-1	-2.75628365410806
2962	3129	2965	25	-1	-1	-1	0
3072	3073	2912	33	-1	-1	-1	0
3130	2963	2964	25	-1	-1	-1	0
3070	2913	3075	29	-1	-1	-1	0
3073	3074	2913	29	-1	-1	-1	0
3075	2913	3074	29	-1	-1	-1	0
3077	3072	2915	33	-1	-1	-1	0
3128	2967	2969	41	-1	-1	-1	-2.75628365410806
3077	2915	3076	33	-1	-1	-1	0
2968	3131	2969	41	-1	-1	-1	-2.75628365410806
2970	3131	2968	41	-1	-1	-1	-2.75628365410806
2916	3078	3076	33	-1	-1	-1	0
3132	2974	2965	40	-1	-1	-1	-2.7562836541080595
3133	2970	2972	34	-1	-1	-1	0
2971	3134	2973	32	-1	-1	-1	0
3127	2991	2960	34	-1	-1	-1	0
2920	3080	3079	34	-1	-1	-1	0
2974	3134	2971	32	-1	-1	-1	0
3135	2972	2973	34	-1	-1	-1	0
2922	3082	3080	34	-1	-1	-1	0
2922	3081	3082	34	-1	-1	-1	0
2923	3083	3081	34	-1	-1	-1	0
3027	3028	3033	30	-1	-1	-1	0
2923	3084	3083	34	-1	-1	-1	0
2975	3137	2979	42	-1	-1	-1	2.7562836541080564
3138	2976	2977	42	-1	-1	-1	2.7562836541080564
3085	2924	3086	34	-1	-1	-1	0
2978	3140	2977	42	-1	-1	-1	2.7562836541080564
2928	3079	3089	33	-1	-1	-1	0
2925	3087	3084	34	-1	-1	-1	0
3078	2928	3090	33	-1	-1	-1	0
2925	3085	3088	34	-1	-1	-1	0
3141	2978	2979	42	-1	-1	-1	2.7562836541080564
3087	2925	3088	34	-1	-1	-1	0
2988	2976	3138	42	-1	-1	-1	2.7562836541080564
2991	3137	2975	42	-1	-1	-1	2.7562836541080564
2981	2980	3143	34	-1	-1	-1	0
2982	2981	3144	34	-1	-1	-1	0
3091	2928	3089	33	-1	-1	-1	0
2980	2985	3143	34	-1	-1	-1	0
3091	3090	2928	33	-1	-1	-1	0
3147	2984	2983	34	-1	-1	-1	0
3092	3093	2929	26	-1	-1	-1	0
2983	2987	3146	34	-1	-1	-1	0
2985	2984	3148	34	-1	-1	-1	0
3093	3094	2930	0	-1	-1	-1	0
2982	3145	2992	34	-1	-1	-1	0
2932	3094	3095	0	-1	-1	-1	0
3096	2932	3095	0	-1	-1	-1	0
2987	2986	3150	34	-1	-1	-1	0
2986	2990	3150	34	-1	-1	-1	0
2989	2988	3152	42	-1	-1	-1	2.7562836541080564
2934	3096	3097	0	-1	-1	-1	0
2990	2989	3152	42	-1	-1	-1	2.7562836541080564
3097	3098	2934	0	-1	-1	-1	0
2935	3098	3099	18	-1	-1	-1	3.2953801091649231
2935	3099	3100	18	-1	-1	-1	3.2953801091649231
3100	3101	2936	18	-1	-1	-1	3.2953801091649231
3102	3103	2937	0	-1	-1	-1	0
2938	3104	3102	0	-1	-1	-1	0
3105	2938	3101	0	-1	-1	-1	0
3158	2993	2994	26	-1	-1	-1	0
3105	3104	2938	0	-1	-1	-1	0
3159	2994	2995	0	-1	-1	-1	0
3159	2995	2997	0	-1	-1	-1	0
2942	3103	3107	0	-1	-1	-1	0
2997	2996	3160	0	-1	-1	-1	0
2941	3108	3106	12	-1	-1	-1	3.2953801091649293
3000	3160	2996	0	-1	-1	-1	0
3107	3108	2941	0	-1	-1	-1	0
2998	3162	2999	15	-1	-1	-1	-3.2953801091649382
3069	3047	3046	29	-1	-1	-1	0
3000	2999	3163	15	-1	-1	-1	-3.2953801091649382
2943	3110	3109	0	-1	-1	-1	0
3063	3050	3052	30	-1	-1	-1	0
2944	3111	3110	0	-1	-1	-1	0
3162	2998	3006	15	-1	-1	-1	-3.2953801091649382
3109	3114	2946	25	-1	-1	-1	0
3165	3001	3003	21	-1	-1	-1	-3.2953801091649435
3113	3112	2945	25	-1	-1	-1	0
3001	3165	3004	0	-1	-1	-1	0
3113	2946	3114	25	-1	-1	-1	0
2948	3112	3117	25	-1	-1	-1	0
3004	3168	3005	0	-1	-1	-1	0
3115	2948	3116	25	-1	-1	-1	0
3121	2952	3106	12	-1	-1	-1	3.2953801091649293
3116	2948	3117	25	-1	-1	-1	0
2950	3120	3111	12	-1	-1	-1	3.2953801091649293
3005	3169	3008	0	-1	-1	-1	0
3115	3118	2949	0	-1	-1	-1	0
3007	3171	3006	0	-1	-1	-1	0
3008	3172	3007	0	-1	-1	-1	0
3120	2950	3119	12	-1	-1	-1	3.2953801091649293
3003	3020	3166	21	-1	-1	-1	-3.2953801091649435
3121	3119	2952	12	-1	-1	-1	3.2953801091649293
3122	2954	3118	0	-1	-1	-1	0
3176	3009	3010	23	-1	-1	-1	-3.2953801091649044
3176	3011	3009	0	-1	-1	-1	0
3177	3012	3011	0	-1	-1	-1	0
2956	3122	3123	25	-1	-1	-1	0
3177	3014	3012	25	-1	-1	-1	0
3010	3018	3176	23	-1	-1	-1	-3.2953801091649044
3014	3179	3013	30	-1	-1	-1	0
3178	3016	3013	30	-1	-1	-1	0
3123	3126	2959	25	-1	-1	-1	0
2959	3125	3124	34	-1	-1	-1	0
3125	2959	3126	25	-1	-1	-1	0
2960	3124	3127	34	-1	-1	-1	0
3016	3182	3015	25	-1	-1	-1	0
3075	3071	3070	29	-1	-1	-1	0
3018	3017	3184	25	-1	-1	-1	0
3015	3182	3024	25	-1	-1	-1	0
2963	3130	3129	25	-1	-1	-1	0
3131	2964	3128	41	-1	-1	-1	-2.75628365410806
3019	3185	3020	21	-1	-1	-1	-3.2953801091649435
3131	3130	2964	41	-1	-1	-1	-2.75628365410806
3129	3132	2965	25	-1	-1	-1	0
2969	3131	3128	41	-1	-1	-1	-2.75628365410806
3022	3186	3021	0	-1	-1	-1	0
3019	3025	3185	21	-1	-1	-1	-3.2953801091649435
3017	3029	3184	0	-1	-1	-1	0
3023	3187	3022	0	-1	-1	-1	0
3021	3186	3025	21	-1	-1	-1	-3.2953801091649435
3133	3131	2970	41	-1	-1	-1	-2.75628365410806
3156	3086	2992	34	-1	-1	-1	0
3023	3024	3188	25	-1	-1	-1	0
2972	3135	3133	34	-1	-1	-1	0
3132	3134	2974	32	-1	-1	-1	0
3136	2973	3134	32	-1	-1	-1	0
2973	3136	3135	34	-1	-1	-1	0
3026	3027	3193	30	-1	-1	-1	0
3079	3080	3089	33	-1	-1	-1	0
3026	3193	3031	30	-1	-1	-1	0
3091	3080	3082	33	-1	-1	-1	0
3139	3138	2977	42	-1	-1	-1	2.7562836541080564
3194	3027	3033	30	-1	-1	-1	0
3195	3029	3030	25	-1	-1	-1	0
3137	2991	3127	34	-1	-1	-1	0
3139	2977	3140	42	-1	-1	-1	2.7562836541080564
3194	3032	3031	30	-1	-1	-1	0
2979	3137	3142	42	-1	-1	-1	2.7562836541080564
3196	3030	3032	25	-1	-1	-1	0
3141	3140	2978	42	-1	-1	-1	2.7562836541080564
3080	3091	3089	33	-1	-1	-1	0
3142	3141	2979	42	-1	-1	-1	2.7562836541080564
3198	3033	3034	30	-1	-1	-1	0
2981	3143	3144	34	-1	-1	-1	0
3035	3199	3034	30	-1	-1	-1	0
3145	2982	3144	34	-1	-1	-1	0
3200	3035	3036	37	-1	-1	-1	-2.7562836541080591
3146	3147	2983	34	-1	-1	-1	0
3149	3143	2985	34	-1	-1	-1	0
3038	3037	3202	37	-1	-1	-1	-2.7562836541080591
3036	3041	3201	37	-1	-1	-1	-2.7562836541080591
3153	2988	3138	42	-1	-1	-1	2.7562836541080564
2984	3147	3148	34	-1	-1	-1	0
3039	3038	3203	37	-1	-1	-1	-2.7562836541080591
2985	3148	3149	34	-1	-1	-1	0
3204	3040	3039	37	-1	-1	-1	-2.7562836541080591
2987	3151	3146	34	-1	-1	-1	0
3205	3041	3040	37	-1	-1	-1	-2.7562836541080591
3150	3151	2987	34	-1	-1	-1	0
3156	2992	3145	34	-1	-1	-1	0
3153	3152	2988	42	-1	-1	-1	2.7562836541080564
3154	3150	2990	34	-1	-1	-1	0
3044	3206	3045	29	-1	-1	-1	0
3044	3047	3206	29	-1	-1	-1	0
2990	3152	3155	42	-1	-1	-1	2.7562836541080564
3154	2990	3155	34	-1	-1	-1	0
3049	3045	3207	29	-1	-1	-1	0
3202	3037	3067	37	-1	-1	-1	-2.7562836541080591
3048	3049	3210	30	-1	-1	-1	0
3157	2993	3158	26	-1	-1	-1	0
3051	3048	3210	30	-1	-1	-1	0
2994	3159	3158	0	-1	-1	-1	0
3052	3051	3212	30	-1	-1	-1	0
3161	3159	2997	0	-1	-1	-1	0
2997	3160	3161	0	-1	-1	-1	0
3053	3054	3215	30	-1	-1	-1	0
3055	3053	3215	30	-1	-1	-1	0
3163	2999	3162	15	-1	-1	-1	-3.2953801091649382
3208	3047	3069	29	-1	-1	-1	0
3000	3164	3160	0	-1	-1	-1	0
3216	3054	3056	30	-1	-1	-1	0
3164	3000	3163	0	-1	-1	-1	0
3052	3214	3063	30	-1	-1	-1	0
3218	3056	3057	30	-1	-1	-1	0
3061	3055	3217	28	-1	-1	-1	0
3166	3165	3003	21	-1	-1	-1	-3.2953801091649435
3121	3106	3108	12	-1	-1	-1	3.2953801091649293
3167	3004	3165	0	-1	-1	-1	0
3059	3220	3058	30	-1	-1	-1	0
3170	3162	3006	15	-1	-1	-1	-3.2953801091649382
3167	3168	3004	0	-1	-1	-1	0
3219	3057	3063	30	-1	-1	-1	0
3059	3062	3221	28	-1	-1	-1	0
3169	3005	3168	0	-1	-1	-1	0
3220	3065	3058	30	-1	-1	-1	0
3060	3061	3222	28	-1	-1	-1	0
3062	3060	3222	28	-1	-1	-1	0
3069	3068	3208	29	-1	-1	-1	0
3006	3171	3170	15	-1	-1	-1	-3.2953801091649382
3208	3068	3071	29	-1	-1	-1	0
3007	3172	3171	0	-1	-1	-1	0
3169	3174	3008	0	-1	-1	-1	0
3008	3175	3172	0	-1	-1	-1	0
3008	3174	3173	0	-1	-1	-1	0
3064	3065	3227	30	-1	-1	-1	0
3008	3173	3175	0	-1	-1	-1	0
3227	3066	3064	30	-1	-1	-1	0
3066	3230	3067	37	-1	-1	-1	-2.7562836541080591
3177	3011	3176	0	-1	-1	-1	0
3126	3122	3118	25	-1	-1	-1	0
3013	3179	3178	30	-1	-1	-1	0
3123	3122	3126	25	-1	-1	-1	0
3166	3020	3185	21	-1	-1	-1	-3.2953801091649435
3018	3177	3176	25	-1	-1	-1	0
3014	3177	3181	25	-1	-1	-1	0
3180	3179	3014	30	-1	-1	-1	0
3014	3181	3180	30	-1	-1	-1	0
3016	3178	3183	30	-1	-1	-1	0
3184	3177	3018	25	-1	-1	-1	0
3073	3072	3234	33	-1	-1	-1	0
3071	3075	3233	29	-1	-1	-1	0
3016	3183	3182	30	-1	-1	-1	0
3072	3077	3235	33	-1	-1	-1	0
3073	3237	3074	29	-1	-1	-1	0
3075	3074	3238	29	-1	-1	-1	0
3130	3131	3133	41	-1	-1	-1	-2.75628365410806
3076	3241	3077	33	-1	-1	-1	0
3076	3078	3241	33	-1	-1	-1	0
3186	3022	3187	0	-1	-1	-1	0
3182	3190	3024	25	-1	-1	-1	0
3132	3129	3136	32	-1	-1	-1	0
3188	3187	3023	25	-1	-1	-1	0
3191	3185	3025	21	-1	-1	-1	-3.2953801091649435
3024	3189	3188	25	-1	-1	-1	0
3132	3136	3134	32	-1	-1	-1	0
3024	3190	3189	25	-1	-1	-1	0
3025	3186	3192	21	-1	-1	-1	-3.2953801091649435
3081	3244	3082	34	-1	-1	-1	0
3029	3195	3184	25	-1	-1	-1	0
3191	3025	3192	21	-1	-1	-1	-3.2953801091649435
3081	3083	3244	34	-1	-1	-1	0
3243	3078	3090	33	-1	-1	-1	0
3084	3246	3083	34	-1	-1	-1	0
3027	3194	3193	30	-1	-1	-1	0
3247	3084	3087	34	-1	-1	-1	0
3091	3082	3245	33	-1	-1	-1	0
3031	3193	3194	30	-1	-1	-1	0
3086	3248	3085	34	-1	-1	-1	0
3195	3030	3196	25	-1	-1	-1	0
3248	3088	3085	34	-1	-1	-1	0
3197	3032	3194	30	-1	-1	-1	0
3197	3196	3032	30	-1	-1	-1	0
3087	3088	3250	34	-1	-1	-1	0
3194	3033	3198	30	-1	-1	-1	0
3199	3198	3034	30	-1	-1	-1	0
3199	3035	3200	30	-1	-1	-1	0
3091	3253	3090	33	-1	-1	-1	0
3201	3200	3036	37	-1	-1	-1	-2.7562836541080591
3092	3256	3093	26	-1	-1	-1	0
3203	3038	3202	37	-1	-1	-1	-2.7562836541080591
3093	3257	3094	0	-1	-1	-1	0
3039	3203	3204	37	-1	-1	-1	-2.7562836541080591
3205	3201	3041	37	-1	-1	-1	-2.7562836541080591
3259	3095	3094	0	-1	-1	-1	0
3040	3204	3205	37	-1	-1	-1	-2.7562836541080591
3096	3095	3260	0	-1	-1	-1	0
3097	3096	3261	0	-1	-1	-1	0
3097	3262	3098	0	-1	-1	-1	0
3207	3045	3206	29	-1	-1	-1	0
3098	3263	3099	18	-1	-1	-1	3.2953801091649231
3047	3207	3206	29	-1	-1	-1	0
3100	3099	3264	18	-1	-1	-1	3.2953801091649231
3047	3209	3207	29	-1	-1	-1	0
3047	3208	3209	29	-1	-1	-1	0
3265	3101	3100	18	-1	-1	-1	3.2953801091649231
3049	3207	3211	29	-1	-1	-1	0
3049	3211	3210	29	-1	-1	-1	0
3265	3105	3101	18	-1	-1	-1	3.2953801091649231
3102	3267	3103	0	-1	-1	-1	0
3266	3102	3104	0	-1	-1	-1	0
3213	3051	3210	30	-1	-1	-1	0
3213	3212	3051	30	-1	-1	-1	0
3212	3214	3052	30	-1	-1	-1	0
3103	3270	3107	0	-1	-1	-1	0
3104	3105	3272	0	-1	-1	-1	0
3216	3215	3054	30	-1	-1	-1	0
3108	3107	3270	0	-1	-1	-1	0
3215	3217	3055	28	-1	-1	-1	0
3071	3209	3208	29	-1	-1	-1	0
3216	3056	3218	30	-1	-1	-1	0
3156	3249	3086	34	-1	-1	-1	0
3219	3218	3057	30	-1	-1	-1	0
3110	3276	3109	0	-1	-1	-1	0
3214	3219	3063	30	-1	-1	-1	0
3277	3110	3111	0	-1	-1	-1	0
3109	3275	3114	25	-1	-1	-1	0
3221	3220	3059	28	-1	-1	-1	0
3061	3217	3223	28	-1	-1	-1	0
3202	3067	3232	37	-1	-1	-1	-2.7562836541080591
3108	3274	3121	12	-1	-1	-1	3.2953801091649293
3112	3113	3278	25	-1	-1	-1	0
3113	3114	3279	34	-1	-1	-1	0
3222	3061	3224	28	-1	-1	-1	0
3278	3117	3112	25	-1	-1	-1	0
3223	3224	3061	28	-1	-1	-1	0
3277	3111	3120	12	-1	-1	-1	3.2953801091649293
3062	3222	3225	28	-1	-1	-1	0
3062	3226	3221	28	-1	-1	-1	0
3282	3115	3116	25	-1	-1	-1	0
3071	3233	3209	29	-1	-1	-1	0
3062	3225	3226	28	-1	-1	-1	0
3229	3065	3220	30	-1	-1	-1	0
3115	3282	3118	25	-1	-1	-1	0
3117	3283	3116	25	-1	-1	-1	0
3228	3227	3065	30	-1	-1	-1	0
3065	3229	3228	30	-1	-1	-1	0
3120	3119	3284	12	-1	-1	-1	3.2953801091649293
3227	3230	3066	30	-1	-1	-1	0
3121	3284	3119	12	-1	-1	-1	3.2953801091649293
3126	3118	3282	25	-1	-1	-1	0
3231	3067	3230	37	-1	-1	-1	-2.7562836541080591
3232	3067	3231	37	-1	-1	-1	-2.7562836541080591
3125	3126	3282	25	-1	-1	-1	0
3125	3287	3124	34	-1	-1	-1	0
3127	3124	3286	34	-1	-1	-1	0
3235	3234	3072	33	-1	-1	-1	0
3184	3181	3177	25	-1	-1	-1	0
3234	3236	3073	27	-1	-1	-1	0
3073	3236	3237	27	-1	-1	-1	0
3288	3129	3130	25	-1	-1	-1	0
3239	3233	3075	29	-1	-1	-1	0
3074	3237	3238	29	-1	-1	-1	0
3127	3286	3137	34	-1	-1	-1	0
3288	3130	3133	41	-1	-1	-1	-2.75628365410806
3240	3075	3238	29	-1	-1	-1	0
3129	3288	3136	34	-1	-1	-1	0
3235	3077	3242	33	-1	-1	-1	0
3075	3240	3239	29	-1	-1	-1	0
3135	3288	3133	34	-1	-1	-1	0
3288	3135	3136	34	-1	-1	-1	0
3181	3184	3195	25	-1	-1	-1	0
3241	3242	3077	33	-1	-1	-1	0
3243	3241	3078	33	-1	-1	-1	0
3142	3137	3286	34	-1	-1	-1	0
3138	3139	3289	42	-1	-1	-1	2.7562836541080564
3244	3245	3082	33	-1	-1	-1	0
3140	3292	3139	42	-1	-1	-1	2.7562836541080564
3196	3181	3195	25	-1	-1	-1	0
3244	3083	3246	34	-1	-1	-1	0
3293	3140	3141	42	-1	-1	-1	2.7562836541080564
3246	3084	3247	34	-1	-1	-1	0
3295	3141	3142	42	-1	-1	-1	2.7562836541080564
3138	3290	3153	42	-1	-1	-1	2.7562836541080564
3248	3086	3249	34	-1	-1	-1	0
3250	3247	3087	34	-1	-1	-1	0
3297	3144	3143	34	-1	-1	-1	0
3298	3145	3144	34	-1	-1	-1	0
3090	3254	3243	33	-1	-1	-1	0
3088	3248	3252	34	-1	-1	-1	0
3091	3245	3253	33	-1	-1	-1	0
3251	3250	3088	34	-1	-1	-1	0
3149	3297	3143	34	-1	-1	-1	0
3197	3194	3198	30	-1	-1	-1	0
3252	3251	3088	34	-1	-1	-1	0
3300	3147	3146	28	-1	-1	-1	0
3301	3148	3147	28	-1	-1	-1	0
3090	3253	3254	33	-1	-1	-1	0
3151	3300	3146	28	-1	-1	-1	0
3302	3149	3148	28	-1	-1	-1	0
3156	3145	3299	34	-1	-1	-1	0
3256	3092	3255	26	-1	-1	-1	0
3305	3151	3150	34	-1	-1	-1	0
3093	3256	3257	0	-1	-1	-1	0
3304	3150	3154	34	-1	-1	-1	0
3094	3257	3258	0	-1	-1	-1	0
3094	3258	3259	0	-1	-1	-1	0
3152	3153	3307	42	-1	-1	-1	2.7562836541080564
3307	3155	3152	42	-1	-1	-1	2.7562836541080564
3095	3259	3260	20	-1	-1	-1	3.2953801091649431
3096	3260	3261	0	-1	-1	-1	0
3154	3155	3309	34	-1	-1	-1	0
3261	3262	3097	0	-1	-1	-1	0
3263	3098	3262	0	-1	-1	-1	0
3099	3263	3264	18	-1	-1	-1	3.2953801091649231
3100	3264	3265	18	-1	-1	-1	3.2953801091649231
3314	3157	3158	26	-1	-1	-1	0
3315	3158	3159	0	-1	-1	-1	0
3267	3102	3266	0	-1	-1	-1	0
3161	3317	3159	0	-1	-1	-1	0
3269	3103	3267	0	-1	-1	-1	0
3161	3160	3319	0	-1	-1	-1	0
3103	3269	3268	0	-1	-1	-1	0
3103	3268	3270	0	-1	-1	-1	0
3271	3266	3104	0	-1	-1	-1	0
3318	3160	3164	0	-1	-1	-1	0
3105	3265	3273	18	-1	-1	-1	3.2953801091649231
3163	3162	3320	15	-1	-1	-1	-3.2953801091649382
3272	3271	3104	0	-1	-1	-1	0
3163	3322	3164	0	-1	-1	-1	0
3273	3272	3105	18	-1	-1	-1	3.2953801091649231
3108	3270	3274	0	-1	-1	-1	0
3170	3321	3162	15	-1	-1	-1	-3.2953801091649382
3165	3166	3325	21	-1	-1	-1	-3.2953801091649435
3325	3167	3165	0	-1	-1	-1	0
3276	3275	3109	25	-1	-1	-1	0
3326	3168	3167	0	-1	-1	-1	0
3276	3110	3277	0	-1	-1	-1	0
3169	3168	3327	0	-1	-1	-1	0
3281	3114	3275	34	-1	-1	-1	0
3113	3280	3278	34	-1	-1	-1	0
3174	3169	3328	0	-1	-1	-1	0
3330	3170	3171	15	-1	-1	-1	-3.2953801091649382
3280	3113	3279	34	-1	-1	-1	0
3114	3281	3279	34	-1	-1	-1	0
3172	3331	3171	0	-1	-1	-1	0
3185	3325	3166	21	-1	-1	-1	-3.2953801091649435
3331	3172	3175	0	-1	-1	-1	0
3283	3117	3278	25	-1	-1	-1	0
3121	3274	3284	12	-1	-1	-1	3.2953801091649293
3174	3334	3173	0	-1	-1	-1	0
3175	3173	3333	0	-1	-1	-1	0
3283	3282	3116	25	-1	-1	-1	0
3120	3285	3277	12	-1	-1	-1	3.2953801091649293
3120	3284	3285	12	-1	-1	-1	3.2953801091649293
3125	3282	3283	25	-1	-1	-1	0
3337	3178	3179	30	-1	-1	-1	0
3125	3283	3287	34	-1	-1	-1	0
3286	3124	3287	34	-1	-1	-1	0
3179	3180	3338	30	-1	-1	-1	0
3183	3178	3337	30	-1	-1	-1	0
3181	3340	3180	30	-1	-1	-1	0
3191	3325	3185	21	-1	-1	-1	-3.2953801091649435
3182	3183	3341	30	-1	-1	-1	0
3182	3341	3190	30	-1	-1	-1	0
3186	3187	3343	0	-1	-1	-1	0
3312	3249	3156	34	-1	-1	-1	0
3289	3290	3138	42	-1	-1	-1	2.7562836541080564
3340	3181	3196	30	-1	-1	-1	0
3199	3338	3180	30	-1	-1	-1	0
3291	3289	3139	42	-1	-1	-1	2.7562836541080564
3344	3187	3188	25	-1	-1	-1	0
3199	3180	3340	30	-1	-1	-1	0
3344	3188	3189	25	-1	-1	-1	0
3192	3186	3343	25	-1	-1	-1	0
3291	3139	3292	42	-1	-1	-1	2.7562836541080564
3190	3345	3189	25	-1	-1	-1	0
3142	3286	3296	34	-1	-1	-1	0
3140	3293	3292	42	-1	-1	-1	2.7562836541080564
3141	3294	3293	42	-1	-1	-1	2.7562836541080564
3295	3294	3141	42	-1	-1	-1	2.7562836541080564
3192	3348	3191	21	-1	-1	-1	-3.2953801091649435
3296	3295	3142	34	-1	-1	-1	0
3196	3197	3340	30	-1	-1	-1	0
3197	3198	3340	30	-1	-1	-1	0
3200	3338	3199	30	-1	-1	-1	0
3199	3340	3198	30	-1	-1	-1	0
3297	3298	3144	34	-1	-1	-1	0
3145	3298	3299	34	-1	-1	-1	0
3300	3301	3147	28	-1	-1	-1	0
3149	3303	3297	28	-1	-1	-1	0
3249	3252	3248	34	-1	-1	-1	0
3153	3290	3308	42	-1	-1	-1	2.7562836541080564
3148	3301	3302	28	-1	-1	-1	0
3200	3201	3351	37	-1	-1	-1	-2.7562836541080591
3149	3302	3303	28	-1	-1	-1	0
3351	3201	3205	37	-1	-1	-1	-2.7562836541080591
3300	3151	3306	28	-1	-1	-1	0
3203	3202	3352	37	-1	-1	-1	-2.7562836541080591
3305	3150	3304	34	-1	-1	-1	0
3353	3204	3203	37	-1	-1	-1	-2.7562836541080591
3305	3306	3151	28	-1	-1	-1	0
3204	3353	3205	37	-1	-1	-1	-2.7562836541080591
3156	3299	3312	34	-1	-1	-1	0
3307	3153	3308	42	-1	-1	-1	2.7562836541080564
3154	3310	3304	34	-1	-1	-1	0
3209	3357	3207	29	-1	-1	-1	0
3310	3154	3309	34	-1	-1	-1	0
3307	3311	3155	42	-1	-1	-1	2.7562836541080564
3155	3311	3309	34	-1	-1	-1	0
3358	3211	3207	29	-1	-1	-1	0
3210	3211	3359	29	-1	-1	-1	0
3210	3359	3213	29	-1	-1	-1	0
3157	3314	3313	26	-1	-1	-1	0
3212	3213	3360	30	-1	-1	-1	0
3360	3214	3212	30	-1	-1	-1	0
3232	3352	3202	37	-1	-1	-1	-2.7562836541080591
3158	3315	3314	0	-1	-1	-1	0
3159	3316	3315	0	-1	-1	-1	0
3159	3317	3316	0	-1	-1	-1	0
3216	3364	3215	30	-1	-1	-1	0
3219	3214	3363	30	-1	-1	-1	0
3215	3365	3217	28	-1	-1	-1	0
3317	3161	3319	13	-1	-1	-1	-3.2953801091649084
3160	3318	3319	0	-1	-1	-1	0
3357	3209	3233	29	-1	-1	-1	0
3218	3366	3216	30	-1	-1	-1	0
3218	3219	3363	30	-1	-1	-1	0
3320	3162	3321	15	-1	-1	-1	-3.2953801091649382
3164	3323	3318	0	-1	-1	-1	0
3320	3322	3163	0	-1	-1	-1	0
3223	3217	3365	28	-1	-1	-1	0
3220	3221	3369	28	-1	-1	-1	0
3324	3164	3322	0	-1	-1	-1	0
3323	3164	3324	0	-1	-1	-1	0
3371	3222	3224	28	-1	-1	-1	0
3226	3370	3221	28	-1	-1	-1	0
3369	3229	3220	28	-1	-1	-1	0
3325	3326	3167	0	-1	-1	-1	0
3225	3222	3371	28	-1	-1	-1	0
3223	3372	3224	28	-1	-1	-1	0
3330	3321	3170	15	-1	-1	-1	-3.2953801091649382
3168	3326	3327	0	-1	-1	-1	0
3327	3329	3169	0	-1	-1	-1	0
3328	3169	3329	0	-1	-1	-1	0
3377	3226	3225	28	-1	-1	-1	0
3171	3332	3330	15	-1	-1	-1	-3.2953801091649382
3171	3331	3332	15	-1	-1	-1	-3.2953801091649382
3227	3228	3379	30	-1	-1	-1	0
3230	3227	3379	30	-1	-1	-1	0
3328	3335	3174	0	-1	-1	-1	0
3380	3228	3229	30	-1	-1	-1	0
3277	3285	3276	25	-1	-1	-1	0
3334	3333	3173	0	-1	-1	-1	0
3331	3175	3336	0	-1	-1	-1	0
3174	3335	3334	0	-1	-1	-1	0
3333	3336	3175	0	-1	-1	-1	0
3383	3231	3230	37	-1	-1	-1	-2.7562836541080591
3232	3231	3385	37	-1	-1	-1	-2.7562836541080591
3337	3179	3339	30	-1	-1	-1	0
3338	3339	3179	30	-1	-1	-1	0
3235	3388	3234	33	-1	-1	-1	0
3239	3387	3233	29	-1	-1	-1	0
3236	3234	3389	27	-1	-1	-1	0
3183	3337	3342	37	-1	-1	-1	-2.7562836541080591
3236	3391	3237	27	-1	-1	-1	0
3325	3191	3349	21	-1	-1	-1	-3.2953801091649435
3342	3341	3183	25	-1	-1	-1	0
3390	3235	3242	33	-1	-1	-1	0
3238	3237	3393	29	-1	-1	-1	0
3287	3296	3286	34	-1	-1	-1	0
3238	3393	3240	29	-1	-1	-1	0
3240	3394	3239	29	-1	-1	-1	0
3187	3344	3343	25	-1	-1	-1	0
3339	3338	3200	30	-1	-1	-1	0
3344	3189	3345	25	-1	-1	-1	0
3341	3347	3190	25	-1	-1	-1	0
3242	3241	3397	33	-1	-1	-1	0
3345	3190	3346	25	-1	-1	-1	0
3241	3243	3397	33	-1	-1	-1	0
3190	3347	3346	25	-1	-1	-1	0
3192	3343	3350	25	-1	-1	-1	0
3348	3349	3191	21	-1	-1	-1	-3.2953801091649435
3245	3244	3400	33	-1	-1	-1	0
3351	3339	3200	37	-1	-1	-1	-2.7562836541080591
3192	3350	3348	25	-1	-1	-1	0
3246	3400	3244	33	-1	-1	-1	0
3254	3397	3243	33	-1	-1	-1	0
3247	3401	3246	33	-1	-1	-1	0
3400	3253	3245	33	-1	-1	-1	0
3402	3247	3250	33	-1	-1	-1	0
3403	3252	3249	34	-1	-1	-1	0
3405	3250	3251	33	-1	-1	-1	0
3352	3353	3203	37	-1	-1	-1	-2.7562836541080591
3252	3407	3251	34	-1	-1	-1	0
3205	3356	3351	37	-1	-1	-1	-2.7562836541080591
3355	3205	3353	37	-1	-1	-1	-2.7562836541080591
3355	3354	3205	37	-1	-1	-1	-2.7562836541080591
3408	3254	3253	33	-1	-1	-1	0
3205	3354	3356	37	-1	-1	-1	-2.7562836541080591
3357	3358	3207	29	-1	-1	-1	0
3412	3256	3255	26	-1	-1	-1	0
3256	3413	3257	0	-1	-1	-1	0
3211	3358	3359	29	-1	-1	-1	0
3257	3414	3258	0	-1	-1	-1	0
3415	3259	3258	0	-1	-1	-1	0
3361	3213	3359	29	-1	-1	-1	0
3213	3361	3360	29	-1	-1	-1	0
3362	3214	3360	30	-1	-1	-1	0
3259	3417	3260	20	-1	-1	-1	3.2953801091649431
3260	3418	3261	0	-1	-1	-1	0
3214	3362	3363	30	-1	-1	-1	0
3419	3262	3261	0	-1	-1	-1	0
3365	3215	3364	28	-1	-1	-1	0
3421	3263	3262	0	-1	-1	-1	0
3364	3216	3366	30	-1	-1	-1	0
3367	3218	3363	30	-1	-1	-1	0
3263	3422	3264	18	-1	-1	-1	3.2953801091649231
3218	3368	3366	30	-1	-1	-1	0
3423	3265	3264	18	-1	-1	-1	3.2953801091649231
3218	3367	3368	30	-1	-1	-1	0
3267	3266	3424	0	-1	-1	-1	0
3221	3370	3369	28	-1	-1	-1	0
3373	3223	3365	28	-1	-1	-1	0
3273	3265	3423	18	-1	-1	-1	3.2953801091649231
3269	3267	3426	0	-1	-1	-1	0
3425	3266	3271	0	-1	-1	-1	0
3312	3404	3249	34	-1	-1	-1	0
3269	3428	3268	0	-1	-1	-1	0
3270	3268	3429	0	-1	-1	-1	0
3372	3223	3373	28	-1	-1	-1	0
3371	3224	3374	28	-1	-1	-1	0
3352	3232	3386	37	-1	-1	-1	-2.7562836541080591
3372	3375	3224	28	-1	-1	-1	0
3225	3371	3376	28	-1	-1	-1	0
3224	3375	3374	28	-1	-1	-1	0
3429	3274	3270	0	-1	-1	-1	0
3272	3431	3271	0	-1	-1	-1	0
3370	3226	3378	28	-1	-1	-1	0
3272	3273	3432	18	-1	-1	-1	3.2953801091649231
3357	3233	3387	29	-1	-1	-1	0
3225	3376	3377	28	-1	-1	-1	0
3381	3229	3369	28	-1	-1	-1	0
3378	3226	3377	28	-1	-1	-1	0
3435	3275	3276	25	-1	-1	-1	0
3379	3228	3380	30	-1	-1	-1	0
3381	3380	3229	28	-1	-1	-1	0
3382	3230	3379	30	-1	-1	-1	0
3275	3436	3281	25	-1	-1	-1	0
3434	3284	3274	12	-1	-1	-1	3.2953801091649293
3383	3230	3382	37	-1	-1	-1	-2.7562836541080591
3280	3439	3278	34	-1	-1	-1	0
3383	3384	3231	37	-1	-1	-1	-2.7562836541080591
3285	3437	3276	25	-1	-1	-1	0
3280	3279	3440	34	-1	-1	-1	0
3283	3278	3439	34	-1	-1	-1	0
3384	3385	3231	37	-1	-1	-1	-2.7562836541080591
3325	3349	3326	0	-1	-1	-1	0
3279	3281	3440	34	-1	-1	-1	0
3386	3232	3385	37	-1	-1	-1	-2.7562836541080591
3283	3439	3287	34	-1	-1	-1	0
3285	3284	3441	12	-1	-1	-1	3.2953801091649293
3234	3388	3389	27	-1	-1	-1	0
3294	3281	3436	25	-1	-1	-1	0
3390	3388	3235	33	-1	-1	-1	0
3439	3280	3295	34	-1	-1	-1	0
3440	3295	3280	34	-1	-1	-1	0
3294	3440	3281	25	-1	-1	-1	0
3392	3236	3389	27	-1	-1	-1	0
3391	3236	3392	27	-1	-1	-1	0
3387	3239	3394	29	-1	-1	-1	0
3391	3393	3237	27	-1	-1	-1	0
3290	3289	3442	42	-1	-1	-1	2.7562836541080564
3287	3439	3296	34	-1	-1	-1	0
3293	3294	3436	25	-1	-1	-1	0
3291	3443	3289	42	-1	-1	-1	2.7562836541080564
3295	3440	3294	42	-1	-1	-1	2.7562836541080564
3396	3240	3393	29	-1	-1	-1	0
3240	3395	3394	29	-1	-1	-1	0
3439	3295	3296	34	-1	-1	-1	0
3292	3447	3291	25	-1	-1	-1	0
3341	3342	3347	25	-1	-1	-1	0
3395	3240	3396	29	-1	-1	-1	0
3242	3399	3390	33	-1	-1	-1	0
3337	3339	3356	37	-1	-1	-1	-2.7562836541080591
3292	3293	3448	25	-1	-1	-1	0
3342	3337	3356	37	-1	-1	-1	-2.7562836541080591
3242	3397	3398	33	-1	-1	-1	0
3398	3399	3242	33	-1	-1	-1	0
3290	3445	3308	42	-1	-1	-1	2.7562836541080564
3297	3450	3298	28	-1	-1	-1	0
3356	3339	3351	37	-1	-1	-1	-2.7562836541080591
3450	3299	3298	28	-1	-1	-1	0
3400	3246	3401	33	-1	-1	-1	0
3297	3303	3450	28	-1	-1	-1	0
3401	3247	3402	33	-1	-1	-1	0
3454	3301	3300	28	-1	-1	-1	0
3403	3249	3404	34	-1	-1	-1	0
3405	3402	3250	33	-1	-1	-1	0
3301	3455	3302	28	-1	-1	-1	0
3453	3300	3306	28	-1	-1	-1	0
3397	3254	3410	33	-1	-1	-1	0
3303	3302	3456	28	-1	-1	-1	0
3253	3400	3408	33	-1	-1	-1	0
3252	3403	3407	34	-1	-1	-1	0
3405	3251	3406	33	-1	-1	-1	0
3451	3312	3299	28	-1	-1	-1	0
3406	3251	3407	33	-1	-1	-1	0
3458	3305	3304	34	-1	-1	-1	0
3306	3305	3459	28	-1	-1	-1	0
3254	3408	3409	33	-1	-1	-1	0
3458	3304	3310	34	-1	-1	-1	0
3254	3409	3410	33	-1	-1	-1	0
3307	3308	3461	42	-1	-1	-1	2.7562836541080564
3358	3361	3359	29	-1	-1	-1	0
3255	3411	3412	26	-1	-1	-1	0
3307	3461	3311	42	-1	-1	-1	2.7562836541080564
3256	3412	3413	0	-1	-1	-1	0
3310	3309	3464	34	-1	-1	-1	0
3257	3413	3414	0	-1	-1	-1	0
3311	3465	3309	34	-1	-1	-1	0
3415	3258	3414	0	-1	-1	-1	0
3415	3416	3259	20	-1	-1	-1	3.2953801091649431
3386	3353	3352	37	-1	-1	-1	-2.7562836541080591
3416	3417	3259	20	-1	-1	-1	3.2953801091649431
3386	3355	3353	37	-1	-1	-1	-2.7562836541080591
3417	3418	3260	20	-1	-1	-1	3.2953801091649431
3470	3313	3314	26	-1	-1	-1	0
3420	3261	3418	0	-1	-1	-1	0
3419	3261	3420	0	-1	-1	-1	0
3314	3315	3471	0	-1	-1	-1	0
3419	3421	3262	0	-1	-1	-1	0
3358	3357	3387	29	-1	-1	-1	0
3472	3315	3316	0	-1	-1	-1	0
3422	3263	3421	0	-1	-1	-1	0
3316	3317	3473	0	-1	-1	-1	0
3361	3358	3387	29	-1	-1	-1	0
3264	3422	3423	18	-1	-1	-1	3.2953801091649231
3317	3319	3475	13	-1	-1	-1	-3.2953801091649084
3318	3476	3319	0	-1	-1	-1	0
3266	3425	3424	0	-1	-1	-1	0
3476	3318	3323	0	-1	-1	-1	0
3321	3477	3320	15	-1	-1	-1	-3.2953801091649382
3267	3424	3427	0	-1	-1	-1	0
3477	3322	3320	0	-1	-1	-1	0
3426	3267	3427	0	-1	-1	-1	0
3268	3428	3429	0	-1	-1	-1	0
3426	3430	3269	0	-1	-1	-1	0
3430	3428	3269	0	-1	-1	-1	0
3481	3324	3322	0	-1	-1	-1	0
3431	3425	3271	0	-1	-1	-1	0
3423	3433	3273	18	-1	-1	-1	3.2953801091649231
3330	3478	3321	15	-1	-1	-1	-3.2953801091649382
3483	3323	3324	0	-1	-1	-1	0
3432	3431	3272	18	-1	-1	-1	3.2953801091649231
3429	3434	3274	0	-1	-1	-1	0
3432	3273	3433	18	-1	-1	-1	3.2953801091649231
3326	3485	3327	0	-1	-1	-1	0
3330	3332	3478	15	-1	-1	-1	-3.2953801091649382
3327	3486	3329	0	-1	-1	-1	0
3329	3487	3328	25	-1	-1	-1	0
3435	3436	3275	25	-1	-1	-1	0
3438	3435	3276	25	-1	-1	-1	0
3335	3328	3487	25	-1	-1	-1	0
3438	3276	3437	25	-1	-1	-1	0
3489	3332	3331	15	-1	-1	-1	-3.2953801091649382
3331	3336	3489	15	-1	-1	-1	-3.2953801091649382
3434	3441	3284	12	-1	-1	-1	3.2953801091649293
3333	3334	3492	0	-1	-1	-1	0
3333	3491	3336	0	-1	-1	-1	0
3326	3349	3485	0	-1	-1	-1	0
3335	3493	3334	0	-1	-1	-1	0
3437	3285	3441	25	-1	-1	-1	0
3289	3443	3442	42	-1	-1	-1	2.7562836541080564
3444	3290	3442	42	-1	-1	-1	2.7562836541080564
3449	3293	3436	25	-1	-1	-1	0
3290	3444	3445	42	-1	-1	-1	2.7562836541080564
3443	3291	3446	25	-1	-1	-1	0
3348	3485	3349	0	-1	-1	-1	0
3350	3485	3348	0	-1	-1	-1	0
3497	3343	3344	25	-1	-1	-1	0
3291	3447	3446	25	-1	-1	-1	0
3404	3312	3468	28	-1	-1	-1	0
3347	3342	3496	25	-1	-1	-1	0
3447	3292	3448	25	-1	-1	-1	0
3344	3345	3498	25	-1	-1	-1	0
3346	3498	3345	25	-1	-1	-1	0
3293	3449	3448	25	-1	-1	-1	0
3350	3343	3497	25	-1	-1	-1	0
3500	3346	3347	25	-1	-1	-1	0
3496	3342	3356	37	-1	-1	-1	-2.7562836541080591
3299	3450	3451	28	-1	-1	-1	0
3410	3398	3397	33	-1	-1	-1	0
3452	3300	3453	28	-1	-1	-1	0
3454	3300	3452	28	-1	-1	-1	0
3496	3356	3354	37	-1	-1	-1	-2.7562836541080591
3408	3400	3401	33	-1	-1	-1	0
3450	3303	3457	28	-1	-1	-1	0
3455	3301	3454	28	-1	-1	-1	0
3402	3408	3401	33	-1	-1	-1	0
3355	3503	3354	37	-1	-1	-1	-2.7562836541080591
3302	3455	3456	28	-1	-1	-1	0
3308	3445	3462	42	-1	-1	-1	2.7562836541080564
3456	3457	3303	28	-1	-1	-1	0
3402	3409	3408	33	-1	-1	-1	0
3460	3453	3306	28	-1	-1	-1	0
3305	3458	3459	28	-1	-1	-1	0
3306	3459	3460	28	-1	-1	-1	0
3505	3360	3361	29	-1	-1	-1	0
3360	3505	3362	29	-1	-1	-1	0
3451	3468	3312	28	-1	-1	-1	0
3308	3463	3461	42	-1	-1	-1	2.7562836541080564
3308	3462	3463	42	-1	-1	-1	2.7562836541080564
3363	3362	3508	30	-1	-1	-1	0
3458	3310	3466	34	-1	-1	-1	0
3309	3465	3464	34	-1	-1	-1	0
3508	3367	3363	30	-1	-1	-1	0
3509	3364	3366	30	-1	-1	-1	0
3365	3364	3510	28	-1	-1	-1	0
3311	3461	3467	42	-1	-1	-1	2.7562836541080564
3310	3464	3466	34	-1	-1	-1	0
3465	3311	3467	34	-1	-1	-1	0
3368	3509	3366	30	-1	-1	-1	0
3355	3386	3504	37	-1	-1	-1	-2.7562836541080591
3512	3368	3367	30	-1	-1	-1	0
3373	3365	3511	28	-1	-1	-1	0
3469	3313	3470	26	-1	-1	-1	0
3515	3369	3370	28	-1	-1	-1	0
3506	3361	3387	29	-1	-1	-1	0
3470	3314	3471	0	-1	-1	-1	0
3472	3471	3315	0	-1	-1	-1	0
3316	3473	3472	0	-1	-1	-1	0
3371	3374	3518	28	-1	-1	-1	0
3378	3516	3370	28	-1	-1	-1	0
3473	3317	3474	13	-1	-1	-1	-3.2953801091649084
3373	3520	3372	28	-1	-1	-1	0
3376	3371	3517	28	-1	-1	-1	0
3381	3369	3515	28	-1	-1	-1	0
3375	3372	3519	28	-1	-1	-1	0
3317	3475	3474	13	-1	-1	-1	-3.2953801091649084
3319	3476	3475	13	-1	-1	-1	-3.2953801091649084
3522	3374	3375	28	-1	-1	-1	0
3321	3479	3477	15	-1	-1	-1	-3.2953801091649382
3321	3478	3479	15	-1	-1	-1	-3.2953801091649382
3322	3477	3480	0	-1	-1	-1	0
3377	3376	3526	28	-1	-1	-1	0
3323	3482	3476	0	-1	-1	-1	0
3480	3481	3322	0	-1	-1	-1	0
3377	3529	3378	28	-1	-1	-1	0
3394	3506	3387	29	-1	-1	-1	0
3323	3483	3482	0	-1	-1	-1	0
3484	3324	3481	0	-1	-1	-1	0
3380	3530	3379	30	-1	-1	-1	0
3324	3484	3483	0	-1	-1	-1	0
3382	3379	3531	30	-1	-1	-1	0
3380	3381	3532	28	-1	-1	-1	0
3327	3485	3486	0	-1	-1	-1	0
3382	3534	3383	37	-1	-1	-1	-2.7562836541080591
3478	3332	3490	15	-1	-1	-1	-3.2953801091649382
3486	3488	3329	25	-1	-1	-1	0
3536	3384	3383	37	-1	-1	-1	-2.7562836541080591
3487	3329	3488	25	-1	-1	-1	0
3385	3384	3537	37	-1	-1	-1	-2.7562836541080591
3385	3539	3386	37	-1	-1	-1	-2.7562836541080591
3489	3490	3332	15	-1	-1	-1	-3.2953801091649382
3333	3492	3491	0	-1	-1	-1	0
3487	3494	3335	25	-1	-1	-1	0
3493	3492	3334	0	-1	-1	-1	0
3390	3541	3388	33	-1	-1	-1	0
3389	3388	3542	27	-1	-1	-1	0
3436	3435	3449	25	-1	-1	-1	0
3489	3336	3495	15	-1	-1	-1	-3.2953801091649382
3486	3485	3350	0	-1	-1	-1	0
3335	3494	3493	25	-1	-1	-1	0
3491	3495	3336	15	-1	-1	-1	-3.2953801091649382
3543	3392	3389	27	-1	-1	-1	0
3545	3391	3392	27	-1	-1	-1	0
3544	3393	3391	27	-1	-1	-1	0
3541	3390	3399	33	-1	-1	-1	0
3544	3396	3393	27	-1	-1	-1	0
3547	3394	3395	29	-1	-1	-1	0
3486	3350	3502	25	-1	-1	-1	0
3396	3548	3395	29	-1	-1	-1	0
3344	3498	3497	25	-1	-1	-1	0
3346	3499	3498	25	-1	-1	-1	0
3347	3496	3501	25	-1	-1	-1	0
3346	3500	3499	25	-1	-1	-1	0
3551	3399	3398	33	-1	-1	-1	0
3500	3347	3501	25	-1	-1	-1	0
3350	3497	3502	25	-1	-1	-1	0
3354	3503	3496	37	-1	-1	-1	-2.7562836541080591
3398	3410	3551	33	-1	-1	-1	0
3553	3402	3405	33	-1	-1	-1	0
3404	3554	3403	34	-1	-1	-1	0
3355	3504	3503	37	-1	-1	-1	-2.7562836541080591
3409	3402	3553	33	-1	-1	-1	0
3407	3403	3554	34	-1	-1	-1	0
3405	3406	3558	33	-1	-1	-1	0
3506	3505	3361	29	-1	-1	-1	0
3553	3410	3409	33	-1	-1	-1	0
3407	3559	3406	33	-1	-1	-1	0
3507	3362	3505	29	-1	-1	-1	0
3362	3507	3508	29	-1	-1	-1	0
3364	3509	3510	28	-1	-1	-1	0
3412	3411	3561	26	-1	-1	-1	0
3365	3510	3511	28	-1	-1	-1	0
3412	3562	3413	0	-1	-1	-1	0
3508	3512	3367	30	-1	-1	-1	0
3414	3413	3562	0	-1	-1	-1	0
3509	3368	3514	30	-1	-1	-1	0
3513	3368	3512	30	-1	-1	-1	0
3414	3565	3415	0	-1	-1	-1	0
3368	3513	3514	30	-1	-1	-1	0
3416	3415	3565	0	-1	-1	-1	0
3416	3566	3417	20	-1	-1	-1	3.2953801091649431
3516	3515	3370	28	-1	-1	-1	0
3418	3417	3568	20	-1	-1	-1	3.2953801091649431
3511	3521	3373	28	-1	-1	-1	0
3371	3518	3517	28	-1	-1	-1	0
3569	3420	3418	0	-1	-1	-1	0
3420	3570	3419	0	-1	-1	-1	0
3519	3372	3520	28	-1	-1	-1	0
3571	3421	3419	0	-1	-1	-1	0
3571	3422	3421	0	-1	-1	-1	0
3373	3521	3520	28	-1	-1	-1	0
3523	3518	3374	28	-1	-1	-1	0
3519	3524	3375	28	-1	-1	-1	0
3523	3374	3522	28	-1	-1	-1	0
3423	3422	3574	18	-1	-1	-1	3.2953801091649231
3517	3527	3376	28	-1	-1	-1	0
3525	3522	3375	28	-1	-1	-1	0
3529	3516	3378	36	-1	-1	-1	-2.7562836541080569
3525	3375	3524	28	-1	-1	-1	0
3575	3424	3425	0	-1	-1	-1	0
3427	3424	3576	0	-1	-1	-1	0
3527	3526	3376	28	-1	-1	-1	0
3468	3557	3404	28	-1	-1	-1	0
3539	3504	3386	37	-1	-1	-1	-2.7562836541080591
3533	3381	3515	28	-1	-1	-1	0
3423	3574	3433	18	-1	-1	-1	3.2953801091649231
3526	3528	3377	28	-1	-1	-1	0
3427	3578	3426	25	-1	-1	-1	0
3577	3425	3431	0	-1	-1	-1	0
3529	3377	3528	28	-1	-1	-1	0
3578	3430	3426	25	-1	-1	-1	0
3429	3428	3580	0	-1	-1	-1	0
3430	3581	3428	0	-1	-1	-1	0
3379	3530	3531	30	-1	-1	-1	0
3532	3530	3380	28	-1	-1	-1	0
3429	3580	3434	0	-1	-1	-1	0
3381	3533	3532	28	-1	-1	-1	0
3432	3583	3431	18	-1	-1	-1	3.2953801091649231
3506	3394	3547	29	-1	-1	-1	0
3490	3479	3478	15	-1	-1	-1	-3.2953801091649382
3382	3531	3535	30	-1	-1	-1	0
3584	3432	3433	18	-1	-1	-1	3.2953801091649231
3535	3534	3382	37	-1	-1	-1	-2.7562836541080591
3534	3536	3383	37	-1	-1	-1	-2.7562836541080591
3580	3441	3434	0	-1	-1	-1	0
3438	3585	3435	25	-1	-1	-1	0
3384	3536	3538	37	-1	-1	-1	-2.7562836541080591
3538	3537	3384	37	-1	-1	-1	-2.7562836541080591
3437	3586	3438	25	-1	-1	-1	0
3537	3540	3385	37	-1	-1	-1	-2.7562836541080591
3540	3539	3385	37	-1	-1	-1	-2.7562836541080591
3586	3437	3441	0	-1	-1	-1	0
3585	3449	3435	25	-1	-1	-1	0
3541	3542	3388	27	-1	-1	-1	0
3588	3442	3443	42	-1	-1	-1	2.7562836541080564
3588	3444	3442	42	-1	-1	-1	2.7562836541080564
3389	3542	3543	27	-1	-1	-1	0
3502	3488	3486	25	-1	-1	-1	0
3446	3589	3443	25	-1	-1	-1	0
3444	3591	3445	42	-1	-1	-1	2.7562836541080564
3544	3391	3545	27	-1	-1	-1	0
3392	3543	3546	27	-1	-1	-1	0
3392	3546	3545	27	-1	-1	-1	0
3488	3499	3500	25	-1	-1	-1	0
3447	3594	3446	25	-1	-1	-1	0
3488	3502	3499	25	-1	-1	-1	0
3396	3544	3550	27	-1	-1	-1	0
3596	3447	3448	25	-1	-1	-1	0
3547	3395	3549	29	-1	-1	-1	0
3395	3548	3549	29	-1	-1	-1	0
3399	3552	3541	33	-1	-1	-1	0
3597	3448	3449	25	-1	-1	-1	0
3548	3396	3550	27	-1	-1	-1	0
3498	3502	3497	25	-1	-1	-1	0
3502	3498	3499	25	-1	-1	-1	0
3451	3450	3598	28	-1	-1	-1	0
3445	3593	3462	42	-1	-1	-1	2.7562836541080564
3496	3503	3501	25	-1	-1	-1	0
3552	3399	3551	33	-1	-1	-1	0
3457	3523	3522	28	-1	-1	-1	0
3457	3598	3450	28	-1	-1	-1	0
3453	3602	3452	28	-1	-1	-1	0
3452	3603	3454	28	-1	-1	-1	0
3555	3554	3404	34	-1	-1	-1	0
3553	3551	3410	33	-1	-1	-1	0
3556	3555	3404	28	-1	-1	-1	0
3606	3455	3454	28	-1	-1	-1	0
3405	3558	3553	33	-1	-1	-1	0
3556	3404	3557	28	-1	-1	-1	0
3460	3605	3453	28	-1	-1	-1	0
3456	3455	3607	28	-1	-1	-1	0
3599	3468	3451	28	-1	-1	-1	0
3506	3507	3505	29	-1	-1	-1	0
3607	3457	3456	28	-1	-1	-1	0
3407	3554	3559	33	-1	-1	-1	0
3558	3406	3559	33	-1	-1	-1	0
3459	3458	3609	28	-1	-1	-1	0
3459	3611	3460	28	-1	-1	-1	0
3560	3561	3411	26	-1	-1	-1	0
3466	3610	3458	34	-1	-1	-1	0
3561	3562	3412	0	-1	-1	-1	0
3463	3614	3461	42	-1	-1	-1	2.7562836541080564
3414	3562	3563	0	-1	-1	-1	0
3462	3615	3463	42	-1	-1	-1	2.7562836541080564
3414	3563	3564	0	-1	-1	-1	0
3461	3614	3467	42	-1	-1	-1	2.7562836541080564
3565	3414	3564	0	-1	-1	-1	0
3616	3464	3465	34	-1	-1	-1	0
3464	3616	3466	34	-1	-1	-1	0
3416	3565	3567	0	-1	-1	-1	0
3465	3467	3617	34	-1	-1	-1	0
3566	3416	3567	0	-1	-1	-1	0
3417	3566	3568	20	-1	-1	-1	3.2953801091649431
3418	3568	3569	20	-1	-1	-1	3.2953801091649431
3470	3620	3469	26	-1	-1	-1	0
3571	3419	3570	0	-1	-1	-1	0
3470	3471	3621	0	-1	-1	-1	0
3420	3572	3570	0	-1	-1	-1	0
3573	3420	3569	0	-1	-1	-1	0
3621	3471	3472	0	-1	-1	-1	0
3572	3420	3573	0	-1	-1	-1	0
3571	3574	3422	0	-1	-1	-1	0
3624	3472	3473	0	-1	-1	-1	0
3474	3624	3473	0	-1	-1	-1	0
3625	3474	3475	13	-1	-1	-1	-3.2953801091649084
3424	3575	3576	0	-1	-1	-1	0
3425	3577	3575	0	-1	-1	-1	0
3476	3627	3475	13	-1	-1	-1	-3.2953801091649084
3427	3576	3579	25	-1	-1	-1	0
3427	3579	3578	25	-1	-1	-1	0
3628	3477	3479	15	-1	-1	-1	-3.2953801091649382
3628	3480	3477	0	-1	-1	-1	0
3627	3476	3482	13	-1	-1	-1	-3.2953801091649084
3457	3607	3523	28	-1	-1	-1	0
3608	3457	3522	28	-1	-1	-1	0
3581	3580	3428	0	-1	-1	-1	0
3578	3582	3430	25	-1	-1	-1	0
3583	3577	3431	18	-1	-1	-1	3.2953801091649231
3433	3574	3584	18	-1	-1	-1	3.2953801091649231
3480	3631	3481	0	-1	-1	-1	0
3430	3582	3581	25	-1	-1	-1	0
3481	3632	3484	0	-1	-1	-1	0
3479	3490	3629	15	-1	-1	-1	-3.2953801091649382
3483	3634	3482	0	-1	-1	-1	0
3583	3432	3584	18	-1	-1	-1	3.2953801091649231
3484	3635	3483	0	-1	-1	-1	0
3580	3586	3441	0	-1	-1	-1	0
3438	3587	3585	25	-1	-1	-1	0
3438	3586	3587	25	-1	-1	-1	0
3487	3488	3640	25	-1	-1	-1	0
3489	3641	3490	15	-1	-1	-1	-3.2953801091649382
3494	3487	3639	25	-1	-1	-1	0
3589	3588	3443	25	-1	-1	-1	0
3444	3588	3590	42	-1	-1	-1	2.7562836541080564
3557	3468	3599	28	-1	-1	-1	0
3492	3642	3491	0	-1	-1	-1	0
3489	3495	3641	15	-1	-1	-1	-3.2953801091649382
3444	3590	3591	42	-1	-1	-1	2.7562836541080564
3491	3642	3495	15	-1	-1	-1	-3.2953801091649382
3445	3591	3592	42	-1	-1	-1	2.7562836541080564
3500	3640	3488	25	-1	-1	-1	0
3493	3643	3492	0	-1	-1	-1	0
3589	3446	3595	25	-1	-1	-1	0
3593	3445	3592	42	-1	-1	-1	2.7562836541080564
3585	3597	3449	25	-1	-1	-1	0
3644	3493	3494	25	-1	-1	-1	0
3446	3594	3595	25	-1	-1	-1	0
3447	3596	3594	25	-1	-1	-1	0
3545	3550	3544	27	-1	-1	-1	0
3596	3448	3597	25	-1	-1	-1	0
3500	3501	3648	25	-1	-1	-1	0
3451	3600	3599	28	-1	-1	-1	0
3598	3601	3451	28	-1	-1	-1	0
3601	3600	3451	28	-1	-1	-1	0
3503	3650	3501	25	-1	-1	-1	0
3522	3525	3608	28	-1	-1	-1	0
3503	3504	3650	25	-1	-1	-1	0
3452	3602	3604	28	-1	-1	-1	0
3603	3452	3604	28	-1	-1	-1	0
3453	3605	3602	28	-1	-1	-1	0
3558	3551	3553	33	-1	-1	-1	0
3606	3454	3603	28	-1	-1	-1	0
3598	3457	3608	28	-1	-1	-1	0
3507	3506	3652	29	-1	-1	-1	0
3652	3508	3507	29	-1	-1	-1	0
3455	3606	3607	28	-1	-1	-1	0
3462	3593	3615	42	-1	-1	-1	2.7562836541080564
3512	3508	3652	29	-1	-1	-1	0
3510	3509	3653	28	-1	-1	-1	0
3511	3510	3654	28	-1	-1	-1	0
3509	3514	3653	28	-1	-1	-1	0
3458	3610	3609	28	-1	-1	-1	0
3460	3613	3605	28	-1	-1	-1	0
3612	3459	3609	28	-1	-1	-1	0
3612	3611	3459	28	-1	-1	-1	0
3657	3513	3512	29	-1	-1	-1	0
3613	3460	3611	28	-1	-1	-1	0
3513	3658	3514	30	-1	-1	-1	0
3521	3511	3655	28	-1	-1	-1	0
3661	3515	3516	28	-1	-1	-1	0
3615	3614	3463	42	-1	-1	-1	2.7562836541080564
3616	3610	3466	34	-1	-1	-1	0
3539	3651	3504	25	-1	-1	-1	0
3617	3616	3465	34	-1	-1	-1	0
3518	3664	3517	28	-1	-1	-1	0
3618	3467	3614	42	-1	-1	-1	2.7562836541080564
3617	3467	3618	34	-1	-1	-1	0
3547	3652	3506	29	-1	-1	-1	0
3520	3667	3519	28	-1	-1	-1	0
3523	3665	3518	28	-1	-1	-1	0
3529	3662	3516	36	-1	-1	-1	-2.7562836541080569
3527	3517	3664	28	-1	-1	-1	0
3620	3619	3469	26	-1	-1	-1	0
3515	3661	3533	28	-1	-1	-1	0
3669	3520	3521	28	-1	-1	-1	0
3524	3519	3668	28	-1	-1	-1	0
3620	3470	3621	0	-1	-1	-1	0
3621	3472	3622	0	-1	-1	-1	0
3622	3472	3623	0	-1	-1	-1	0
3472	3624	3623	0	-1	-1	-1	0
3671	3525	3524	28	-1	-1	-1	0
3624	3474	3626	0	-1	-1	-1	0
3626	3474	3625	0	-1	-1	-1	0
3526	3673	3528	28	-1	-1	-1	0
3625	3475	3627	13	-1	-1	-1	-3.2953801091649084
3526	3527	3675	28	-1	-1	-1	0
3528	3678	3529	28	-1	-1	-1	0
3629	3628	3479	15	-1	-1	-1	-3.2953801091649382
3630	3480	3628	0	-1	-1	-1	0
3530	3679	3531	30	-1	-1	-1	0
3630	3631	3480	0	-1	-1	-1	0
3530	3532	3680	28	-1	-1	-1	0
3633	3627	3482	13	-1	-1	-1	-3.2953801091649084
3632	3481	3631	0	-1	-1	-1	0
3581	3586	3580	0	-1	-1	-1	0
3531	3682	3535	30	-1	-1	-1	0
3533	3683	3532	28	-1	-1	-1	0
3482	3634	3633	13	-1	-1	-1	-3.2953801091649084
3587	3581	3582	25	-1	-1	-1	0
3483	3635	3634	0	-1	-1	-1	0
3637	3484	3632	0	-1	-1	-1	0
3587	3582	3585	25	-1	-1	-1	0
3586	3581	3587	25	-1	-1	-1	0
3535	3685	3534	37	-1	-1	-1	-2.7562836541080591
3534	3685	3536	37	-1	-1	-1	-2.7562836541080591
3637	3636	3484	0	-1	-1	-1	0
3484	3638	3635	0	-1	-1	-1	0
3484	3636	3638	0	-1	-1	-1	0
3629	3490	3641	15	-1	-1	-1	-3.2953801091649382
3536	3687	3538	37	-1	-1	-1	-2.7562836541080591
3538	3689	3537	37	-1	-1	-1	-2.7562836541080591
3537	3689	3540	37	-1	-1	-1	-2.7562836541080591
3639	3487	3640	25	-1	-1	-1	0
3539	3540	3692	25	-1	-1	-1	0
3694	3542	3541	27	-1	-1	-1	0
3643	3642	3492	0	-1	-1	-1	0
3494	3639	3645	25	-1	-1	-1	0
3643	3493	3644	25	-1	-1	-1	0
3543	3542	3695	27	-1	-1	-1	0
3646	3641	3495	15	-1	-1	-1	-3.2953801091649382
3644	3494	3645	25	-1	-1	-1	0
3495	3642	3647	15	-1	-1	-1	-3.2953801091649382
3546	3543	3696	27	-1	-1	-1	0
3541	3552	3694	27	-1	-1	-1	0
3647	3646	3495	15	-1	-1	-1	-3.2953801091649382
3500	3649	3640	25	-1	-1	-1	0
3546	3698	3545	27	-1	-1	-1	0
3697	3550	3545	27	-1	-1	-1	0
3607	3665	3523	28	-1	-1	-1	0
3648	3649	3500	25	-1	-1	-1	0
3701	3547	3549	29	-1	-1	-1	0
3501	3650	3648	25	-1	-1	-1	0
3548	3702	3549	27	-1	-1	-1	0
3702	3548	3550	27	-1	-1	-1	0
3504	3651	3650	25	-1	-1	-1	0
3608	3525	3672	28	-1	-1	-1	0
3551	3705	3552	33	-1	-1	-1	0
3705	3551	3558	33	-1	-1	-1	0
3554	3555	3707	33	-1	-1	-1	0
3510	3653	3654	28	-1	-1	-1	0
3707	3555	3556	27	-1	-1	-1	0
3554	3707	3559	33	-1	-1	-1	0
3657	3512	3652	29	-1	-1	-1	0
3654	3656	3511	28	-1	-1	-1	0
3655	3511	3656	28	-1	-1	-1	0
3557	3709	3556	28	-1	-1	-1	0
3559	3705	3558	33	-1	-1	-1	0
3514	3660	3653	28	-1	-1	-1	0
3659	3513	3657	29	-1	-1	-1	0
3659	3658	3513	29	-1	-1	-1	0
3658	3660	3514	28	-1	-1	-1	0
3712	3561	3560	26	-1	-1	-1	0
3562	3561	3713	0	-1	-1	-1	0
3713	3563	3562	0	-1	-1	-1	0
3516	3663	3661	36	-1	-1	-1	-2.7562836541080569
3563	3714	3564	0	-1	-1	-1	0
3516	3662	3663	36	-1	-1	-1	-2.7562836541080569
3715	3565	3564	0	-1	-1	-1	0
3670	3521	3655	28	-1	-1	-1	0
3567	3565	3716	0	-1	-1	-1	0
3666	3664	3518	28	-1	-1	-1	0
3518	3665	3666	28	-1	-1	-1	0
3566	3567	3717	0	-1	-1	-1	0
3568	3566	3718	20	-1	-1	-1	3.2953801091649431
3667	3668	3519	28	-1	-1	-1	0
3520	3669	3667	28	-1	-1	-1	0
3569	3568	3721	20	-1	-1	-1	3.2953801091649431
3521	3670	3669	28	-1	-1	-1	0
3671	3524	3668	28	-1	-1	-1	0
3721	3573	3569	20	-1	-1	-1	3.2953801091649431
3570	3572	3722	0	-1	-1	-1	0
3723	3571	3570	0	-1	-1	-1	0
3599	3710	3557	28	-1	-1	-1	0
3525	3671	3672	28	-1	-1	-1	0
3677	3527	3664	28	-1	-1	-1	0
3678	3662	3529	36	-1	-1	-1	-2.7562836541080569
3571	3725	3574	0	-1	-1	-1	0
3601	3598	3672	28	-1	-1	-1	0
3572	3573	3727	0	-1	-1	-1	0
3673	3526	3674	28	-1	-1	-1	0
3675	3674	3526	28	-1	-1	-1	0
3684	3533	3661	28	-1	-1	-1	0
3675	3527	3676	28	-1	-1	-1	0
3608	3672	3598	28	-1	-1	-1	0
3678	3528	3673	28	-1	-1	-1	0
3676	3527	3677	28	-1	-1	-1	0
3692	3651	3539	25	-1	-1	-1	0
3730	3575	3577	0	-1	-1	-1	0
3731	3576	3575	0	-1	-1	-1	0
3732	3579	3576	25	-1	-1	-1	0
3729	3584	3574	18	-1	-1	-1	3.2953801091649231
3679	3530	3680	28	-1	-1	-1	0
3730	3577	3583	18	-1	-1	-1	3.2953801091649231
3578	3579	3734	25	-1	-1	-1	0
3531	3679	3681	30	-1	-1	-1	0
3582	3578	3733	25	-1	-1	-1	0
3531	3681	3682	30	-1	-1	-1	0
3680	3532	3683	28	-1	-1	-1	0
3585	3582	3733	25	-1	-1	-1	0
3684	3683	3533	28	-1	-1	-1	0
3701	3652	3547	29	-1	-1	-1	0
3686	3535	3682	30	-1	-1	-1	0
3583	3584	3738	18	-1	-1	-1	3.2953801091649231
3535	3686	3685	37	-1	-1	-1	-2.7562836541080591
3710	3599	3600	28	-1	-1	-1	0
3536	3685	3688	37	-1	-1	-1	-2.7562836541080591
3659	3701	3549	29	-1	-1	-1	0
3659	3549	3703	27	-1	-1	-1	0
3536	3688	3687	37	-1	-1	-1	-2.7562836541080591
3690	3538	3687	37	-1	-1	-1	-2.7562836541080591
3597	3585	3733	25	-1	-1	-1	0
3740	3588	3589	25	-1	-1	-1	0
3538	3691	3689	37	-1	-1	-1	-2.7562836541080591
3590	3588	3740	25	-1	-1	-1	0
3538	3690	3691	37	-1	-1	-1	-2.7562836541080591
3693	3540	3689	25	-1	-1	-1	0
3742	3591	3590	42	-1	-1	-1	2.7562836541080564
3692	3540	3693	25	-1	-1	-1	0
3595	3741	3589	25	-1	-1	-1	0
3744	3592	3591	42	-1	-1	-1	2.7562836541080564
3745	3593	3592	42	-1	-1	-1	2.7562836541080564
3542	3694	3695	27	-1	-1	-1	0
3696	3543	3695	27	-1	-1	-1	0
3594	3596	3749	25	-1	-1	-1	0
3594	3750	3595	25	-1	-1	-1	0
3545	3698	3697	27	-1	-1	-1	0
3546	3696	3700	27	-1	-1	-1	0
3546	3699	3698	27	-1	-1	-1	0
3699	3546	3700	27	-1	-1	-1	0
3597	3753	3596	25	-1	-1	-1	0
3702	3550	3697	27	-1	-1	-1	0
3694	3552	3706	27	-1	-1	-1	0
3549	3702	3704	27	-1	-1	-1	0
3593	3747	3615	42	-1	-1	-1	2.7562836541080564
3601	3754	3600	28	-1	-1	-1	0
3703	3549	3704	27	-1	-1	-1	0
3552	3705	3706	27	-1	-1	-1	0
3757	3602	3605	35	-1	-1	-1	2.7562836541080573
3758	3604	3602	28	-1	-1	-1	0
3604	3759	3603	28	-1	-1	-1	0
3603	3760	3606	28	-1	-1	-1	0
3707	3705	3559	33	-1	-1	-1	0
3707	3556	3708	27	-1	-1	-1	0
3606	3760	3607	28	-1	-1	-1	0
3708	3556	3709	27	-1	-1	-1	0
3557	3710	3709	28	-1	-1	-1	0
3763	3605	3613	35	-1	-1	-1	2.7562836541080573
3610	3764	3609	28	-1	-1	-1	0
3711	3712	3560	26	-1	-1	-1	0
3764	3612	3609	28	-1	-1	-1	0
3712	3713	3561	0	-1	-1	-1	0
3611	3612	3766	28	-1	-1	-1	0
3713	3714	3563	0	-1	-1	-1	0
3613	3611	3766	28	-1	-1	-1	0
3765	3610	3616	34	-1	-1	-1	0
3715	3564	3714	5	-1	-1	-1	0
3565	3715	3716	0	-1	-1	-1	0
3614	3615	3770	42	-1	-1	-1	2.7562836541080564
3717	3718	3566	0	-1	-1	-1	0
3719	3567	3716	0	-1	-1	-1	0
3770	3618	3614	42	-1	-1	-1	2.7562836541080564
3567	3719	3717	0	-1	-1	-1	0
3771	3616	3617	34	-1	-1	-1	0
3718	3720	3568	20	-1	-1	-1	3.2953801091649431
3772	3617	3618	34	-1	-1	-1	0
3720	3721	3568	20	-1	-1	-1	3.2953801091649431
3701	3657	3652	29	-1	-1	-1	0
3723	3570	3722	0	-1	-1	-1	0
3774	3619	3620	26	-1	-1	-1	0
3620	3621	3775	0	-1	-1	-1	0
3657	3701	3659	29	-1	-1	-1	0
3775	3621	3622	0	-1	-1	-1	0
3571	3723	3724	0	-1	-1	-1	0
3726	3722	3572	0	-1	-1	-1	0
3571	3724	3725	0	-1	-1	-1	0
3623	3776	3622	0	-1	-1	-1	0
3721	3728	3573	20	-1	-1	-1	3.2953801091649431
3777	3623	3624	0	-1	-1	-1	0
3726	3572	3727	0	-1	-1	-1	0
3778	3624	3626	0	-1	-1	-1	0
3727	3573	3728	20	-1	-1	-1	3.2953801091649431
3729	3574	3725	0	-1	-1	-1	0
3756	3601	3672	28	-1	-1	-1	0
3625	3627	3779	13	-1	-1	-1	-3.2953801091649084
3780	3626	3625	0	-1	-1	-1	0
3760	3665	3607	28	-1	-1	-1	0
3731	3575	3730	0	-1	-1	-1	0
3576	3731	3732	25	-1	-1	-1	0
3628	3629	3784	15	-1	-1	-1	-3.2953801091649382
3784	3630	3628	0	-1	-1	-1	0
3633	3783	3627	13	-1	-1	-1	-3.2953801091649084
3733	3578	3734	25	-1	-1	-1	0
3785	3631	3630	0	-1	-1	-1	0
3579	3732	3735	25	-1	-1	-1	0
3632	3631	3786	0	-1	-1	-1	0
3579	3735	3736	25	-1	-1	-1	0
3579	3737	3734	25	-1	-1	-1	0
3738	3584	3729	18	-1	-1	-1	3.2953801091649231
3583	3739	3730	18	-1	-1	-1	3.2953801091649231
3737	3579	3736	25	-1	-1	-1	0
3641	3784	3629	15	-1	-1	-1	-3.2953801091649382
3789	3633	3634	13	-1	-1	-1	-3.2953801091649084
3787	3637	3632	0	-1	-1	-1	0
3688	3685	3686	37	-1	-1	-1	-2.7562836541080591
3635	3791	3634	0	-1	-1	-1	0
3583	3738	3739	18	-1	-1	-1	3.2953801091649231
3733	3734	3597	25	-1	-1	-1	0
3791	3635	3638	0	-1	-1	-1	0
3755	3710	3600	28	-1	-1	-1	0
3637	3793	3636	0	-1	-1	-1	0
3638	3636	3792	0	-1	-1	-1	0
3740	3589	3741	25	-1	-1	-1	0
3646	3784	3641	15	-1	-1	-1	-3.2953801091649382
3590	3740	3743	25	-1	-1	-1	0
3742	3590	3743	25	-1	-1	-1	0
3639	3640	3796	25	-1	-1	-1	0
3591	3742	3744	42	-1	-1	-1	2.7562836541080564
3645	3639	3796	25	-1	-1	-1	0
3643	3797	3642	0	-1	-1	-1	0
3744	3746	3592	42	-1	-1	-1	2.7562836541080564
3745	3592	3746	42	-1	-1	-1	2.7562836541080564
3734	3753	3597	25	-1	-1	-1	0
3798	3643	3644	25	-1	-1	-1	0
3796	3640	3649	25	-1	-1	-1	0
3642	3797	3647	25	-1	-1	-1	0
3748	3593	3745	42	-1	-1	-1	2.7562836541080564
3645	3798	3644	25	-1	-1	-1	0
3741	3595	3752	25	-1	-1	-1	0
3593	3748	3747	42	-1	-1	-1	2.7562836541080564
3760	3666	3665	28	-1	-1	-1	0
3750	3594	3749	25	-1	-1	-1	0
3647	3801	3646	15	-1	-1	-1	-3.2953801091649382
3595	3750	3751	25	-1	-1	-1	0
3753	3749	3596	25	-1	-1	-1	0
3595	3751	3752	25	-1	-1	-1	0
3804	3649	3648	25	-1	-1	-1	0
3650	3804	3648	25	-1	-1	-1	0
3774	3711	3619	26	-1	-1	-1	0
3650	3651	3804	25	-1	-1	-1	0
3755	3600	3754	28	-1	-1	-1	0
3754	3601	3756	28	-1	-1	-1	0
3653	3806	3654	28	-1	-1	-1	0
3656	3654	3806	28	-1	-1	-1	0
3602	3757	3758	35	-1	-1	-1	2.7562836541080573
3807	3655	3656	28	-1	-1	-1	0
3653	3660	3806	28	-1	-1	-1	0
3760	3603	3759	28	-1	-1	-1	0
3758	3761	3604	28	-1	-1	-1	0
3604	3762	3759	28	-1	-1	-1	0
3757	3605	3763	35	-1	-1	-1	2.7562836541080573
3658	3659	3809	27	-1	-1	-1	0
3809	3660	3658	28	-1	-1	-1	0
3761	3762	3604	28	-1	-1	-1	0
3670	3655	3807	28	-1	-1	-1	0
3747	3770	3615	42	-1	-1	-1	2.7562836541080564
3661	3663	3811	36	-1	-1	-1	-2.7562836541080569
3662	3813	3663	36	-1	-1	-1	-2.7562836541080569
3765	3764	3610	28	-1	-1	-1	0
3612	3764	3767	28	-1	-1	-1	0
3815	3664	3666	28	-1	-1	-1	0
3613	3769	3763	35	-1	-1	-1	2.7562836541080573
3612	3768	3766	28	-1	-1	-1	0
3651	3692	3804	25	-1	-1	-1	0
3612	3767	3768	28	-1	-1	-1	0
3613	3766	3769	35	-1	-1	-1	2.7562836541080573
3616	3771	3765	34	-1	-1	-1	0
3662	3678	3812	36	-1	-1	-1	-2.7562836541080569
3667	3669	3818	28	-1	-1	-1	0
3667	3819	3668	28	-1	-1	-1	0
3815	3677	3664	28	-1	-1	-1	0
3661	3811	3684	36	-1	-1	-1	-2.7562836541080569
3818	3669	3670	28	-1	-1	-1	0
3617	3772	3771	34	-1	-1	-1	0
3668	3821	3671	28	-1	-1	-1	0
3770	3773	3618	42	-1	-1	-1	2.7562836541080564
3773	3772	3618	34	-1	-1	-1	0
3672	3671	3825	28	-1	-1	-1	0
3774	3620	3775	0	-1	-1	-1	0
3809	3659	3703	27	-1	-1	-1	0
3775	3622	3776	0	-1	-1	-1	0
3674	3826	3673	28	-1	-1	-1	0
3623	3777	3776	7	-1	-1	-1	0
3674	3675	3828	28	-1	-1	-1	0
3678	3673	3826	28	-1	-1	-1	0
3777	3624	3778	0	-1	-1	-1	0
3675	3676	3829	28	-1	-1	-1	0
3676	3677	3831	28	-1	-1	-1	0
3625	3779	3780	0	-1	-1	-1	0
3626	3781	3778	0	-1	-1	-1	0
3780	3782	3626	0	-1	-1	-1	0
3781	3626	3782	0	-1	-1	-1	0
3779	3627	3783	13	-1	-1	-1	-3.2953801091649084
3680	3837	3679	28	-1	-1	-1	0
3679	3836	3681	30	-1	-1	-1	0
3712	3711	3774	26	-1	-1	-1	0
3784	3785	3630	0	-1	-1	-1	0
3731	3730	3739	25	-1	-1	-1	0
3683	3838	3680	28	-1	-1	-1	0
3631	3785	3786	0	-1	-1	-1	0
3839	3682	3681	30	-1	-1	-1	0
3789	3783	3633	13	-1	-1	-1	-3.2953801091649084
3786	3788	3632	0	-1	-1	-1	0
3788	3787	3632	0	-1	-1	-1	0
3686	3682	3840	30	-1	-1	-1	0
3683	3684	3841	28	-1	-1	-1	0
3634	3790	3789	13	-1	-1	-1	-3.2953801091649084
3634	3791	3790	13	-1	-1	-1	-3.2953801091649084
3843	3688	3686	37	-1	-1	-1	-2.7562836541080591
3787	3794	3637	0	-1	-1	-1	0
3687	3688	3844	37	-1	-1	-1	-2.7562836541080591
3793	3792	3636	0	-1	-1	-1	0
3845	3690	3687	37	-1	-1	-1	-2.7562836541080591
3791	3638	3795	0	-1	-1	-1	0
3637	3794	3793	0	-1	-1	-1	0
3737	3753	3734	25	-1	-1	-1	0
3792	3795	3638	0	-1	-1	-1	0
3691	3847	3689	25	-1	-1	-1	0
3689	3847	3693	25	-1	-1	-1	0
3849	3691	3690	37	-1	-1	-1	-2.7562836541080591
3784	3646	3802	15	-1	-1	-1	-3.2953801091649382
3693	3852	3692	25	-1	-1	-1	0
3798	3797	3643	25	-1	-1	-1	0
3753	3737	3749	25	-1	-1	-1	0
3645	3796	3800	25	-1	-1	-1	0
3798	3645	3799	25	-1	-1	-1	0
3666	3760	3816	28	-1	-1	-1	0
3854	3695	3694	27	-1	-1	-1	0
3645	3800	3799	25	-1	-1	-1	0
3695	3855	3696	27	-1	-1	-1	0
3797	3803	3647	25	-1	-1	-1	0
3801	3802	3646	15	-1	-1	-1	-3.2953801091649382
3649	3805	3796	25	-1	-1	-1	0
3647	3803	3801	25	-1	-1	-1	0
3856	3700	3696	27	-1	-1	-1	0
3857	3697	3698	27	-1	-1	-1	0
3756	3672	3825	28	-1	-1	-1	0
3694	3706	3854	27	-1	-1	-1	0
3858	3698	3699	27	-1	-1	-1	0
3697	3857	3702	27	-1	-1	-1	0
3805	3649	3804	25	-1	-1	-1	0
3859	3699	3700	27	-1	-1	-1	0
3704	3702	3860	27	-1	-1	-1	0
3704	3861	3703	27	-1	-1	-1	0
3656	3806	3808	28	-1	-1	-1	0
3808	3807	3656	28	-1	-1	-1	0
3705	3864	3706	27	-1	-1	-1	0
3660	3810	3806	28	-1	-1	-1	0
3707	3864	3705	27	-1	-1	-1	0
3707	3708	3864	27	-1	-1	-1	0
3809	3810	3660	28	-1	-1	-1	0
3709	3865	3708	27	-1	-1	-1	0
3710	3866	3709	28	-1	-1	-1	0
3813	3662	3812	36	-1	-1	-1	-2.7562836541080569
3811	3663	3814	36	-1	-1	-1	-2.7562836541080569
3813	3814	3663	36	-1	-1	-1	-2.7562836541080569
3713	3712	3867	0	-1	-1	-1	0
3868	3714	3713	0	-1	-1	-1	0
3815	3666	3816	28	-1	-1	-1	0
3714	3870	3715	5	-1	-1	-1	0
3818	3817	3667	28	-1	-1	-1	0
3670	3807	3823	28	-1	-1	-1	0
3872	3716	3715	0	-1	-1	-1	0
3667	3817	3819	28	-1	-1	-1	0
3820	3668	3819	28	-1	-1	-1	0
3716	3873	3719	0	-1	-1	-1	0
3718	3717	3874	0	-1	-1	-1	0
3668	3820	3821	28	-1	-1	-1	0
3818	3670	3822	28	-1	-1	-1	0
3719	3874	3717	0	-1	-1	-1	0
3718	3875	3720	20	-1	-1	-1	3.2953801091649431
3670	3823	3822	28	-1	-1	-1	0
3824	3671	3821	28	-1	-1	-1	0
3878	3721	3720	20	-1	-1	-1	3.2953801091649431
3671	3824	3825	28	-1	-1	-1	0
3835	3812	3678	36	-1	-1	-1	-2.7562836541080569
3833	3677	3815	28	-1	-1	-1	0
3722	3880	3723	0	-1	-1	-1	0
3674	3827	3826	28	-1	-1	-1	0
3721	3879	3728	20	-1	-1	-1	3.2953801091649431
3827	3674	3828	28	-1	-1	-1	0
3881	3722	3726	0	-1	-1	-1	0
3883	3724	3723	0	-1	-1	-1	0
3710	3755	3866	28	-1	-1	-1	0
3724	3884	3725	0	-1	-1	-1	0
3830	3828	3675	28	-1	-1	-1	0
3829	3830	3675	28	-1	-1	-1	0
3759	3816	3760	28	-1	-1	-1	0
3811	3842	3684	36	-1	-1	-1	-2.7562836541080569
3816	3759	3762	28	-1	-1	-1	0
3676	3832	3829	28	-1	-1	-1	0
3676	3831	3832	28	-1	-1	-1	0
3835	3678	3826	36	-1	-1	-1	-2.7562836541080569
3887	3726	3727	0	-1	-1	-1	0
3886	3729	3725	0	-1	-1	-1	0
3677	3834	3831	28	-1	-1	-1	0
3888	3727	3728	20	-1	-1	-1	3.2953801091649431
3677	3833	3834	28	-1	-1	-1	0
3692	3851	3804	25	-1	-1	-1	0
3837	3836	3679	28	-1	-1	-1	0
3712	3774	3867	0	-1	-1	-1	0
3731	3891	3732	25	-1	-1	-1	0
3838	3837	3680	28	-1	-1	-1	0
3839	3681	3836	30	-1	-1	-1	0
3729	3890	3738	18	-1	-1	-1	3.2953801091649231
3732	3893	3735	25	-1	-1	-1	0
3682	3839	3840	30	-1	-1	-1	0
3838	3683	3841	28	-1	-1	-1	0
3739	3892	3731	25	-1	-1	-1	0
3735	3894	3736	25	-1	-1	-1	0
3739	3738	3890	18	-1	-1	-1	3.2953801091649231
3842	3841	3684	36	-1	-1	-1	-2.7562836541080569
3736	3895	3737	25	-1	-1	-1	0
3840	3843	3686	30	-1	-1	-1	0
3784	3802	3785	0	-1	-1	-1	0
3862	3809	3703	27	-1	-1	-1	0
3687	3844	3845	37	-1	-1	-1	-2.7562836541080591
3688	3843	3846	37	-1	-1	-1	-2.7562836541080591
3846	3844	3688	37	-1	-1	-1	-2.7562836541080591
3743	3740	3898	25	-1	-1	-1	0
3898	3740	3741	25	-1	-1	-1	0
3848	3690	3845	37	-1	-1	-1	-2.7562836541080591
3897	3749	3737	25	-1	-1	-1	0
3742	3899	3744	42	-1	-1	-1	2.7562836541080564
3900	3742	3743	25	-1	-1	-1	0
3849	3690	3848	37	-1	-1	-1	-2.7562836541080591
3691	3850	3847	25	-1	-1	-1	0
3691	3849	3850	25	-1	-1	-1	0
3752	3898	3741	25	-1	-1	-1	0
3744	3903	3746	42	-1	-1	-1	2.7562836541080564
3816	3762	3815	28	-1	-1	-1	0
3853	3693	3847	25	-1	-1	-1	0
3746	3904	3745	42	-1	-1	-1	2.7562836541080564
3851	3692	3852	25	-1	-1	-1	0
3897	3750	3749	25	-1	-1	-1	0
3798	3803	3797	25	-1	-1	-1	0
3748	3745	3905	42	-1	-1	-1	2.7562836541080564
3852	3693	3853	25	-1	-1	-1	0
3799	3803	3798	25	-1	-1	-1	0
3907	3747	3748	42	-1	-1	-1	2.7562836541080564
3695	3854	3855	27	-1	-1	-1	0
3855	3856	3696	27	-1	-1	-1	0
3750	3910	3751	25	-1	-1	-1	0
3698	3858	3857	27	-1	-1	-1	0
3856	3859	3700	27	-1	-1	-1	0
3751	3913	3752	25	-1	-1	-1	0
3699	3859	3858	27	-1	-1	-1	0
3775	3867	3774	0	-1	-1	-1	0
3860	3702	3857	27	-1	-1	-1	0
3747	3907	3770	42	-1	-1	-1	2.7562836541080564
3808	3806	3810	28	-1	-1	-1	0
3755	3754	3916	28	-1	-1	-1	0
3706	3865	3854	27	-1	-1	-1	0
3862	3703	3861	27	-1	-1	-1	0
3916	3754	3756	28	-1	-1	-1	0
3863	3704	3860	27	-1	-1	-1	0
3863	3861	3704	27	-1	-1	-1	0
3758	3757	3919	35	-1	-1	-1	2.7562836541080573
3865	3706	3864	27	-1	-1	-1	0
3864	3708	3865	27	-1	-1	-1	0
3757	3763	3919	35	-1	-1	-1	2.7562836541080573
3920	3761	3758	28	-1	-1	-1	0
3709	3866	3865	27	-1	-1	-1	0
3921	3762	3761	28	-1	-1	-1	0
3713	3867	3869	0	-1	-1	-1	0
3907	3773	3770	42	-1	-1	-1	2.7562836541080564
3868	3713	3869	0	-1	-1	-1	0
3714	3868	3870	5	-1	-1	-1	0
3924	3764	3765	28	-1	-1	-1	0
3763	3769	3923	35	-1	-1	-1	2.7562836541080573
3764	3924	3767	28	-1	-1	-1	0
3871	3715	3870	5	-1	-1	-1	0
3871	3872	3715	5	-1	-1	-1	0
3926	3766	3768	35	-1	-1	-1	2.7562836541080573
3804	3851	3805	25	-1	-1	-1	0
3771	3925	3765	34	-1	-1	-1	0
3926	3769	3766	35	-1	-1	-1	2.7562836541080573
3873	3716	3872	0	-1	-1	-1	0
3768	3767	3927	28	-1	-1	-1	0
3874	3875	3718	0	-1	-1	-1	0
3814	3842	3811	36	-1	-1	-1	-2.7562836541080569
3873	3876	3719	0	-1	-1	-1	0
3874	3719	3877	0	-1	-1	-1	0
3876	3877	3719	0	-1	-1	-1	0
3875	3878	3720	20	-1	-1	-1	3.2953801091649431
3772	3930	3771	34	-1	-1	-1	0
3932	3772	3773	34	-1	-1	-1	0
3879	3721	3878	20	-1	-1	-1	3.2953801091649431
3808	3810	3862	28	-1	-1	-1	0
3810	3809	3862	28	-1	-1	-1	0
3722	3881	3880	0	-1	-1	-1	0
3776	3934	3775	0	-1	-1	-1	0
3880	3882	3723	0	-1	-1	-1	0
3882	3883	3723	0	-1	-1	-1	0
3777	3936	3776	7	-1	-1	-1	0
3937	3777	3778	0	-1	-1	-1	0
3885	3724	3883	0	-1	-1	-1	0
3885	3884	3724	0	-1	-1	-1	0
3887	3881	3726	0	-1	-1	-1	0
3886	3725	3884	0	-1	-1	-1	0
3889	3728	3879	20	-1	-1	-1	3.2953801091649431
3937	3778	3781	0	-1	-1	-1	0
3938	3780	3779	0	-1	-1	-1	0
3762	3922	3815	28	-1	-1	-1	0
3756	3825	3918	28	-1	-1	-1	0
3783	3938	3779	13	-1	-1	-1	-3.2953801091649084
3727	3888	3887	20	-1	-1	-1	3.2953801091649431
3940	3782	3780	0	-1	-1	-1	0
3886	3890	3729	0	-1	-1	-1	0
3782	3942	3781	0	-1	-1	-1	0
3728	3889	3888	20	-1	-1	-1	3.2953801091649431
3867	3775	3869	0	-1	-1	-1	0
3891	3731	3892	25	-1	-1	-1	0
3785	3945	3786	0	-1	-1	-1	0
3789	3944	3783	13	-1	-1	-1	-3.2953801091649084
3893	3732	3891	25	-1	-1	-1	0
3946	3788	3786	0	-1	-1	-1	0
3892	3739	3890	25	-1	-1	-1	0
3894	3735	3893	25	-1	-1	-1	0
3789	3790	3944	13	-1	-1	-1	-3.2953801091649084
3788	3948	3787	25	-1	-1	-1	0
3896	3736	3894	25	-1	-1	-1	0
3896	3895	3736	25	-1	-1	-1	0
3947	3794	3787	25	-1	-1	-1	0
3737	3895	3897	25	-1	-1	-1	0
3950	3790	3791	13	-1	-1	-1	-3.2953801091649084
3785	3802	3945	0	-1	-1	-1	0
3791	3795	3950	13	-1	-1	-1	-3.2953801091649084
3792	3793	3952	0	-1	-1	-1	0
3792	3951	3795	0	-1	-1	-1	0
3755	3917	3866	28	-1	-1	-1	0
3794	3953	3793	0	-1	-1	-1	0
3899	3742	3900	25	-1	-1	-1	0
3901	3743	3898	25	-1	-1	-1	0
3743	3902	3900	25	-1	-1	-1	0
3903	3744	3899	42	-1	-1	-1	2.7562836541080564
3902	3743	3901	25	-1	-1	-1	0
3801	3945	3802	0	-1	-1	-1	0
3803	3945	3801	0	-1	-1	-1	0
3796	3957	3800	25	-1	-1	-1	0
3745	3904	3905	42	-1	-1	-1	2.7562836541080564
3906	3746	3903	42	-1	-1	-1	2.7562836541080564
3906	3904	3746	42	-1	-1	-1	2.7562836541080564
3750	3897	3910	25	-1	-1	-1	0
3799	3800	3959	25	-1	-1	-1	0
3805	3957	3796	25	-1	-1	-1	0
3799	3958	3803	25	-1	-1	-1	0
3905	3909	3748	42	-1	-1	-1	2.7562836541080564
3907	3748	3908	42	-1	-1	-1	2.7562836541080564
3914	3898	3752	25	-1	-1	-1	0
3908	3748	3909	42	-1	-1	-1	2.7562836541080564
3833	3815	3922	28	-1	-1	-1	0
3751	3910	3912	25	-1	-1	-1	0
3911	3751	3912	25	-1	-1	-1	0
3751	3911	3913	25	-1	-1	-1	0
3808	3963	3807	28	-1	-1	-1	0
3934	3869	3775	0	-1	-1	-1	0
3752	3913	3915	25	-1	-1	-1	0
3914	3752	3915	25	-1	-1	-1	0
3916	3917	3755	28	-1	-1	-1	0
3964	3813	3812	36	-1	-1	-1	-2.7562836541080569
3916	3756	3918	28	-1	-1	-1	0
3965	3814	3813	36	-1	-1	-1	-2.7562836541080569
3807	3963	3823	28	-1	-1	-1	0
3920	3758	3919	35	-1	-1	-1	2.7562836541080573
3921	3761	3920	28	-1	-1	-1	0
3968	3817	3818	28	-1	-1	-1	0
3922	3762	3921	28	-1	-1	-1	0
3969	3819	3817	28	-1	-1	-1	0
3923	3919	3763	35	-1	-1	-1	2.7562836541080573
3970	3820	3819	28	-1	-1	-1	0
3818	3822	3968	28	-1	-1	-1	0
3971	3821	3820	28	-1	-1	-1	0
3835	3964	3812	36	-1	-1	-1	-2.7562836541080569
3773	3907	3933	42	-1	-1	-1	2.7562836541080564
3925	3924	3765	28	-1	-1	-1	0
3961	3805	3851	25	-1	-1	-1	0
3821	3972	3824	28	-1	-1	-1	0
3926	3923	3769	35	-1	-1	-1	2.7562836541080573
3924	3928	3767	28	-1	-1	-1	0
3823	3975	3822	27	-1	-1	-1	0
3966	3842	3814	36	-1	-1	-1	-2.7562836541080569
3927	3767	3928	28	-1	-1	-1	0
3929	3926	3768	35	-1	-1	-1	2.7562836541080573
3768	3927	3929	35	-1	-1	-1	2.7562836541080573
3976	3825	3824	28	-1	-1	-1	0
3771	3931	3925	34	-1	-1	-1	0
3827	3978	3826	36	-1	-1	-1	-2.7562836541080569
3931	3771	3930	34	-1	-1	-1	0
3963	3808	3862	28	-1	-1	-1	0
3932	3930	3772	34	-1	-1	-1	0
3828	3980	3827	28	-1	-1	-1	0
3933	3932	3773	34	-1	-1	-1	0
3826	3978	3835	36	-1	-1	-1	-2.7562836541080569
3828	3830	3981	28	-1	-1	-1	0
3982	3830	3829	28	-1	-1	-1	0
3832	3982	3829	28	-1	-1	-1	0
3934	3776	3935	7	-1	-1	-1	0
3776	3936	3935	7	-1	-1	-1	0
3832	3831	3985	28	-1	-1	-1	0
3863	3823	3963	27	-1	-1	-1	0
3777	3937	3936	7	-1	-1	-1	0
3985	3831	3834	28	-1	-1	-1	0
3834	3833	3989	28	-1	-1	-1	0
3780	3938	3939	0	-1	-1	-1	0
3780	3939	3940	0	-1	-1	-1	0
3781	3941	3937	0	-1	-1	-1	0
3863	3975	3823	27	-1	-1	-1	0
3851	3852	3961	25	-1	-1	-1	0
3941	3781	3942	0	-1	-1	-1	0
3938	3783	3944	13	-1	-1	-1	-3.2953801091649084
3940	3943	3782	0	-1	-1	-1	0
3782	3943	3942	0	-1	-1	-1	0
3836	3993	3839	30	-1	-1	-1	0
3837	3994	3836	28	-1	-1	-1	0
3995	3837	3838	28	-1	-1	-1	0
3838	3841	3996	28	-1	-1	-1	0
3786	3945	3946	0	-1	-1	-1	0
3839	3998	3840	30	-1	-1	-1	0
3948	3947	3787	25	-1	-1	-1	0
3843	3840	3999	30	-1	-1	-1	0
3949	3788	3946	25	-1	-1	-1	0
4000	3841	3842	36	-1	-1	-1	-2.7562836541080569
3790	3950	3944	13	-1	-1	-1	-3.2953801091649084
3948	3788	3949	25	-1	-1	-1	0
3861	3963	3862	27	-1	-1	-1	0
3861	3863	3963	27	-1	-1	-1	0
4001	3846	3843	37	-1	-1	-1	-2.7562836541080591
3844	4002	3845	37	-1	-1	-1	-2.7562836541080591
3846	4003	3844	37	-1	-1	-1	-2.7562836541080591
3803	3946	3945	0	-1	-1	-1	0
3792	3952	3951	0	-1	-1	-1	0
3794	3947	3955	25	-1	-1	-1	0
3953	3952	3793	0	-1	-1	-1	0
3860	3975	3863	27	-1	-1	-1	0
3848	3845	4005	37	-1	-1	-1	-2.7562836541080591
3950	3795	3956	13	-1	-1	-1	-3.2953801091649084
3953	3794	3954	25	-1	-1	-1	0
3951	3956	3795	13	-1	-1	-1	-3.2953801091649084
3954	3794	3955	25	-1	-1	-1	0
4007	3847	3850	25	-1	-1	-1	0
3849	3848	4008	37	-1	-1	-1	-2.7562836541080591
3803	3958	3946	25	-1	-1	-1	0
3853	3847	4007	25	-1	-1	-1	0
4009	3850	3849	25	-1	-1	-1	0
3799	3959	3958	25	-1	-1	-1	0
3914	3901	3898	25	-1	-1	-1	0
3853	4011	3852	25	-1	-1	-1	0
3960	3800	3957	25	-1	-1	-1	0
3800	3960	3959	25	-1	-1	-1	0
3825	3977	3918	28	-1	-1	-1	0
3855	3854	4014	27	-1	-1	-1	0
3962	3957	3805	25	-1	-1	-1	0
4015	3856	3855	27	-1	-1	-1	0
3805	3961	3962	25	-1	-1	-1	0
3856	4016	3859	27	-1	-1	-1	0
3858	4017	3857	27	-1	-1	-1	0
3865	4014	3854	27	-1	-1	-1	0
3860	3857	4017	27	-1	-1	-1	0
3859	4019	3858	27	-1	-1	-1	0
3964	3965	3813	36	-1	-1	-1	-2.7562836541080569
3988	3833	3922	28	-1	-1	-1	0
3965	3967	3814	36	-1	-1	-1	-2.7562836541080569
3967	3966	3814	36	-1	-1	-1	-2.7562836541080569
3933	3907	3908	42	-1	-1	-1	2.7562836541080564
3865	3866	4021	27	-1	-1	-1	0
3817	3968	3969	28	-1	-1	-1	0
3969	3970	3819	28	-1	-1	-1	0
3869	4022	3868	0	-1	-1	-1	0
4022	3870	3868	0	-1	-1	-1	0
3971	3820	3970	28	-1	-1	-1	0
3968	3822	3974	27	-1	-1	-1	0
3870	4023	3871	5	-1	-1	-1	0
3971	3973	3821	28	-1	-1	-1	0
3821	3973	3972	28	-1	-1	-1	0
3872	3871	4026	5	-1	-1	-1	0
3975	3974	3822	27	-1	-1	-1	0
3873	3872	4027	0	-1	-1	-1	0
3824	3972	3976	28	-1	-1	-1	0
3873	4028	3876	0	-1	-1	-1	0
3825	3976	3977	28	-1	-1	-1	0
3925	3931	3924	28	-1	-1	-1	0
3875	3874	4031	0	-1	-1	-1	0
3877	4031	3874	0	-1	-1	-1	0
3979	3978	3827	36	-1	-1	-1	-2.7562836541080569
3875	4033	3878	20	-1	-1	-1	3.2953801091649431
3827	3980	3979	36	-1	-1	-1	-2.7562836541080569
3877	3876	4034	0	-1	-1	-1	0
3980	3828	3981	28	-1	-1	-1	0
3878	4033	3879	20	-1	-1	-1	3.2953801091649431
3992	3964	3835	36	-1	-1	-1	-2.7562836541080569
3830	3983	3981	28	-1	-1	-1	0
3982	3984	3830	28	-1	-1	-1	0
3830	3984	3983	28	-1	-1	-1	0
3881	4037	3880	0	-1	-1	-1	0
4036	3882	3880	0	-1	-1	-1	0
3879	4033	3889	20	-1	-1	-1	3.2953801091649431
3987	3982	3832	28	-1	-1	-1	0
3985	3986	3832	28	-1	-1	-1	0
4021	3866	3917	27	-1	-1	-1	0
4039	3883	3882	25	-1	-1	-1	0
3832	3986	3987	28	-1	-1	-1	0
3992	3835	3978	36	-1	-1	-1	-2.7562836541080569
3887	4038	3881	0	-1	-1	-1	0
4000	3842	3966	36	-1	-1	-1	-2.7562836541080569
3883	4041	3885	25	-1	-1	-1	0
3834	3990	3985	28	-1	-1	-1	0
3989	3833	3988	28	-1	-1	-1	0
3916	3918	3977	28	-1	-1	-1	0
3885	4043	3884	0	-1	-1	-1	0
3886	3884	4043	0	-1	-1	-1	0
3834	3989	3991	28	-1	-1	-1	0
3834	3991	3990	28	-1	-1	-1	0
4045	3890	3886	0	-1	-1	-1	0
4046	3887	3888	20	-1	-1	-1	3.2953801091649431
3993	3836	3994	28	-1	-1	-1	0
3888	3889	4046	20	-1	-1	-1	3.2953801091649431
3869	3934	4022	0	-1	-1	-1	0
3852	4012	3961	25	-1	-1	-1	0
3994	3837	3995	28	-1	-1	-1	0
4045	3892	3890	0	-1	-1	-1	0
3838	3997	3995	28	-1	-1	-1	0
3998	3839	3993	30	-1	-1	-1	0
3996	3997	3838	28	-1	-1	-1	0
3891	3892	4049	25	-1	-1	-1	0
4049	3893	3891	25	-1	-1	-1	0
3999	3840	3998	30	-1	-1	-1	0
3996	3841	4000	36	-1	-1	-1	-2.7562836541080569
3894	3893	4050	25	-1	-1	-1	0
3894	4051	3896	25	-1	-1	-1	0
3999	4001	3843	30	-1	-1	-1	0
4052	3897	3895	25	-1	-1	-1	0
3896	4053	3895	25	-1	-1	-1	0
4002	3844	4003	37	-1	-1	-1	-2.7562836541080591
3845	4002	4004	37	-1	-1	-1	-2.7562836541080591
4017	3975	3860	27	-1	-1	-1	0
4001	4006	3846	37	-1	-1	-1	-2.7562836541080591
3949	3946	3958	25	-1	-1	-1	0
3845	4004	4005	37	-1	-1	-1	-2.7562836541080591
4006	4003	3846	37	-1	-1	-1	-2.7562836541080591
4057	3899	3900	25	-1	-1	-1	0
3903	3899	4058	42	-1	-1	-1	2.7562836541080564
4059	3900	3902	25	-1	-1	-1	0
4005	4008	3848	37	-1	-1	-1	-2.7562836541080591
4060	3902	3901	25	-1	-1	-1	0
4056	3910	3897	25	-1	-1	-1	0
4009	3849	4008	25	-1	-1	-1	0
4007	3850	4010	25	-1	-1	-1	0
4010	3850	4009	25	-1	-1	-1	0
3853	4007	4013	25	-1	-1	-1	0
3906	3903	4064	42	-1	-1	-1	2.7562836541080564
4066	3905	3904	42	-1	-1	-1	2.7562836541080564
3904	3906	4065	42	-1	-1	-1	2.7562836541080564
4012	3852	4011	25	-1	-1	-1	0
3914	4061	3901	25	-1	-1	-1	0
3853	4013	4011	25	-1	-1	-1	0
3912	3910	4056	25	-1	-1	-1	0
4068	3909	3905	42	-1	-1	-1	2.7562836541080564
4015	3855	4014	27	-1	-1	-1	0
3856	4015	4016	27	-1	-1	-1	0
3908	3909	4071	42	-1	-1	-1	2.7562836541080564
3914	3915	4061	25	-1	-1	-1	0
4022	3934	3935	0	-1	-1	-1	0
3858	4018	4017	27	-1	-1	-1	0
4018	3858	4019	27	-1	-1	-1	0
4016	4020	3859	27	-1	-1	-1	0
3911	4074	3913	25	-1	-1	-1	0
4020	4019	3859	27	-1	-1	-1	0
3911	3912	4075	35	-1	-1	-1	2.7562836541080573
4014	3865	4021	27	-1	-1	-1	0
3913	4078	3915	25	-1	-1	-1	0
3908	4072	3933	42	-1	-1	-1	2.7562836541080564
4081	3917	3916	28	-1	-1	-1	0
3870	4022	4024	0	-1	-1	-1	0
4023	3870	4024	0	-1	-1	-1	0
4025	3871	4023	5	-1	-1	-1	0
3919	4082	3920	35	-1	-1	-1	2.7562836541080573
3871	4025	4026	5	-1	-1	-1	0
4026	4027	3872	5	-1	-1	-1	0
4084	3921	3920	28	-1	-1	-1	0
3919	3923	4083	35	-1	-1	-1	2.7562836541080573
3921	4085	3922	28	-1	-1	-1	0
4029	3873	4027	0	-1	-1	-1	0
3873	4030	4028	0	-1	-1	-1	0
3873	4029	4030	0	-1	-1	-1	0
4087	3923	3926	35	-1	-1	-1	2.7562836541080573
4072	3932	3933	34	-1	-1	-1	0
4032	3875	4031	0	-1	-1	-1	0
4028	4034	3876	0	-1	-1	-1	0
4088	3928	3924	28	-1	-1	-1	0
3875	4032	4033	20	-1	-1	-1	3.2953801091649431
3924	3931	4088	28	-1	-1	-1	0
4035	4031	3877	0	-1	-1	-1	0
3926	3929	4089	35	-1	-1	-1	2.7562836541080573
3928	4090	3927	28	-1	-1	-1	0
4034	4035	3877	0	-1	-1	-1	0
4091	3929	3927	35	-1	-1	-1	2.7562836541080573
3992	3978	3979	36	-1	-1	-1	-2.7562836541080569
3917	4014	4021	27	-1	-1	-1	0
3880	4037	4036	0	-1	-1	-1	0
3987	3984	3982	28	-1	-1	-1	0
4093	3931	3930	34	-1	-1	-1	0
3932	4093	3930	34	-1	-1	-1	0
3881	4038	4037	0	-1	-1	-1	0
4036	4040	3882	25	-1	-1	-1	0
4039	3882	4040	25	-1	-1	-1	0
4020	3971	3970	27	-1	-1	-1	0
3883	4039	4042	25	-1	-1	-1	0
4041	3883	4042	25	-1	-1	-1	0
3975	4018	3974	27	-1	-1	-1	0
4041	4044	3885	25	-1	-1	-1	0
3936	4097	3935	7	-1	-1	-1	0
4048	3889	4033	20	-1	-1	-1	3.2953801091649431
3887	4047	4038	20	-1	-1	-1	3.2953801091649431
3885	4044	4043	25	-1	-1	-1	0
3936	3937	4099	7	-1	-1	-1	0
4043	4045	3886	0	-1	-1	-1	0
3916	3977	4081	28	-1	-1	-1	0
3938	4100	3939	0	-1	-1	-1	0
4099	3937	3941	7	-1	-1	-1	0
4047	3887	4046	20	-1	-1	-1	3.2953801091649431
3940	3939	4102	0	-1	-1	-1	0
3944	4100	3938	13	-1	-1	-1	-3.2953801091649084
4048	4046	3889	20	-1	-1	-1	3.2953801091649431
3940	4103	3943	0	-1	-1	-1	0
4049	3892	4045	25	-1	-1	-1	0
3942	4105	3941	0	-1	-1	-1	0
4106	3942	3943	0	-1	-1	-1	0
4049	4050	3893	25	-1	-1	-1	0
4000	3997	3996	36	-1	-1	-1	-2.7562836541080569
4050	4051	3894	25	-1	-1	-1	0
3988	3922	4085	28	-1	-1	-1	0
4053	4052	3895	25	-1	-1	-1	0
3896	4051	4054	25	-1	-1	-1	0
4108	3944	3950	13	-1	-1	-1	-3.2953801091649084
4055	4053	3896	25	-1	-1	-1	0
3947	3948	4109	25	-1	-1	-1	0
4052	4056	3897	25	-1	-1	-1	0
3896	4054	4055	25	-1	-1	-1	0
3948	3949	4110	28	-1	-1	-1	0
3975	4017	4018	27	-1	-1	-1	0
4109	3955	3947	25	-1	-1	-1	0
4081	4014	3917	27	-1	-1	-1	0
4058	3899	4057	25	-1	-1	-1	0
3950	3956	4108	13	-1	-1	-1	-3.2953801091649084
3952	4113	3951	0	-1	-1	-1	0
4057	3900	4059	25	-1	-1	-1	0
3953	4114	3952	0	-1	-1	-1	0
3958	4112	3949	28	-1	-1	-1	0
3951	4113	3956	13	-1	-1	-1	-3.2953801091649084
4115	3953	3954	25	-1	-1	-1	0
3901	4061	4060	25	-1	-1	-1	0
3902	4062	4059	25	-1	-1	-1	0
3955	4116	3954	25	-1	-1	-1	0
3902	4060	4063	25	-1	-1	-1	0
4064	3903	4058	42	-1	-1	-1	2.7562836541080564
4063	4062	3902	25	-1	-1	-1	0
3958	3959	4112	25	-1	-1	-1	0
4066	3904	4065	42	-1	-1	-1	2.7562836541080564
4119	3960	3957	25	-1	-1	-1	0
3962	4119	3957	25	-1	-1	-1	0
4067	3905	4066	42	-1	-1	-1	2.7562836541080564
3960	4120	3959	25	-1	-1	-1	0
3906	4064	4070	42	-1	-1	-1	2.7562836541080564
4069	4065	3906	42	-1	-1	-1	2.7562836541080564
3905	4067	4068	42	-1	-1	-1	2.7562836541080564
4056	4077	3912	35	-1	-1	-1	2.7562836541080573
4069	3906	4070	42	-1	-1	-1	2.7562836541080564
4123	3962	3961	25	-1	-1	-1	0
3909	4068	4073	42	-1	-1	-1	2.7562836541080564
4071	4072	3908	42	-1	-1	-1	2.7562836541080564
4073	4071	3909	42	-1	-1	-1	2.7562836541080564
3965	3964	4125	36	-1	-1	-1	-2.7562836541080569
3935	4098	4022	0	-1	-1	-1	0
4080	4061	3915	25	-1	-1	-1	0
3965	4125	3967	36	-1	-1	-1	-2.7562836541080569
3966	3967	4126	36	-1	-1	-1	-2.7562836541080569
3911	4076	4074	35	-1	-1	-1	2.7562836541080573
4075	4076	3911	35	-1	-1	-1	2.7562836541080573
4077	4075	3912	35	-1	-1	-1	2.7562836541080573
3968	4129	3969	27	-1	-1	-1	0
4079	3913	4074	25	-1	-1	-1	0
3970	3969	4130	27	-1	-1	-1	0
4078	3913	4079	25	-1	-1	-1	0
4129	3968	3974	27	-1	-1	-1	0
4078	4080	3915	25	-1	-1	-1	0
3971	4131	3973	27	-1	-1	-1	0
3973	4132	3972	28	-1	-1	-1	0
3972	4132	3976	28	-1	-1	-1	0
3992	4125	3964	36	-1	-1	-1	-2.7562836541080569
4083	4082	3919	35	-1	-1	-1	2.7562836541080573
4084	3920	4082	35	-1	-1	-1	2.7562836541080573
3976	4133	3977	28	-1	-1	-1	0
3921	4084	4085	28	-1	-1	-1	0
4083	3923	4086	35	-1	-1	-1	2.7562836541080573
3966	4127	4000	36	-1	-1	-1	-2.7562836541080569
3980	4134	3979	36	-1	-1	-1	-2.7562836541080569
3979	4122	3992	36	-1	-1	-1	-2.7562836541080569
4086	3923	4087	35	-1	-1	-1	2.7562836541080573
4012	4123	3961	25	-1	-1	-1	0
3981	4136	3980	28	-1	-1	-1	0
4136	3981	3983	28	-1	-1	-1	0
4096	3932	4072	34	-1	-1	-1	0
3926	4089	4087	35	-1	-1	-1	2.7562836541080573
4138	3983	3984	28	-1	-1	-1	0
4088	4092	3928	28	-1	-1	-1	0
4090	4091	3927	35	-1	-1	-1	2.7562836541080573
3929	4091	4089	35	-1	-1	-1	2.7562836541080573
3984	3987	4139	28	-1	-1	-1	0
4090	3928	4092	28	-1	-1	-1	0
3985	4141	3986	28	-1	-1	-1	0
3931	4094	4088	28	-1	-1	-1	0
4048	4033	4032	20	-1	-1	-1	3.2953801091649431
4143	3987	3986	28	-1	-1	-1	0
3985	3990	4142	28	-1	-1	-1	0
4095	3931	4093	34	-1	-1	-1	0
4016	3973	4131	27	-1	-1	-1	0
3931	4095	4094	28	-1	-1	-1	0
4020	3970	4130	27	-1	-1	-1	0
4132	3973	4016	27	-1	-1	-1	0
4096	4093	3932	34	-1	-1	-1	0
4018	4129	3974	27	-1	-1	-1	0
4131	3971	4020	27	-1	-1	-1	0
4147	3989	3988	28	-1	-1	-1	0
3989	4148	3991	28	-1	-1	-1	0
3935	4097	4098	0	-1	-1	-1	0
3990	3991	4150	28	-1	-1	-1	0
4097	3936	4099	7	-1	-1	-1	0
3939	4100	4101	0	-1	-1	-1	0
4101	4102	3939	0	-1	-1	-1	0
3994	4156	3993	28	-1	-1	-1	0
4022	4098	4024	0	-1	-1	-1	0
3941	4104	4099	7	-1	-1	-1	0
3940	4102	4103	0	-1	-1	-1	0
3993	4155	3998	30	-1	-1	-1	0
3995	4157	3994	28	-1	-1	-1	0
3997	4157	3995	28	-1	-1	-1	0
3941	4105	4104	7	-1	-1	-1	0
4100	3944	4108	13	-1	-1	-1	-3.2953801091649084
4106	4105	3942	0	-1	-1	-1	0
3943	4103	4107	0	-1	-1	-1	0
4106	3943	4107	0	-1	-1	-1	0
3997	4000	4159	36	-1	-1	-1	-2.7562836541080569
3998	4160	3999	30	-1	-1	-1	0
4160	4001	3999	30	-1	-1	-1	0
4019	4129	4018	27	-1	-1	-1	0
4020	4016	4131	27	-1	-1	-1	0
3948	4111	4109	28	-1	-1	-1	0
4002	4003	4163	37	-1	-1	-1	-2.7562836541080591
4111	3948	4110	28	-1	-1	-1	0
4020	4130	4019	27	-1	-1	-1	0
4006	4001	4162	37	-1	-1	-1	-2.7562836541080591
4004	4002	4164	37	-1	-1	-1	-2.7562836541080591
3949	4112	4110	28	-1	-1	-1	0
4006	4165	4003	37	-1	-1	-1	-2.7562836541080591
4166	4005	4004	37	-1	-1	-1	-2.7562836541080591
3952	4114	4113	0	-1	-1	-1	0
4116	3955	4109	25	-1	-1	-1	0
4008	4005	4167	37	-1	-1	-1	-2.7562836541080591
4114	3953	4115	25	-1	-1	-1	0
3956	4118	4108	13	-1	-1	-1	-3.2953801091649084
4168	4007	4010	25	-1	-1	-1	0
4116	4115	3954	25	-1	-1	-1	0
4113	4117	3956	13	-1	-1	-1	-3.2953801091649084
4008	4170	4009	25	-1	-1	-1	0
4007	4169	4013	25	-1	-1	-1	0
4170	4010	4009	25	-1	-1	-1	0
3959	4120	4112	25	-1	-1	-1	0
3956	4117	4118	13	-1	-1	-1	-3.2953801091649084
3977	4133	4081	28	-1	-1	-1	0
4011	4172	4012	25	-1	-1	-1	0
4172	4011	4013	25	-1	-1	-1	0
3960	4121	4120	36	-1	-1	-1	-2.7562836541080569
3960	4119	4122	36	-1	-1	-1	-2.7562836541080569
3960	4122	4121	36	-1	-1	-1	-2.7562836541080569
4119	3962	4124	25	-1	-1	-1	0
4014	4177	4015	27	-1	-1	-1	0
4015	4178	4016	27	-1	-1	-1	0
4123	4124	3962	25	-1	-1	-1	0
4146	3988	4085	28	-1	-1	-1	0
4126	4127	3966	36	-1	-1	-1	-2.7562836541080569
4125	4128	3967	36	-1	-1	-1	-2.7562836541080569
4128	4126	3967	36	-1	-1	-1	-2.7562836541080569
4023	4024	4180	0	-1	-1	-1	0
4023	4179	4025	5	-1	-1	-1	0
4130	3969	4129	27	-1	-1	-1	0
4182	4026	4025	5	-1	-1	-1	0
4134	4122	3979	36	-1	-1	-1	-2.7562836541080569
4183	4027	4026	5	-1	-1	-1	0
4183	4029	4027	5	-1	-1	-1	0
4133	3976	4132	28	-1	-1	-1	0
4184	4028	4030	0	-1	-1	-1	0
4030	4029	4185	0	-1	-1	-1	0
4034	4028	4184	0	-1	-1	-1	0
4134	3980	4135	36	-1	-1	-1	-2.7562836541080569
4031	4188	4032	0	-1	-1	-1	0
4135	3980	4136	36	-1	-1	-1	-2.7562836541080569
4188	4031	4035	0	-1	-1	-1	0
4136	3983	4137	28	-1	-1	-1	0
4137	3983	4138	28	-1	-1	-1	0
4034	4191	4035	0	-1	-1	-1	0
3984	4140	4138	28	-1	-1	-1	0
3984	4139	4140	28	-1	-1	-1	0
4192	4036	4037	0	-1	-1	-1	0
4193	4037	4038	0	-1	-1	-1	0
4122	4154	3992	36	-1	-1	-1	-2.7562836541080569
4142	4141	3985	28	-1	-1	-1	0
4192	4040	4036	25	-1	-1	-1	0
4032	4189	4048	20	-1	-1	-1	3.2953801091649431
4145	4139	3987	28	-1	-1	-1	0
3992	4154	4125	36	-1	-1	-1	-2.7562836541080569
3986	4141	4144	28	-1	-1	-1	0
4014	4081	4177	27	-1	-1	-1	0
3986	4144	4143	28	-1	-1	-1	0
4040	4195	4039	28	-1	-1	-1	0
4092	4088	4094	28	-1	-1	-1	0
4194	4042	4039	28	-1	-1	-1	0
3987	4143	4145	28	-1	-1	-1	0
4193	4038	4047	20	-1	-1	-1	3.2953801091649431
4129	4019	4130	27	-1	-1	-1	0
3988	4146	4147	28	-1	-1	-1	0
4042	4198	4041	25	-1	-1	-1	0
4041	4198	4044	25	-1	-1	-1	0
4151	4142	3990	28	-1	-1	-1	0
4093	4096	4095	34	-1	-1	-1	0
3989	4147	4149	28	-1	-1	-1	0
4149	4148	3989	28	-1	-1	-1	0
4127	4159	4000	36	-1	-1	-1	-2.7562836541080569
4043	4044	4200	25	-1	-1	-1	0
4200	4045	4043	25	-1	-1	-1	0
4150	4151	3990	28	-1	-1	-1	0
4153	3991	4148	28	-1	-1	-1	0
4198	4051	4044	25	-1	-1	-1	0
4152	4150	3991	28	-1	-1	-1	0
4049	4045	4200	25	-1	-1	-1	0
4047	4046	4202	20	-1	-1	-1	3.2953801091649431
4152	3991	4153	28	-1	-1	-1	0
4048	4202	4046	20	-1	-1	-1	3.2953801091649431
4044	4051	4201	25	-1	-1	-1	0
4050	4049	4201	25	-1	-1	-1	0
4051	4050	4201	25	-1	-1	-1	0
4198	4054	4051	28	-1	-1	-1	0
4181	4024	4098	0	-1	-1	-1	0
4155	3993	4156	28	-1	-1	-1	0
4156	3994	4157	28	-1	-1	-1	0
4173	4123	4012	25	-1	-1	-1	0
4054	4199	4055	25	-1	-1	-1	0
4053	4205	4052	35	-1	-1	-1	2.7562836541080573
4056	4052	4204	35	-1	-1	-1	2.7562836541080573
4157	3997	4158	28	-1	-1	-1	0
3998	4155	4160	30	-1	-1	-1	0
4159	4158	3997	36	-1	-1	-1	-2.7562836541080569
4055	4206	4053	35	-1	-1	-1	2.7562836541080573
4001	4160	4161	30	-1	-1	-1	0
4058	4057	4208	25	-1	-1	-1	0
4057	4059	4208	25	-1	-1	-1	0
4162	4001	4161	37	-1	-1	-1	-2.7562836541080591
4132	4016	4178	27	-1	-1	-1	0
4002	4163	4164	37	-1	-1	-1	-2.7562836541080591
4059	4062	4210	25	-1	-1	-1	0
4163	4003	4165	37	-1	-1	-1	-2.7562836541080591
4209	4064	4058	42	-1	-1	-1	2.7562836541080564
4060	4061	4211	25	-1	-1	-1	0
4162	4165	4006	37	-1	-1	-1	-2.7562836541080591
4166	4004	4164	37	-1	-1	-1	-2.7562836541080591
4211	4063	4060	25	-1	-1	-1	0
4062	4063	4213	25	-1	-1	-1	0
4056	4204	4077	35	-1	-1	-1	2.7562836541080573
4167	4005	4166	37	-1	-1	-1	-2.7562836541080591
4168	4169	4007	25	-1	-1	-1	0
4167	4170	4008	25	-1	-1	-1	0
4065	4216	4066	42	-1	-1	-1	2.7562836541080564
4215	4070	4064	42	-1	-1	-1	2.7562836541080564
4067	4066	4216	42	-1	-1	-1	2.7562836541080564
4168	4010	4171	25	-1	-1	-1	0
4216	4065	4069	42	-1	-1	-1	2.7562836541080564
4010	4170	4171	25	-1	-1	-1	0
4061	4080	4211	25	-1	-1	-1	0
4217	4068	4067	42	-1	-1	-1	2.7562836541080564
4013	4169	4175	25	-1	-1	-1	0
4174	4012	4172	25	-1	-1	-1	0
4073	4068	4218	42	-1	-1	-1	2.7562836541080564
4173	4012	4174	25	-1	-1	-1	0
4220	4069	4070	42	-1	-1	-1	2.7562836541080564
4013	4176	4172	25	-1	-1	-1	0
4013	4175	4176	25	-1	-1	-1	0
4072	4071	4224	42	-1	-1	-1	2.7562836541080564
4073	4224	4071	42	-1	-1	-1	2.7562836541080564
4178	4015	4177	27	-1	-1	-1	0
4076	4225	4074	35	-1	-1	-1	2.7562836541080573
4076	4075	4226	35	-1	-1	-1	2.7562836541080573
4122	4134	4121	36	-1	-1	-1	-2.7562836541080569
4225	4079	4074	35	-1	-1	-1	2.7562836541080573
4075	4077	4226	35	-1	-1	-1	2.7562836541080573
4180	4179	4023	0	-1	-1	-1	0
4024	4181	4180	0	-1	-1	-1	0
4025	4179	4182	5	-1	-1	-1	0
4079	4231	4078	25	-1	-1	-1	0
4230	4080	4078	25	-1	-1	-1	0
4135	4121	4134	36	-1	-1	-1	-2.7562836541080569
4133	4177	4081	27	-1	-1	-1	0
4026	4182	4183	5	-1	-1	-1	0
4224	4096	4072	34	-1	-1	-1	0
4154	4122	4119	36	-1	-1	-1	-2.7562836541080569
4119	4124	4154	36	-1	-1	-1	-2.7562836541080569
4029	4183	4186	5	-1	-1	-1	0
4083	4086	4229	35	-1	-1	-1	2.7562836541080573
4234	4084	4082	35	-1	-1	-1	2.7562836541080573
4082	4083	4235	35	-1	-1	-1	2.7562836541080573
4186	4185	4029	5	-1	-1	-1	0
4187	4184	4030	0	-1	-1	-1	0
4187	4030	4185	0	-1	-1	-1	0
4236	4085	4084	28	-1	-1	-1	0
4184	4190	4034	0	-1	-1	-1	0
4032	4188	4189	0	-1	-1	-1	0
4086	4087	4238	35	-1	-1	-1	2.7562836541080573
4188	4035	4191	0	-1	-1	-1	0
4087	4089	4239	35	-1	-1	-1	2.7562836541080573
4190	4191	4034	0	-1	-1	-1	0
4173	4124	4123	25	-1	-1	-1	0
4089	4091	4240	35	-1	-1	-1	2.7562836541080573
4241	4091	4090	35	-1	-1	-1	2.7562836541080573
4192	4037	4193	0	-1	-1	-1	0
4090	4092	4242	28	-1	-1	-1	0
4039	4195	4194	28	-1	-1	-1	0
4040	4192	4197	25	-1	-1	-1	0
4094	4244	4092	28	-1	-1	-1	0
4196	4195	4040	28	-1	-1	-1	0
4040	4197	4196	28	-1	-1	-1	0
4244	4094	4095	28	-1	-1	-1	0
4042	4194	4199	28	-1	-1	-1	0
4246	4095	4096	34	-1	-1	-1	0
4042	4199	4198	28	-1	-1	-1	0
4202	4048	4189	20	-1	-1	-1	3.2953801091649431
4132	4178	4133	27	-1	-1	-1	0
4047	4203	4193	20	-1	-1	-1	3.2953801091649431
4097	4249	4098	0	-1	-1	-1	0
4044	4201	4200	25	-1	-1	-1	0
4097	4099	4250	7	-1	-1	-1	0
4049	4200	4201	25	-1	-1	-1	0
4198	4199	4054	28	-1	-1	-1	0
4202	4203	4047	20	-1	-1	-1	3.2953801091649431
4100	4252	4101	0	-1	-1	-1	0
4102	4254	4103	0	-1	-1	-1	0
4104	4251	4099	7	-1	-1	-1	0
4252	4100	4108	13	-1	-1	-1	-3.2953801091649084
4253	4102	4101	0	-1	-1	-1	0
4205	4204	4052	35	-1	-1	-1	2.7562836541080573
4055	4199	4207	35	-1	-1	-1	2.7562836541080573
4205	4053	4206	35	-1	-1	-1	2.7562836541080573
4103	4256	4107	0	-1	-1	-1	0
4105	4258	4104	7	-1	-1	-1	0
4236	4146	4085	28	-1	-1	-1	0
4206	4055	4207	35	-1	-1	-1	2.7562836541080573
4106	4260	4105	0	-1	-1	-1	0
4107	4261	4106	0	-1	-1	-1	0
4208	4209	4058	25	-1	-1	-1	0
4210	4208	4059	25	-1	-1	-1	0
4118	4252	4108	13	-1	-1	-1	-3.2953801091649084
4111	4263	4109	28	-1	-1	-1	0
4210	4062	4212	25	-1	-1	-1	0
4111	4110	4264	28	-1	-1	-1	0
4110	4112	4264	28	-1	-1	-1	0
4062	4213	4212	25	-1	-1	-1	0
4215	4064	4209	42	-1	-1	-1	2.7562836541080564
4116	4109	4263	28	-1	-1	-1	0
4211	4214	4063	25	-1	-1	-1	0
4133	4178	4177	27	-1	-1	-1	0
4214	4213	4063	25	-1	-1	-1	0
4266	4113	4114	0	-1	-1	-1	0
4267	4114	4115	25	-1	-1	-1	0
4120	4264	4112	25	-1	-1	-1	0
4113	4266	4117	25	-1	-1	-1	0
4268	4115	4116	25	-1	-1	-1	0
4217	4067	4216	42	-1	-1	-1	2.7562836541080564
4219	4068	4217	42	-1	-1	-1	2.7562836541080564
4218	4068	4219	42	-1	-1	-1	2.7562836541080564
4118	4117	4271	13	-1	-1	-1	-3.2953801091649084
4221	4216	4069	42	-1	-1	-1	2.7562836541080564
4121	4265	4120	36	-1	-1	-1	-2.7562836541080569
4167	4171	4170	25	-1	-1	-1	0
4223	4070	4215	42	-1	-1	-1	2.7562836541080564
4220	4221	4069	42	-1	-1	-1	2.7562836541080564
4077	4204	4229	35	-1	-1	-1	2.7562836541080573
4220	4070	4222	42	-1	-1	-1	2.7562836541080564
4073	4218	4224	42	-1	-1	-1	2.7562836541080564
4070	4223	4222	42	-1	-1	-1	2.7562836541080564
4172	4176	4174	25	-1	-1	-1	0
4080	4233	4211	25	-1	-1	-1	0
4128	4125	4274	36	-1	-1	-1	-2.7562836541080569
4225	4076	4227	35	-1	-1	-1	2.7562836541080573
4127	4126	4275	36	-1	-1	-1	-2.7562836541080569
4181	4098	4249	0	-1	-1	-1	0
4273	4121	4135	36	-1	-1	-1	-2.7562836541080569
4226	4227	4076	35	-1	-1	-1	2.7562836541080573
4126	4128	4276	36	-1	-1	-1	-2.7562836541080569
4077	4228	4226	35	-1	-1	-1	2.7562836541080573
4228	4077	4229	35	-1	-1	-1	2.7562836541080573
4225	4232	4079	35	-1	-1	-1	2.7562836541080573
4230	4078	4231	25	-1	-1	-1	0
4079	4232	4231	35	-1	-1	-1	2.7562836541080573
4080	4230	4233	25	-1	-1	-1	0
4086	4228	4229	35	-1	-1	-1	2.7562836541080573
4229	4235	4083	35	-1	-1	-1	2.7562836541080573
4136	4279	4135	36	-1	-1	-1	-2.7562836541080569
4234	4082	4235	35	-1	-1	-1	2.7562836541080573
4238	4228	4086	35	-1	-1	-1	2.7562836541080573
4274	4154	4124	36	-1	-1	-1	-2.7562836541080569
4137	4279	4136	36	-1	-1	-1	-2.7562836541080569
4274	4125	4154	36	-1	-1	-1	-2.7562836541080569
4084	4234	4237	35	-1	-1	-1	2.7562836541080573
4280	4137	4138	28	-1	-1	-1	0
4236	4084	4237	35	-1	-1	-1	2.7562836541080573
4140	4282	4138	28	-1	-1	-1	0
4139	4283	4140	28	-1	-1	-1	0
4239	4238	4087	35	-1	-1	-1	2.7562836541080573
4278	4159	4127	36	-1	-1	-1	-2.7562836541080569
4139	4145	4283	28	-1	-1	-1	0
4096	4224	4248	34	-1	-1	-1	0
4239	4089	4240	35	-1	-1	-1	2.7562836541080573
4142	4287	4141	28	-1	-1	-1	0
4173	4274	4124	36	-1	-1	-1	-2.7562836541080569
4144	4141	4287	28	-1	-1	-1	0
4090	4242	4241	35	-1	-1	-1	2.7562836541080573
4091	4243	4240	35	-1	-1	-1	2.7562836541080573
4091	4241	4243	35	-1	-1	-1	2.7562836541080573
4290	4143	4144	28	-1	-1	-1	0
4242	4092	4244	28	-1	-1	-1	0
4291	4145	4143	28	-1	-1	-1	0
4288	4142	4151	28	-1	-1	-1	0
4095	4247	4244	28	-1	-1	-1	0
4095	4246	4245	34	-1	-1	-1	0
4247	4095	4245	28	-1	-1	-1	0
4192	4193	4203	25	-1	-1	-1	0
4295	4147	4146	28	-1	-1	-1	0
4096	4248	4246	34	-1	-1	-1	0
4147	4297	4149	28	-1	-1	-1	0
4149	4298	4148	28	-1	-1	-1	0
4250	4249	4097	0	-1	-1	-1	0
4207	4194	4195	28	-1	-1	-1	0
4153	4148	4298	28	-1	-1	-1	0
4250	4099	4251	7	-1	-1	-1	0
4199	4194	4207	28	-1	-1	-1	0
4151	4150	4300	28	-1	-1	-1	0
4150	4152	4301	28	-1	-1	-1	0
4101	4252	4253	0	-1	-1	-1	0
4152	4153	4304	28	-1	-1	-1	0
4255	4102	4253	0	-1	-1	-1	0
4254	4102	4255	0	-1	-1	-1	0
4258	4251	4104	7	-1	-1	-1	0
4254	4257	4103	0	-1	-1	-1	0
4103	4257	4256	0	-1	-1	-1	0
4156	4307	4155	28	-1	-1	-1	0
4308	4156	4157	28	-1	-1	-1	0
4155	4306	4160	30	-1	-1	-1	0
4105	4259	4258	7	-1	-1	-1	0
4308	4157	4158	28	-1	-1	-1	0
4173	4174	4276	36	-1	-1	-1	-2.7562836541080569
4105	4260	4259	7	-1	-1	-1	0
4176	4275	4174	36	-1	-1	-1	-2.7562836541080569
4256	4262	4107	0	-1	-1	-1	0
4159	4309	4158	36	-1	-1	-1	-2.7562836541080569
4260	4106	4261	0	-1	-1	-1	0
4107	4262	4261	0	-1	-1	-1	0
4277	4176	4175	36	-1	-1	-1	-2.7562836541080569
4313	4161	4160	30	-1	-1	-1	0
4314	4162	4161	37	-1	-1	-1	-2.7562836541080591
4263	4111	4265	28	-1	-1	-1	0
4111	4264	4265	28	-1	-1	-1	0
4272	4252	4118	13	-1	-1	-1	-3.2953801091649084
4315	4165	4162	37	-1	-1	-1	-2.7562836541080591
4317	4164	4163	37	-1	-1	-1	-2.7562836541080591
4235	4204	4205	35	-1	-1	-1	2.7562836541080573
4163	4165	4317	37	-1	-1	-1	-2.7562836541080591
4266	4114	4267	25	-1	-1	-1	0
4116	4263	4269	28	-1	-1	-1	0
4237	4205	4206	35	-1	-1	-1	2.7562836541080573
4164	4319	4166	37	-1	-1	-1	-2.7562836541080591
4265	4264	4120	36	-1	-1	-1	-2.7562836541080569
4268	4267	4115	25	-1	-1	-1	0
4117	4266	4270	25	-1	-1	-1	0
4268	4116	4269	28	-1	-1	-1	0
4221	4217	4216	42	-1	-1	-1	2.7562836541080564
4166	4321	4167	37	-1	-1	-1	-2.7562836541080591
4117	4270	4271	25	-1	-1	-1	0
4214	4211	4233	25	-1	-1	-1	0
4265	4121	4273	36	-1	-1	-1	-2.7562836541080569
4171	4167	4321	25	-1	-1	-1	0
4168	4323	4169	25	-1	-1	-1	0
4271	4272	4118	13	-1	-1	-1	-3.2953801091649084
4171	4322	4168	25	-1	-1	-1	0
4169	4324	4175	25	-1	-1	-1	0
4235	4229	4204	35	-1	-1	-1	2.7562836541080573
4235	4205	4234	35	-1	-1	-1	2.7562836541080573
4237	4234	4205	35	-1	-1	-1	2.7562836541080573
4126	4276	4275	36	-1	-1	-1	-2.7562836541080569
4236	4295	4146	28	-1	-1	-1	0
4274	4276	4128	36	-1	-1	-1	-2.7562836541080569
4275	4277	4127	36	-1	-1	-1	-2.7562836541080569
4277	4278	4127	36	-1	-1	-1	-2.7562836541080569
4179	4180	4327	0	-1	-1	-1	0
4179	4326	4182	5	-1	-1	-1	0
4135	4279	4273	36	-1	-1	-1	-2.7562836541080569
4328	4180	4181	0	-1	-1	-1	0
4228	4238	4226	35	-1	-1	-1	2.7562836541080573
4330	4183	4182	5	-1	-1	-1	0
4279	4137	4281	28	-1	-1	-1	0
4280	4281	4137	28	-1	-1	-1	0
4330	4186	4183	5	-1	-1	-1	0
4282	4280	4138	28	-1	-1	-1	0
4332	4184	4187	0	-1	-1	-1	0
4190	4184	4331	0	-1	-1	-1	0
4185	4186	4334	5	-1	-1	-1	0
4284	4140	4283	28	-1	-1	-1	0
4335	4187	4185	0	-1	-1	-1	0
4140	4286	4282	28	-1	-1	-1	0
4140	4284	4285	28	-1	-1	-1	0
4140	4285	4286	28	-1	-1	-1	0
4338	4189	4188	0	-1	-1	-1	0
4337	4188	4191	0	-1	-1	-1	0
4287	4142	4289	28	-1	-1	-1	0
4142	4288	4289	28	-1	-1	-1	0
4191	4190	4341	0	-1	-1	-1	0
4294	4283	4145	28	-1	-1	-1	0
4274	4173	4276	36	-1	-1	-1	-2.7562836541080569
4143	4290	4291	28	-1	-1	-1	0
4293	4144	4287	28	-1	-1	-1	0
4174	4275	4276	36	-1	-1	-1	-2.7562836541080569
4292	4290	4144	28	-1	-1	-1	0
4275	4176	4277	36	-1	-1	-1	-2.7562836541080569
4292	4144	4293	28	-1	-1	-1	0
4145	4291	4294	28	-1	-1	-1	0
4175	4278	4277	36	-1	-1	-1	-2.7562836541080569
4339	4202	4189	20	-1	-1	-1	3.2953801091649431
4192	4344	4197	25	-1	-1	-1	0
4195	4196	4345	28	-1	-1	-1	0
4147	4295	4296	28	-1	-1	-1	0
4203	4344	4192	25	-1	-1	-1	0
4147	4296	4297	28	-1	-1	-1	0
4197	4347	4196	28	-1	-1	-1	0
4151	4302	4288	28	-1	-1	-1	0
4299	4149	4297	28	-1	-1	-1	0
4149	4299	4298	28	-1	-1	-1	0
4159	4278	4311	36	-1	-1	-1	-2.7562836541080569
4207	4195	4346	28	-1	-1	-1	0
4301	4300	4150	28	-1	-1	-1	0
4151	4300	4303	28	-1	-1	-1	0
4302	4151	4303	28	-1	-1	-1	0
4298	4305	4153	28	-1	-1	-1	0
4351	4203	4202	20	-1	-1	-1	3.2953801091649431
4152	4304	4301	28	-1	-1	-1	0
4207	4346	4206	35	-1	-1	-1	2.7562836541080573
4181	4249	4329	0	-1	-1	-1	0
4305	4304	4153	28	-1	-1	-1	0
4306	4155	4307	28	-1	-1	-1	0
4353	4209	4208	25	-1	-1	-1	0
4308	4307	4156	28	-1	-1	-1	0
4353	4208	4210	25	-1	-1	-1	0
4310	4308	4158	28	-1	-1	-1	0
4324	4278	4175	36	-1	-1	-1	-2.7562836541080569
4158	4309	4310	36	-1	-1	-1	-2.7562836541080569
4252	4272	4253	0	-1	-1	-1	0
4312	4160	4306	30	-1	-1	-1	0
4356	4210	4212	25	-1	-1	-1	0
4209	4354	4215	42	-1	-1	-1	2.7562836541080564
4311	4309	4159	36	-1	-1	-1	-2.7562836541080569
4212	4213	4358	25	-1	-1	-1	0
4312	4313	4160	30	-1	-1	-1	0
4213	4214	4359	25	-1	-1	-1	0
4313	4314	4161	30	-1	-1	-1	0
4354	4223	4215	42	-1	-1	-1	2.7562836541080564
4314	4316	4162	37	-1	-1	-1	-2.7562836541080591
4315	4162	4316	37	-1	-1	-1	-2.7562836541080591
4352	4237	4206	35	-1	-1	-1	2.7562836541080573
4165	4315	4317	37	-1	-1	-1	-2.7562836541080591
4217	4362	4219	42	-1	-1	-1	2.7562836541080564
4318	4164	4317	37	-1	-1	-1	-2.7562836541080591
4221	4361	4217	42	-1	-1	-1	2.7562836541080564
4218	4219	4363	42	-1	-1	-1	2.7562836541080564
4164	4318	4319	37	-1	-1	-1	-2.7562836541080591
4320	4166	4319	37	-1	-1	-1	-2.7562836541080591
4363	4224	4218	42	-1	-1	-1	2.7562836541080564
4221	4220	4365	42	-1	-1	-1	2.7562836541080564
4166	4320	4321	37	-1	-1	-1	-2.7562836541080591
4214	4233	4360	25	-1	-1	-1	0
4220	4222	4366	42	-1	-1	-1	2.7562836541080564
4222	4223	4368	42	-1	-1	-1	2.7562836541080564
4322	4323	4168	25	-1	-1	-1	0
4323	4324	4169	25	-1	-1	-1	0
4325	4171	4321	25	-1	-1	-1	0
4325	4322	4171	25	-1	-1	-1	0
4227	4369	4225	35	-1	-1	-1	2.7562836541080573
4227	4226	4370	35	-1	-1	-1	2.7562836541080573
4369	4232	4225	35	-1	-1	-1	2.7562836541080573
4249	4250	4329	0	-1	-1	-1	0
4327	4326	4179	0	-1	-1	-1	0
4231	4372	4230	25	-1	-1	-1	0
4226	4238	4370	35	-1	-1	-1	2.7562836541080573
4233	4230	4371	25	-1	-1	-1	0
4328	4327	4180	0	-1	-1	-1	0
4248	4224	4363	34	-1	-1	-1	0
4373	4231	4232	35	-1	-1	-1	2.7562836541080573
4328	4181	4329	0	-1	-1	-1	0
4182	4326	4330	5	-1	-1	-1	0
4239	4370	4238	35	-1	-1	-1	2.7562836541080573
4237	4375	4236	35	-1	-1	-1	2.7562836541080573
4184	4333	4331	0	-1	-1	-1	0
4184	4332	4333	0	-1	-1	-1	0
4330	4336	4186	5	-1	-1	-1	0
4335	4332	4187	0	-1	-1	-1	0
4334	4335	4185	5	-1	-1	-1	0
4240	4376	4239	35	-1	-1	-1	2.7562836541080573
4334	4186	4336	5	-1	-1	-1	0
4190	4331	4340	0	-1	-1	-1	0
4240	4243	4378	35	-1	-1	-1	2.7562836541080573
4241	4242	4379	35	-1	-1	-1	2.7562836541080573
4379	4243	4241	35	-1	-1	-1	2.7562836541080573
4188	4337	4338	0	-1	-1	-1	0
4338	4339	4189	0	-1	-1	-1	0
4244	4381	4242	28	-1	-1	-1	0
4340	4341	4190	0	-1	-1	-1	0
4337	4191	4343	0	-1	-1	-1	0
4383	4244	4247	28	-1	-1	-1	0
4342	4191	4341	0	-1	-1	-1	0
4384	4245	4246	34	-1	-1	-1	0
4343	4191	4342	0	-1	-1	-1	0
4245	4384	4247	28	-1	-1	-1	0
4246	4248	4385	34	-1	-1	-1	0
4345	4346	4195	28	-1	-1	-1	0
4251	4387	4250	7	-1	-1	-1	0
4348	4345	4196	28	-1	-1	-1	0
4197	4344	4349	25	-1	-1	-1	0
4348	4196	4347	28	-1	-1	-1	0
4339	4351	4202	20	-1	-1	-1	3.2953801091649431
4197	4350	4347	28	-1	-1	-1	0
4350	4197	4349	25	-1	-1	-1	0
4388	4251	4258	7	-1	-1	-1	0
4255	4253	4389	0	-1	-1	-1	0
4351	4344	4203	25	-1	-1	-1	0
4254	4255	4390	0	-1	-1	-1	0
4257	4254	4390	0	-1	-1	-1	0
4206	4346	4352	35	-1	-1	-1	2.7562836541080573
4258	4259	4388	7	-1	-1	-1	0
4295	4236	4375	35	-1	-1	-1	2.7562836541080573
4256	4257	4393	0	-1	-1	-1	0
4256	4392	4262	0	-1	-1	-1	0
4272	4389	4253	0	-1	-1	-1	0
4396	4259	4260	7	-1	-1	-1	0
4354	4209	4353	25	-1	-1	-1	0
4355	4353	4210	25	-1	-1	-1	0
4260	4261	4397	0	-1	-1	-1	0
4262	4398	4261	0	-1	-1	-1	0
4356	4355	4210	25	-1	-1	-1	0
4357	4356	4212	25	-1	-1	-1	0
4307	4308	4310	28	-1	-1	-1	0
4265	4399	4263	28	-1	-1	-1	0
4358	4357	4212	25	-1	-1	-1	0
4213	4359	4358	25	-1	-1	-1	0
4269	4263	4399	28	-1	-1	-1	0
4389	4272	4271	0	-1	-1	-1	0
4400	4266	4267	25	-1	-1	-1	0
4360	4359	4214	25	-1	-1	-1	0
4268	4401	4267	25	-1	-1	-1	0
4270	4266	4400	25	-1	-1	-1	0
4399	4265	4273	28	-1	-1	-1	0
4268	4269	4402	28	-1	-1	-1	0
4217	4361	4362	42	-1	-1	-1	2.7562836541080564
4296	4348	4297	28	-1	-1	-1	0
4364	4219	4362	42	-1	-1	-1	2.7562836541080564
4368	4223	4354	42	-1	-1	-1	2.7562836541080564
4219	4364	4363	42	-1	-1	-1	2.7562836541080564
4270	4405	4271	0	-1	-1	-1	0
4221	4367	4361	42	-1	-1	-1	2.7562836541080564
4365	4220	4366	42	-1	-1	-1	2.7562836541080564
4367	4221	4365	42	-1	-1	-1	2.7562836541080564
4222	4368	4366	42	-1	-1	-1	2.7562836541080564
4403	4273	4279	28	-1	-1	-1	0
4284	4283	4394	28	-1	-1	-1	0
4281	4403	4279	28	-1	-1	-1	0
4284	4395	4285	28	-1	-1	-1	0
4371	4360	4233	25	-1	-1	-1	0
4352	4375	4237	35	-1	-1	-1	2.7562836541080573
4369	4227	4370	35	-1	-1	-1	2.7562836541080573
4321	4320	4325	25	-1	-1	-1	0
4329	4250	4387	0	-1	-1	-1	0
4280	4407	4281	28	-1	-1	-1	0
4282	4407	4280	28	-1	-1	-1	0
4372	4371	4230	25	-1	-1	-1	0
4369	4374	4232	35	-1	-1	-1	2.7562836541080573
4407	4282	4286	28	-1	-1	-1	0
4231	4373	4372	35	-1	-1	-1	2.7562836541080573
4373	4232	4374	35	-1	-1	-1	2.7562836541080573
4409	4286	4285	28	-1	-1	-1	0
4239	4376	4370	35	-1	-1	-1	2.7562836541080573
4408	4283	4294	28	-1	-1	-1	0
4413	4287	4289	28	-1	-1	-1	0
4414	4289	4288	28	-1	-1	-1	0
4412	4293	4287	28	-1	-1	-1	0
4377	4376	4240	35	-1	-1	-1	2.7562836541080573
4377	4240	4378	35	-1	-1	-1	2.7562836541080573
4278	4406	4311	36	-1	-1	-1	-2.7562836541080569
4385	4248	4363	34	-1	-1	-1	0
4417	4291	4290	28	-1	-1	-1	0
4416	4290	4292	28	-1	-1	-1	0
4379	4242	4380	35	-1	-1	-1	2.7562836541080573
4418	4294	4291	28	-1	-1	-1	0
4380	4242	4381	35	-1	-1	-1	2.7562836541080573
4378	4243	4382	35	-1	-1	-1	2.7562836541080573
4293	4419	4292	28	-1	-1	-1	0
4382	4243	4379	35	-1	-1	-1	2.7562836541080573
4302	4414	4288	28	-1	-1	-1	0
4381	4244	4383	28	-1	-1	-1	0
4278	4324	4406	36	-1	-1	-1	-2.7562836541080569
4421	4296	4295	35	-1	-1	-1	2.7562836541080573
4385	4384	4246	34	-1	-1	-1	0
4386	4383	4247	28	-1	-1	-1	0
4386	4247	4384	28	-1	-1	-1	0
4422	4299	4297	28	-1	-1	-1	0
4424	4298	4299	28	-1	-1	-1	0
4387	4251	4388	7	-1	-1	-1	0
4305	4298	4423	28	-1	-1	-1	0
4426	4300	4301	28	-1	-1	-1	0
4300	4426	4303	28	-1	-1	-1	0
4427	4301	4304	28	-1	-1	-1	0
4429	4302	4303	25	-1	-1	-1	0
4389	4391	4255	0	-1	-1	-1	0
4390	4255	4391	0	-1	-1	-1	0
4432	4304	4305	28	-1	-1	-1	0
4393	4392	4256	0	-1	-1	-1	0
4390	4395	4257	25	-1	-1	-1	0
4259	4396	4388	7	-1	-1	-1	0
4394	4393	4257	25	-1	-1	-1	0
4395	4394	4257	25	-1	-1	-1	0
4434	4306	4307	28	-1	-1	-1	0
4392	4398	4262	0	-1	-1	-1	0
4435	4312	4306	30	-1	-1	-1	0
4310	4436	4307	28	-1	-1	-1	0
4260	4397	4396	7	-1	-1	-1	0
4398	4397	4261	0	-1	-1	-1	0
4309	4438	4310	36	-1	-1	-1	-2.7562836541080569
4311	4439	4309	36	-1	-1	-1	-2.7562836541080569
4355	4354	4353	25	-1	-1	-1	0
4348	4296	4421	28	-1	-1	-1	0
4405	4389	4271	0	-1	-1	-1	0
4312	4442	4313	30	-1	-1	-1	0
4348	4422	4297	28	-1	-1	-1	0
4400	4267	4401	25	-1	-1	-1	0
4314	4313	4442	30	-1	-1	-1	0
4269	4399	4403	28	-1	-1	-1	0
4401	4268	4402	28	-1	-1	-1	0
4443	4316	4314	37	-1	-1	-1	-2.7562836541080591
4394	4395	4284	28	-1	-1	-1	0
4270	4400	4404	25	-1	-1	-1	0
4269	4403	4402	28	-1	-1	-1	0
4273	4403	4399	28	-1	-1	-1	0
4445	4315	4316	37	-1	-1	-1	-2.7562836541080591
4445	4317	4315	37	-1	-1	-1	-2.7562836541080591
4354	4355	4368	25	-1	-1	-1	0
4404	4405	4270	25	-1	-1	-1	0
4318	4317	4445	37	-1	-1	-1	-2.7562836541080591
4447	4319	4318	37	-1	-1	-1	-2.7562836541080591
4408	4394	4283	28	-1	-1	-1	0
4281	4402	4403	28	-1	-1	-1	0
4319	4448	4320	37	-1	-1	-1	-2.7562836541080591
4409	4285	4395	28	-1	-1	-1	0
4402	4281	4407	28	-1	-1	-1	0
4375	4421	4295	35	-1	-1	-1	2.7562836541080573
4448	4325	4320	25	-1	-1	-1	0
4449	4323	4322	25	-1	-1	-1	0
4450	4322	4325	25	-1	-1	-1	0
4451	4324	4323	25	-1	-1	-1	0
4286	4410	4407	28	-1	-1	-1	0
4409	4411	4286	28	-1	-1	-1	0
4326	4327	4454	0	-1	-1	-1	0
4286	4411	4410	28	-1	-1	-1	0
4330	4326	4453	5	-1	-1	-1	0
4327	4328	4455	0	-1	-1	-1	0
4346	4345	4421	28	-1	-1	-1	0
4363	4364	4385	34	-1	-1	-1	0
4412	4287	4413	28	-1	-1	-1	0
4328	4329	4456	0	-1	-1	-1	0
4345	4348	4421	28	-1	-1	-1	0
4370	4376	4369	35	-1	-1	-1	2.7562836541080573
4348	4347	4422	28	-1	-1	-1	0
4289	4415	4413	28	-1	-1	-1	0
4289	4414	4415	28	-1	-1	-1	0
4369	4376	4374	35	-1	-1	-1	2.7562836541080573
4352	4346	4421	35	-1	-1	-1	2.7562836541080573
4330	4453	4336	5	-1	-1	-1	0
4294	4418	4408	28	-1	-1	-1	0
4458	4331	4333	0	-1	-1	-1	0
4417	4290	4416	28	-1	-1	-1	0
4412	4420	4293	28	-1	-1	-1	0
4460	4333	4332	0	-1	-1	-1	0
4459	4332	4335	0	-1	-1	-1	0
4417	4418	4291	28	-1	-1	-1	0
4374	4376	4377	35	-1	-1	-1	2.7562836541080573
4419	4416	4292	28	-1	-1	-1	0
4458	4340	4331	0	-1	-1	-1	0
4293	4420	4419	28	-1	-1	-1	0
4462	4334	4336	5	-1	-1	-1	0
4334	4463	4335	5	-1	-1	-1	0
4338	4337	4464	0	-1	-1	-1	0
4339	4338	4465	0	-1	-1	-1	0
4343	4464	4337	0	-1	-1	-1	0
4428	4414	4302	25	-1	-1	-1	0
4298	4424	4423	28	-1	-1	-1	0
4425	4299	4422	28	-1	-1	-1	0
4466	4341	4340	0	-1	-1	-1	0
4425	4424	4299	28	-1	-1	-1	0
4421	4375	4352	35	-1	-1	-1	2.7562836541080573
4341	4467	4342	0	-1	-1	-1	0
4342	4468	4343	0	-1	-1	-1	0
4301	4427	4426	28	-1	-1	-1	0
4465	4351	4339	0	-1	-1	-1	0
4441	4311	4406	36	-1	-1	-1	-2.7562836541080569
4302	4429	4428	25	-1	-1	-1	0
4426	4431	4303	25	-1	-1	-1	0
4305	4423	4433	28	-1	-1	-1	0
4429	4303	4430	25	-1	-1	-1	0
4304	4432	4427	28	-1	-1	-1	0
4470	4349	4344	25	-1	-1	-1	0
4303	4431	4430	25	-1	-1	-1	0
4470	4344	4351	0	-1	-1	-1	0
4350	4471	4347	28	-1	-1	-1	0
4432	4305	4433	28	-1	-1	-1	0
4349	4472	4350	25	-1	-1	-1	0
4457	4329	4387	0	-1	-1	-1	0
4434	4435	4306	28	-1	-1	-1	0
4307	4437	4434	28	-1	-1	-1	0
4307	4436	4437	28	-1	-1	-1	0
4451	4406	4324	36	-1	-1	-1	-2.7562836541080569
4405	4391	4389	0	-1	-1	-1	0
4356	4474	4355	25	-1	-1	-1	0
4310	4440	4436	36	-1	-1	-1	-2.7562836541080569
4309	4439	4438	36	-1	-1	-1	-2.7562836541080569
4440	4310	4438	36	-1	-1	-1	-2.7562836541080569
4476	4356	4357	25	-1	-1	-1	0
4312	4435	4442	30	-1	-1	-1	0
4409	4390	4391	25	-1	-1	-1	0
4311	4441	4439	36	-1	-1	-1	-2.7562836541080569
4358	4479	4357	25	-1	-1	-1	0
4395	4390	4409	25	-1	-1	-1	0
4393	4394	4408	25	-1	-1	-1	0
4480	4358	4359	25	-1	-1	-1	0
4368	4355	4475	25	-1	-1	-1	0
4360	4480	4359	25	-1	-1	-1	0
4444	4314	4442	30	-1	-1	-1	0
4443	4314	4444	37	-1	-1	-1	-2.7562836541080591
4446	4316	4443	37	-1	-1	-1	-2.7562836541080591
4404	4400	4401	25	-1	-1	-1	0
4483	4362	4361	42	-1	-1	-1	2.7562836541080564
4446	4445	4316	37	-1	-1	-1	-2.7562836541080591
4405	4411	4391	25	-1	-1	-1	0
4366	4368	4475	42	-1	-1	-1	2.7562836541080564
4445	4447	4318	37	-1	-1	-1	-2.7562836541080591
4364	4362	4484	42	-1	-1	-1	2.7562836541080564
4367	4483	4361	42	-1	-1	-1	2.7562836541080564
4391	4411	4409	25	-1	-1	-1	0
4371	4481	4360	25	-1	-1	-1	0
4410	4401	4402	28	-1	-1	-1	0
4448	4319	4447	37	-1	-1	-1	-2.7562836541080591
4401	4411	4404	25	-1	-1	-1	0
4486	4365	4366	42	-1	-1	-1	2.7562836541080564
4367	4365	4486	42	-1	-1	-1	2.7562836541080564
4407	4410	4402	28	-1	-1	-1	0
4411	4405	4404	25	-1	-1	-1	0
4450	4449	4322	25	-1	-1	-1	0
4410	4411	4401	28	-1	-1	-1	0
4449	4451	4323	25	-1	-1	-1	0
4452	4325	4448	25	-1	-1	-1	0
4325	4452	4450	25	-1	-1	-1	0
4372	4488	4371	25	-1	-1	-1	0
4326	4454	4453	0	-1	-1	-1	0
4385	4364	4485	34	-1	-1	-1	0
4372	4373	4489	35	-1	-1	-1	2.7562836541080573
4454	4327	4455	0	-1	-1	-1	0
4374	4490	4373	35	-1	-1	-1	2.7562836541080573
4328	4456	4455	0	-1	-1	-1	0
4471	4422	4347	28	-1	-1	-1	0
4377	4490	4374	35	-1	-1	-1	2.7562836541080573
4457	4456	4329	0	-1	-1	-1	0
4491	4377	4378	35	-1	-1	-1	2.7562836541080573
4332	4459	4460	0	-1	-1	-1	0
4336	4453	4462	5	-1	-1	-1	0
4333	4461	4458	0	-1	-1	-1	0
4378	4382	4492	35	-1	-1	-1	2.7562836541080573
4379	4380	4494	35	-1	-1	-1	2.7562836541080573
4333	4460	4461	0	-1	-1	-1	0
4382	4379	4494	35	-1	-1	-1	2.7562836541080573
4380	4381	4495	35	-1	-1	-1	2.7562836541080573
4463	4459	4335	5	-1	-1	-1	0
4463	4334	4462	5	-1	-1	-1	0
4383	4497	4381	28	-1	-1	-1	0
4466	4340	4458	0	-1	-1	-1	0
4497	4383	4386	28	-1	-1	-1	0
4464	4465	4338	0	-1	-1	-1	0
4500	4384	4385	34	-1	-1	-1	0
4499	4386	4384	28	-1	-1	-1	0
4341	4466	4467	0	-1	-1	-1	0
4464	4343	4469	0	-1	-1	-1	0
4468	4342	4467	0	-1	-1	-1	0
4388	4504	4387	7	-1	-1	-1	0
4468	4469	4343	0	-1	-1	-1	0
4351	4465	4470	0	-1	-1	-1	0
4505	4388	4396	7	-1	-1	-1	0
4393	4506	4392	0	-1	-1	-1	0
4349	4470	4472	25	-1	-1	-1	0
4473	4471	4350	28	-1	-1	-1	0
4350	4472	4473	25	-1	-1	-1	0
4398	4392	4507	0	-1	-1	-1	0
4396	4397	4508	7	-1	-1	-1	0
4398	4509	4397	0	-1	-1	-1	0
4474	4475	4355	25	-1	-1	-1	0
4474	4356	4477	25	-1	-1	-1	0
4408	4506	4393	25	-1	-1	-1	0
4476	4477	4356	25	-1	-1	-1	0
4476	4357	4478	25	-1	-1	-1	0
4479	4478	4357	25	-1	-1	-1	0
4480	4479	4358	25	-1	-1	-1	0
4471	4425	4422	28	-1	-1	-1	0
4432	4461	4427	25	-1	-1	-1	0
4360	4482	4480	25	-1	-1	-1	0
4481	4482	4360	25	-1	-1	-1	0
4433	4458	4432	25	-1	-1	-1	0
4475	4486	4366	42	-1	-1	-1	2.7562836541080564
4484	4362	4483	42	-1	-1	-1	2.7562836541080564
4506	4408	4418	25	-1	-1	-1	0
4364	4484	4485	34	-1	-1	-1	0
4511	4412	4413	28	-1	-1	-1	0
4487	4483	4367	42	-1	-1	-1	2.7562836541080564
4445	4446	4447	37	-1	-1	-1	-2.7562836541080591
4413	4415	4511	28	-1	-1	-1	0
4371	4488	4481	25	-1	-1	-1	0
4487	4367	4486	42	-1	-1	-1	2.7562836541080564
4513	4415	4414	25	-1	-1	-1	0
4420	4412	4511	28	-1	-1	-1	0
4457	4387	4504	0	-1	-1	-1	0
4489	4488	4372	35	-1	-1	-1	2.7562836541080573
4417	4416	4517	25	-1	-1	-1	0
4461	4432	4458	25	-1	-1	-1	0
4516	4416	4419	25	-1	-1	-1	0
4490	4489	4373	35	-1	-1	-1	2.7562836541080573
4417	4519	4418	25	-1	-1	-1	0
4414	4428	4512	25	-1	-1	-1	0
4510	4441	4406	36	-1	-1	-1	-2.7562836541080569
4433	4466	4458	25	-1	-1	-1	0
4491	4490	4377	35	-1	-1	-1	2.7562836541080573
4520	4419	4420	25	-1	-1	-1	0
4493	4491	4378	35	-1	-1	-1	2.7562836541080573
4493	4378	4492	35	-1	-1	-1	2.7562836541080573
4451	4510	4406	36	-1	-1	-1	-2.7562836541080569
4522	4423	4424	28	-1	-1	-1	0
4471	4473	4425	28	-1	-1	-1	0
4385	4485	4500	34	-1	-1	-1	0
4494	4380	4496	35	-1	-1	-1	2.7562836541080573
4496	4380	4495	35	-1	-1	-1	2.7562836541080573
4492	4382	4498	35	-1	-1	-1	2.7562836541080573
4424	4425	4523	28	-1	-1	-1	0
4495	4381	4497	35	-1	-1	-1	2.7562836541080573
4382	4494	4498	35	-1	-1	-1	2.7562836541080573
4522	4433	4423	28	-1	-1	-1	0
4526	4426	4427	25	-1	-1	-1	0
4431	4426	4526	25	-1	-1	-1	0
4501	4499	4384	28	-1	-1	-1	0
4528	4428	4429	0	-1	-1	-1	0
4500	4501	4384	34	-1	-1	-1	0
4497	4386	4503	28	-1	-1	-1	0
4499	4502	4386	28	-1	-1	-1	0
4429	4430	4529	0	-1	-1	-1	0
4530	4430	4431	0	-1	-1	-1	0
4502	4503	4386	28	-1	-1	-1	0
4504	4388	4505	7	-1	-1	-1	0
4434	4532	4435	28	-1	-1	-1	0
4532	4434	4437	28	-1	-1	-1	0
4392	4506	4507	0	-1	-1	-1	0
4436	4534	4437	28	-1	-1	-1	0
4396	4508	4505	7	-1	-1	-1	0
4436	4440	4534	36	-1	-1	-1	-2.7562836541080569
4435	4533	4442	30	-1	-1	-1	0
4535	4438	4439	36	-1	-1	-1	-2.7562836541080569
4535	4440	4438	36	-1	-1	-1	-2.7562836541080569
4509	4508	4397	7	-1	-1	-1	0
4398	4507	4509	0	-1	-1	-1	0
4427	4461	4526	25	-1	-1	-1	0
4441	4536	4439	36	-1	-1	-1	-2.7562836541080569
4466	4433	4522	25	-1	-1	-1	0
4425	4473	4525	28	-1	-1	-1	0
4442	4540	4444	30	-1	-1	-1	0
4444	4541	4443	37	-1	-1	-1	-2.7562836541080591
4446	4443	4541	37	-1	-1	-1	-2.7562836541080591
4543	4447	4446	37	-1	-1	-1	-2.7562836541080591
4448	4447	4543	37	-1	-1	-1	-2.7562836541080591
4414	4512	4513	25	-1	-1	-1	0
4415	4515	4511	25	-1	-1	-1	0
4514	4415	4513	25	-1	-1	-1	0
4506	4418	4519	25	-1	-1	-1	0
4515	4415	4514	25	-1	-1	-1	0
4544	4452	4448	25	-1	-1	-1	0
4545	4449	4450	25	-1	-1	-1	0
4449	4546	4451	25	-1	-1	-1	0
4526	4461	4460	0	-1	-1	-1	0
4416	4516	4517	25	-1	-1	-1	0
4547	4450	4452	25	-1	-1	-1	0
4521	4420	4511	25	-1	-1	-1	0
4417	4517	4518	25	-1	-1	-1	0
4519	4417	4518	25	-1	-1	-1	0
4467	4466	4522	25	-1	-1	-1	0
4419	4520	4516	25	-1	-1	-1	0
4453	4454	4550	0	-1	-1	-1	0
4455	4552	4454	0	-1	-1	-1	0
4420	4521	4520	25	-1	-1	-1	0
4455	4456	4554	0	-1	-1	-1	0
4551	4462	4453	5	-1	-1	-1	0
4554	4456	4457	0	-1	-1	-1	0
4512	4428	4527	0	-1	-1	-1	0
4424	4524	4522	28	-1	-1	-1	0
4524	4424	4523	28	-1	-1	-1	0
4525	4523	4425	28	-1	-1	-1	0
4556	4460	4459	0	-1	-1	-1	0
4556	4459	4463	5	-1	-1	-1	0
4557	4463	4462	5	-1	-1	-1	0
4527	4428	4528	0	-1	-1	-1	0
4528	4429	4529	0	-1	-1	-1	0
4465	4464	4558	0	-1	-1	-1	0
4431	4526	4531	25	-1	-1	-1	0
4496	4498	4494	35	-1	-1	-1	2.7562836541080573
4430	4530	4529	0	-1	-1	-1	0
4441	4510	4539	36	-1	-1	-1	-2.7562836541080569
4558	4464	4469	0	-1	-1	-1	0
4530	4431	4531	25	-1	-1	-1	0
4558	4470	4465	0	-1	-1	-1	0
4468	4467	4559	25	-1	-1	-1	0
4469	4468	4560	25	-1	-1	-1	0
4558	4472	4470	25	-1	-1	-1	0
4532	4533	4435	28	-1	-1	-1	0
4561	4473	4472	25	-1	-1	-1	0
4532	4437	4534	28	-1	-1	-1	0
4439	4536	4535	36	-1	-1	-1	-2.7562836541080569
4451	4549	4510	36	-1	-1	-1	-2.7562836541080569
4562	4475	4474	25	-1	-1	-1	0
4534	4440	4538	36	-1	-1	-1	-2.7562836541080569
4440	4535	4537	36	-1	-1	-1	-2.7562836541080569
4477	4563	4474	25	-1	-1	-1	0
4538	4440	4537	36	-1	-1	-1	-2.7562836541080569
4442	4533	4540	30	-1	-1	-1	0
4536	4441	4539	36	-1	-1	-1	-2.7562836541080569
4555	4457	4504	0	-1	-1	-1	0
4476	4566	4477	25	-1	-1	-1	0
4566	4476	4478	25	-1	-1	-1	0
4479	4568	4478	25	-1	-1	-1	0
4564	4486	4475	42	-1	-1	-1	2.7562836541080564
4542	4444	4540	30	-1	-1	-1	0
4542	4541	4444	37	-1	-1	-1	-2.7562836541080591
4479	4480	4570	25	-1	-1	-1	0
4541	4543	4446	37	-1	-1	-1	-2.7562836541080591
4454	4528	4550	0	-1	-1	-1	0
4506	4519	4507	0	-1	-1	-1	0
4570	4480	4482	25	-1	-1	-1	0
4571	4482	4481	25	-1	-1	-1	0
4454	4553	4528	0	-1	-1	-1	0
4448	4543	4544	37	-1	-1	-1	-2.7562836541080591
4564	4487	4486	42	-1	-1	-1	2.7562836541080564
4488	4571	4481	25	-1	-1	-1	0
4545	4546	4449	25	-1	-1	-1	0
4484	4483	4573	42	-1	-1	-1	2.7562836541080564
4526	4460	4556	0	-1	-1	-1	0
4483	4487	4573	42	-1	-1	-1	2.7562836541080564
4544	4547	4452	25	-1	-1	-1	0
4450	4548	4545	25	-1	-1	-1	0
4575	4485	4484	34	-1	-1	-1	0
4450	4547	4548	25	-1	-1	-1	0
4549	4451	4546	36	-1	-1	-1	-2.7562836541080569
4511	4515	4521	25	-1	-1	-1	0
4559	4467	4522	25	-1	-1	-1	0
4531	4556	4463	5	-1	-1	-1	0
4531	4463	4557	5	-1	-1	-1	0
4488	4489	4577	35	-1	-1	-1	2.7562836541080573
4550	4551	4453	0	-1	-1	-1	0
4489	4490	4578	35	-1	-1	-1	2.7562836541080573
4454	4552	4553	0	-1	-1	-1	0
4490	4491	4578	35	-1	-1	-1	2.7562836541080573
4525	4473	4561	25	-1	-1	-1	0
4575	4500	4485	34	-1	-1	-1	0
4455	4554	4552	0	-1	-1	-1	0
4493	4579	4491	35	-1	-1	-1	2.7562836541080573
4493	4492	4580	35	-1	-1	-1	2.7562836541080573
4554	4457	4555	0	-1	-1	-1	0
4557	4462	4551	5	-1	-1	-1	0
4580	4492	4498	35	-1	-1	-1	2.7562836541080573
4524	4523	4525	28	-1	-1	-1	0
4582	4496	4495	35	-1	-1	-1	2.7562836541080573
4498	4496	4580	35	-1	-1	-1	2.7562836541080573
4582	4495	4497	35	-1	-1	-1	2.7562836541080573
4500	4575	4501	34	-1	-1	-1	0
4584	4497	4503	35	-1	-1	-1	2.7562836541080573
4499	4501	4585	28	-1	-1	-1	0
4499	4585	4502	28	-1	-1	-1	0
4468	4559	4560	25	-1	-1	-1	0
4561	4558	4469	25	-1	-1	-1	0
4560	4561	4469	25	-1	-1	-1	0
4561	4472	4558	25	-1	-1	-1	0
4502	4587	4503	28	-1	-1	-1	0
4504	4505	4588	7	-1	-1	-1	0
4562	4474	4563	25	-1	-1	-1	0
4508	4589	4505	7	-1	-1	-1	0
4475	4562	4565	25	-1	-1	-1	0
4475	4565	4564	42	-1	-1	-1	2.7562836541080564
4559	4522	4524	25	-1	-1	-1	0
4507	4590	4509	0	-1	-1	-1	0
4509	4590	4508	7	-1	-1	-1	0
4563	4477	4567	25	-1	-1	-1	0
4528	4529	4551	0	-1	-1	-1	0
4527	4528	4553	0	-1	-1	-1	0
4525	4560	4524	25	-1	-1	-1	0
4529	4530	4551	0	-1	-1	-1	0
4567	4477	4566	25	-1	-1	-1	0
4478	4568	4566	25	-1	-1	-1	0
4526	4556	4531	25	-1	-1	-1	0
4519	4590	4507	0	-1	-1	-1	0
4568	4479	4569	25	-1	-1	-1	0
4479	4570	4569	25	-1	-1	-1	0
4593	4513	4512	0	-1	-1	-1	0
4530	4531	4557	5	-1	-1	-1	0
4514	4513	4594	0	-1	-1	-1	0
4595	4515	4514	0	-1	-1	-1	0
4570	4482	4572	25	-1	-1	-1	0
4571	4572	4482	25	-1	-1	-1	0
4517	4591	4518	25	-1	-1	-1	0
4590	4519	4518	0	-1	-1	-1	0
4564	4576	4487	42	-1	-1	-1	2.7562836541080564
4541	4544	4543	37	-1	-1	-1	-2.7562836541080591
4528	4551	4550	0	-1	-1	-1	0
4517	4516	4597	0	-1	-1	-1	0
4484	4573	4574	42	-1	-1	-1	2.7562836541080564
4521	4515	4596	0	-1	-1	-1	0
4512	4527	4593	0	-1	-1	-1	0
4484	4574	4575	34	-1	-1	-1	0
4598	4516	4520	0	-1	-1	-1	0
4577	4571	4488	35	-1	-1	-1	2.7562836541080573
4576	4573	4487	42	-1	-1	-1	2.7562836541080564
4551	4530	4557	5	-1	-1	-1	0
4510	4592	4539	36	-1	-1	-1	-2.7562836541080569
4521	4600	4520	0	-1	-1	-1	0
4560	4559	4524	25	-1	-1	-1	0
4578	4577	4489	35	-1	-1	-1	2.7562836541080573
4560	4525	4561	25	-1	-1	-1	0
4588	4555	4504	0	-1	-1	-1	0
4579	4578	4491	35	-1	-1	-1	2.7562836541080573
4549	4592	4510	36	-1	-1	-1	-2.7562836541080569
4579	4493	4581	35	-1	-1	-1	2.7562836541080573
4581	4493	4580	35	-1	-1	-1	2.7562836541080573
4496	4583	4580	35	-1	-1	-1	2.7562836541080573
4582	4583	4496	35	-1	-1	-1	2.7562836541080573
4575	4586	4501	34	-1	-1	-1	0
4582	4497	4584	35	-1	-1	-1	2.7562836541080573
4601	4533	4532	28	-1	-1	-1	0
4534	4602	4532	28	-1	-1	-1	0
4501	4586	4585	28	-1	-1	-1	0
4553	4593	4527	0	-1	-1	-1	0
4587	4584	4503	35	-1	-1	-1	2.7562836541080573
4587	4502	4585	28	-1	-1	-1	0
4534	4538	4604	36	-1	-1	-1	-2.7562836541080569
4605	4535	4536	36	-1	-1	-1	-2.7562836541080569
4533	4603	4540	30	-1	-1	-1	0
4537	4535	4605	36	-1	-1	-1	-2.7562836541080569
4536	4539	4605	36	-1	-1	-1	-2.7562836541080569
4538	4537	4606	36	-1	-1	-1	-2.7562836541080569
4589	4588	4505	7	-1	-1	-1	0
4589	4508	4591	7	-1	-1	-1	0
4508	4590	4591	7	-1	-1	-1	0
4540	4608	4542	30	-1	-1	-1	0
4609	4541	4542	37	-1	-1	-1	-2.7562836541080591
4541	4609	4544	37	-1	-1	-1	-2.7562836541080591
4552	4594	4553	0	-1	-1	-1	0
4590	4518	4591	25	-1	-1	-1	0
4513	4593	4594	0	-1	-1	-1	0
4547	4544	4609	25	-1	-1	-1	0
4552	4554	4595	0	-1	-1	-1	0
4546	4545	4611	25	-1	-1	-1	0
4594	4595	4514	0	-1	-1	-1	0
4545	4548	4611	25	-1	-1	-1	0
4576	4564	4565	42	-1	-1	-1	2.7562836541080564
4595	4596	4515	0	-1	-1	-1	0
4517	4599	4591	25	-1	-1	-1	0
4546	4613	4549	36	-1	-1	-1	-2.7562836541080569
4547	4614	4548	25	-1	-1	-1	0
4598	4597	4516	0	-1	-1	-1	0
4517	4597	4599	0	-1	-1	-1	0
4600	4521	4596	0	-1	-1	-1	0
4598	4520	4600	0	-1	-1	-1	0
4574	4573	4576	42	-1	-1	-1	2.7562836541080564
4554	4555	4616	0	-1	-1	-1	0
4602	4601	4532	28	-1	-1	-1	0
4605	4539	4592	36	-1	-1	-1	-2.7562836541080569
4603	4533	4601	28	-1	-1	-1	0
4593	4553	4594	0	-1	-1	-1	0
4534	4604	4602	36	-1	-1	-1	-2.7562836541080569
4594	4552	4595	0	-1	-1	-1	0
4555	4588	4598	0	-1	-1	-1	0
4562	4563	4617	25	-1	-1	-1	0
4617	4565	4562	25	-1	-1	-1	0
4554	4596	4595	0	-1	-1	-1	0
4618	4563	4567	25	-1	-1	-1	0
4606	4537	4605	36	-1	-1	-1	-2.7562836541080569
4604	4538	4607	36	-1	-1	-1	-2.7562836541080569
4607	4538	4606	36	-1	-1	-1	-2.7562836541080569
4608	4540	4603	30	-1	-1	-1	0
4613	4592	4549	36	-1	-1	-1	-2.7562836541080569
4566	4621	4567	25	-1	-1	-1	0
4568	4620	4566	25	-1	-1	-1	0
4568	4569	4623	25	-1	-1	-1	0
4608	4610	4542	30	-1	-1	-1	0
4619	4576	4565	42	-1	-1	-1	2.7562836541080564
4610	4609	4542	37	-1	-1	-1	-2.7562836541080591
4570	4624	4569	25	-1	-1	-1	0
4616	4596	4554	0	-1	-1	-1	0
4570	4572	4624	25	-1	-1	-1	0
4571	4625	4572	35	-1	-1	-1	2.7562836541080573
4616	4555	4598	0	-1	-1	-1	0
4546	4611	4612	36	-1	-1	-1	-2.7562836541080569
4614	4547	4609	25	-1	-1	-1	0
4612	4613	4546	36	-1	-1	-1	-2.7562836541080569
4577	4625	4571	35	-1	-1	-1	2.7562836541080573
4615	4611	4548	25	-1	-1	-1	0
4574	4627	4575	34	-1	-1	-1	0
4599	4588	4589	7	-1	-1	-1	0
4614	4615	4548	25	-1	-1	-1	0
4574	4576	4628	42	-1	-1	-1	2.7562836541080564
4599	4589	4591	7	-1	-1	-1	0
4578	4625	4577	35	-1	-1	-1	2.7562836541080573
4588	4597	4598	0	-1	-1	-1	0
4599	4597	4588	0	-1	-1	-1	0
4629	4578	4579	35	-1	-1	-1	2.7562836541080573
4627	4586	4575	34	-1	-1	-1	0
4581	4630	4579	35	-1	-1	-1	2.7562836541080573
4631	4581	4580	35	-1	-1	-1	2.7562836541080573
4631	4580	4583	35	-1	-1	-1	2.7562836541080573
4582	4632	4583	35	-1	-1	-1	2.7562836541080573
4617	4563	4618	25	-1	-1	-1	0
4584	4632	4582	35	-1	-1	-1	2.7562836541080573
4565	4617	4619	25	-1	-1	-1	0
4606	4605	4592	36	-1	-1	-1	-2.7562836541080569
4587	4635	4584	35	-1	-1	-1	2.7562836541080573
4585	4586	4636	28	-1	-1	-1	0
4622	4618	4567	25	-1	-1	-1	0
4621	4566	4620	25	-1	-1	-1	0
4637	4587	4585	28	-1	-1	-1	0
4622	4567	4621	25	-1	-1	-1	0
4620	4568	4623	25	-1	-1	-1	0
4613	4606	4592	36	-1	-1	-1	-2.7562836541080569
4596	4616	4600	0	-1	-1	-1	0
4600	4616	4598	0	-1	-1	-1	0
4623	4569	4624	25	-1	-1	-1	0
4572	4626	4624	35	-1	-1	-1	2.7562836541080573
4628	4576	4619	42	-1	-1	-1	2.7562836541080564
4625	4626	4572	35	-1	-1	-1	2.7562836541080573
4606	4613	4607	36	-1	-1	-1	-2.7562836541080569
4574	4628	4627	34	-1	-1	-1	0
4625	4578	4629	35	-1	-1	-1	2.7562836541080573
4612	4607	4613	36	-1	-1	-1	-2.7562836541080569
4609	4610	4614	25	-1	-1	-1	0
4629	4579	4630	35	-1	-1	-1	2.7562836541080573
4630	4581	4631	35	-1	-1	-1	2.7562836541080573
4601	4640	4603	28	-1	-1	-1	0
4602	4641	4601	28	-1	-1	-1	0
4631	4583	4633	35	-1	-1	-1	2.7562836541080573
4602	4604	4642	36	-1	-1	-1	-2.7562836541080569
4633	4583	4632	35	-1	-1	-1	2.7562836541080573
4634	4632	4584	35	-1	-1	-1	2.7562836541080573
4638	4586	4627	34	-1	-1	-1	0
4642	4604	4607	36	-1	-1	-1	-2.7562836541080569
4634	4584	4635	35	-1	-1	-1	2.7562836541080573
4603	4643	4608	30	-1	-1	-1	0
4585	4636	4637	28	-1	-1	-1	0
4586	4638	4636	28	-1	-1	-1	0
4610	4608	4643	30	-1	-1	-1	0
4639	4635	4587	35	-1	-1	-1	2.7562836541080573
4607	4612	4642	36	-1	-1	-1	-2.7562836541080569
4639	4587	4637	35	-1	-1	-1	2.7562836541080573
4642	4612	4611	36	-1	-1	-1	-2.7562836541080569
4614	4610	4643	30	-1	-1	-1	0
4615	4642	4611	36	-1	-1	-1	-2.7562836541080569
4614	4644	4615	25	-1	-1	-1	0
4626	4625	4629	35	-1	-1	-1	2.7562836541080573
4618	4645	4617	25	-1	-1	-1	0
4617	4645	4619	25	-1	-1	-1	0
4641	4640	4601	28	-1	-1	-1	0
4630	4626	4629	35	-1	-1	-1	2.7562836541080573
4602	4642	4641	36	-1	-1	-1	-2.7562836541080569
4646	4618	4622	25	-1	-1	-1	0
4643	4603	4640	28	-1	-1	-1	0
4648	4621	4620	35	-1	-1	-1	2.7562836541080573
4649	4620	4623	35	-1	-1	-1	2.7562836541080573
4621	4650	4622	35	-1	-1	-1	2.7562836541080573
4647	4628	4619	42	-1	-1	-1	2.7562836541080564
4649	4623	4624	35	-1	-1	-1	2.7562836541080573
4641	4642	4615	36	-1	-1	-1	-2.7562836541080569
4624	4626	4649	35	-1	-1	-1	2.7562836541080573
4644	4641	4615	36	-1	-1	-1	-2.7562836541080569
4644	4614	4643	28	-1	-1	-1	0
4618	4646	4645	25	-1	-1	-1	0
4628	4654	4627	34	-1	-1	-1	0
4653	4626	4630	35	-1	-1	-1	2.7562836541080573
4645	4647	4619	25	-1	-1	-1	0
4631	4653	4630	35	-1	-1	-1	2.7562836541080573
4620	4649	4648	35	-1	-1	-1	2.7562836541080573
4631	4633	4655	35	-1	-1	-1	2.7562836541080573
4627	4654	4638	34	-1	-1	-1	0
4652	4646	4622	35	-1	-1	-1	2.7562836541080573
4621	4648	4651	35	-1	-1	-1	2.7562836541080573
4633	4632	4656	35	-1	-1	-1	2.7562836541080573
4621	4651	4650	35	-1	-1	-1	2.7562836541080573
4632	4634	4656	35	-1	-1	-1	2.7562836541080573
4652	4622	4650	35	-1	-1	-1	2.7562836541080573
4644	4640	4641	28	-1	-1	-1	0
4657	4634	4635	35	-1	-1	-1	2.7562836541080573
4640	4644	4643	28	-1	-1	-1	0
4649	4626	4653	35	-1	-1	-1	2.7562836541080573
4637	4652	4639	35	-1	-1	-1	2.7562836541080573
4647	4654	4628	34	-1	-1	-1	0
4658	4635	4639	35	-1	-1	-1	2.7562836541080573
4660	4637	4636	28	-1	-1	-1	0
4659	4636	4638	28	-1	-1	-1	0
4653	4631	4655	35	-1	-1	-1	2.7562836541080573
4656	4655	4633	35	-1	-1	-1	2.7562836541080573
4657	4656	4634	35	-1	-1	-1	2.7562836541080573
4658	4639	4652	35	-1	-1	-1	2.7562836541080573
4660	4652	4637	35	-1	-1	-1	2.7562836541080573
4658	4657	4635	35	-1	-1	-1	2.7562836541080573
4655	4648	4649	35	-1	-1	-1	2.7562836541080573
4645	4646	4662	25	-1	-1	-1	0
4661	4638	4654	34	-1	-1	-1	0
4647	4645	4661	34	-1	-1	-1	0
4636	4659	4660	28	-1	-1	-1	0
4649	4653	4655	35	-1	-1	-1	2.7562836541080573
4646	4652	4660	35	-1	-1	-1	2.7562836541080573
4638	4661	4659	28	-1	-1	-1	0
4650	4651	4658	35	-1	-1	-1	2.7562836541080573
4652	4650	4658	35	-1	-1	-1	2.7562836541080573
4651	4648	4663	35	-1	-1	-1	2.7562836541080573
4654	4647	4661	34	-1	-1	-1	0
4657	4658	4651	35	-1	-1	-1	2.7562836541080573
4655	4663	4648	35	-1	-1	-1	2.7562836541080573
4662	4646	4660	35	-1	-1	-1	2.7562836541080573
4645	4662	4661	28	-1	-1	-1	0
4657	4651	4663	35	-1	-1	-1	2.7562836541080573
4663	4655	4656	35	-1	-1	-1	2.7562836541080573
4663	4656	4657	35	-1	-1	-1	2.7562836541080573
4659	4662	4660	28	-1	-1	-1	0
4662	4659	4661	28	-1	-1	-1	0
43
1	0
1	0
1	-0
1	0
1	-0
1	0
1	-0
1	0
1	-0
1	-3.295380109164932
1	3.2953801091649386
1	-3.2953801091649284
1	3.2953801091649293
1	-3.2953801091649084
1	3.295380109164936
1	-3.2953801091649382
1	3.29538010916494
1	-3.2953801091649271
1	3.2953801091649231
1	-3.2953801091649226
1	3.2953801091649431
1	-3.2953801091649435
1	3.2953801091649413
1	-3.2953801091649044
1	3.2953801091649071
1	0
1	0
1	0
1	0
1	0
1	0
1	0
1	0
1	0
1	0
1	2.7562836541080573
1	-2.7562836541080569
1	-2.7562836541080591
1	2.7562836541080555
1	2.7562836541080586
1	-2.7562836541080595
1	-2.75628365410806
1	2.7562836541080564
0
0
